"1002","1002","+442039960205","default","2026-01-08 13:25:14","","2026-01-08 13:25:25","11","0","CALL_REJECTED","e2a66521-3375-48e6-be27-84add38901a5","","1002","",""
"1002","1002","+442039960205","default","2026-01-08 13:25:14","","2026-01-08 13:25:25","11","0","CALL_REJECTED","144866a3-f8f1-4334-9cb8-a134f0ceb81a","","1002","",""
"1002","1002","+442039960205","default","2026-01-08 13:25:14","","2026-01-08 13:25:25","11","0","CALL_REJECTED","075ead76-9821-46eb-8e5d-3d85f15dff22","","1002","",""
"1002","1002","+442039960205","default","2026-01-08 13:25:14","","2026-01-08 13:25:25","11","0","CALL_REJECTED","58e1cc20-86de-4f9b-ac89-6854f8f21f2c","","1002","",""
"1002","1002","+442039960205","default","2026-01-08 13:25:14","","2026-01-08 13:25:25","11","0","CALL_REJECTED","56100ab0-b9f9-4a87-9b9d-f516d0342a1a","","1002","",""
"1002","1002","+421552302622","default","2026-01-08 13:26:31","","2026-01-08 13:26:43","12","0","CALL_REJECTED","51f23076-e7fb-4926-869c-462f71f1a6e0","","1002","",""
"1002","1002","+421552302622","default","2026-01-08 13:26:31","","2026-01-08 13:26:43","12","0","CALL_REJECTED","dec1378d-3786-4631-8f72-94d3243f4d3a","","1002","",""
"1002","1002","+421552302622","default","2026-01-08 13:26:31","","2026-01-08 13:26:43","12","0","CALL_REJECTED","11fb51b0-3a10-4540-b990-301be767994c","","1002","",""
"1002","1002","+972567301988","default","2026-01-08 13:26:31","","2026-01-08 13:26:43","12","0","CALL_REJECTED","d1c71894-dc52-4c68-9830-e70a5fcd58a8","","1002","",""
"1002","1002","+972567301988","default","2026-01-08 13:26:31","","2026-01-08 13:26:43","12","0","CALL_REJECTED","7703d3a5-44d2-426e-9e42-0d1824629e1b","","1002","",""
"1002","1002","+972567301988","default","2026-01-08 13:26:31","","2026-01-08 13:26:43","12","0","CALL_REJECTED","27688059-6467-4cd9-87e7-d24844a023f6","","1002","",""
"1002","1002","+972567301988","default","2026-01-08 13:26:31","","2026-01-08 13:26:43","12","0","CALL_REJECTED","b9603521-391b-40d5-8be5-7d3bddf4bc89","","1002","",""
"1002","1002","+972567301988","default","2026-01-08 13:26:31","","2026-01-08 13:26:43","12","0","CALL_REJECTED","78e99b13-d79a-4c21-b52c-b887f052f810","","1002","",""
"1002","1002","+421552302622","default","2026-01-08 13:26:31","","2026-01-08 13:26:43","12","0","CALL_REJECTED","9440d682-10e4-496c-b455-b6fcaaeb4dc5","","1002","",""
"1002","1002","+421552302622","default","2026-01-08 13:26:31","","2026-01-08 13:26:43","12","0","CALL_REJECTED","e06bf369-d74a-4404-97c7-a4d59a450a4e","","1002","",""
"1002","1002","+0421552302622","default","2026-01-08 13:26:53","","2026-01-08 13:27:07","14","0","UNALLOCATED_NUMBER","cf7c83e4-c61a-4ee9-b3f7-aff6b59d1bc3","","1002","",""
"1002","1002","+0972567301988","default","2026-01-08 13:26:53","","2026-01-08 13:27:07","14","0","UNALLOCATED_NUMBER","8893658c-1114-4208-8219-1f12e3d37165","","1002","",""
"1002","1002","+0421552302622","default","2026-01-08 13:26:53","","2026-01-08 13:27:08","15","0","UNALLOCATED_NUMBER","e6489bf5-59e5-4549-a616-e6908d8160be","","1002","",""
"1002","1002","+0421552302622","default","2026-01-08 13:26:53","","2026-01-08 13:27:08","15","0","UNALLOCATED_NUMBER","c4284f86-3688-4a87-b702-aef162207cdf","","1002","",""
"1002","1002","+0421552302622","default","2026-01-08 13:26:53","","2026-01-08 13:27:08","15","0","UNALLOCATED_NUMBER","8cf7c416-2d59-4c24-9e89-b492450beeb6","","1002","",""
"1002","1002","+0972567301988","default","2026-01-08 13:26:53","","2026-01-08 13:27:08","15","0","UNALLOCATED_NUMBER","e927d2ae-b636-451c-8221-22eafacece22","","1002","",""
"1002","1002","+0421552302622","default","2026-01-08 13:26:53","","2026-01-08 13:27:08","15","0","UNALLOCATED_NUMBER","a5cdcd20-e77e-4192-8aee-5be362caf631","","1002","",""
"1002","1002","+0972567301988","default","2026-01-08 13:26:53","","2026-01-08 13:27:08","15","0","UNALLOCATED_NUMBER","a37f8b29-9ed0-41a3-8463-cec800f28556","","1002","",""
"1002","1002","+0972567301988","default","2026-01-08 13:26:53","","2026-01-08 13:27:08","15","0","UNALLOCATED_NUMBER","8ebc9abe-3ccd-40f0-9737-056537896f1a","","1002","",""
"1002","1002","+0972567301988","default","2026-01-08 13:26:53","","2026-01-08 13:27:08","15","0","UNALLOCATED_NUMBER","0a7bc339-3653-436c-991e-a84733f995ff","","1002","",""
"1002","1002","0+421552302622","default","2026-01-08 13:27:15","","2026-01-08 13:27:28","13","0","NORMAL_CLEARING","0732bf78-8b20-4fca-96e2-351c55b1e622","","1002","",""
"1002","1002","0+421552302622","default","2026-01-08 13:27:15","","2026-01-08 13:27:28","13","0","NORMAL_CLEARING","b7015a33-8660-483b-9dd7-223e87d929d6","","1002","",""
"1002","1002","0+972567301988","default","2026-01-08 13:27:15","","2026-01-08 13:27:28","13","0","NORMAL_CLEARING","833dbfcf-43eb-49d6-a743-f2671a7232d9","","1002","",""
"1002","1002","0+421552302622","default","2026-01-08 13:27:15","","2026-01-08 13:27:28","13","0","NORMAL_CLEARING","20a66536-828c-451a-b4ef-c97739633e25","","1002","",""
"1002","1002","0+972567301988","default","2026-01-08 13:27:15","","2026-01-08 13:27:28","13","0","NORMAL_CLEARING","f6e206f4-69b2-419d-bb6b-74a4c3a0ba6a","","1002","",""
"1002","1002","0+421552302622","default","2026-01-08 13:27:15","","2026-01-08 13:27:28","13","0","NORMAL_CLEARING","097a7c46-1ecc-4d97-9ffc-66f88a4885b2","","1002","",""
"1002","1002","0+421552302622","default","2026-01-08 13:27:15","","2026-01-08 13:27:28","13","0","NORMAL_CLEARING","65c048ca-4e81-4f6c-b4e6-c9b7108a3db9","","1002","",""
"1002","1002","0+972567301988","default","2026-01-08 13:27:15","","2026-01-08 13:27:28","13","0","NORMAL_CLEARING","6a08ef43-933d-4a90-90e8-1b9df544947d","","1002","",""
"1002","1002","0+972567301988","default","2026-01-08 13:27:15","","2026-01-08 13:27:28","13","0","NORMAL_CLEARING","fcce8a34-6479-4ec3-a7d7-b389348c8460","","1002","",""
"1002","1002","0+972567301988","default","2026-01-08 13:27:15","","2026-01-08 13:27:28","13","0","NORMAL_CLEARING","b9304c30-3b11-411d-bd53-2b2baffb70d5","","1002","",""
"1002","1002","+00972567301988","default","2026-01-08 13:27:37","","2026-01-08 13:27:49","12","0","UNALLOCATED_NUMBER","891e597a-3ff0-44b7-99d7-bd941fc6c09c","","1002","",""
"1002","1002","+00972567301988","default","2026-01-08 13:27:37","","2026-01-08 13:27:49","12","0","UNALLOCATED_NUMBER","8e31709c-27e9-4390-ae08-3ce40260e9a8","","1002","",""
"1002","1002","+00421552302622","default","2026-01-08 13:27:37","","2026-01-08 13:27:49","12","0","UNALLOCATED_NUMBER","68bbe22e-a5cc-4986-bd05-f8c7f26fbc3e","","1002","",""
"1002","1002","+00421552302622","default","2026-01-08 13:27:37","","2026-01-08 13:27:49","12","0","UNALLOCATED_NUMBER","33acd065-9ce1-4aa1-9035-a20603b3de95","","1002","",""
"1002","1002","+00421552302622","default","2026-01-08 13:27:37","","2026-01-08 13:27:49","12","0","UNALLOCATED_NUMBER","887296d6-e364-4c0c-9e48-6b935923151f","","1002","",""
"1002","1002","+00972567301988","default","2026-01-08 13:27:37","","2026-01-08 13:27:49","12","0","UNALLOCATED_NUMBER","1330f4f2-8447-41f8-8088-dd175115ef0b","","1002","",""
"1002","1002","+00972567301988","default","2026-01-08 13:27:38","","2026-01-08 13:27:49","11","0","UNALLOCATED_NUMBER","506c04fe-30c5-49d1-bf8a-9d435aa3dba8","","1002","",""
"1002","1002","+00421552302622","default","2026-01-08 13:27:38","","2026-01-08 13:27:49","11","0","UNALLOCATED_NUMBER","a289b363-7a28-44e5-8fbc-d4847457eab4","","1002","",""
"1002","1002","+00421552302622","default","2026-01-08 13:27:38","","2026-01-08 13:27:49","11","0","UNALLOCATED_NUMBER","79003ca7-404d-4bc2-957e-80f8db620b8f","","1002","",""
"1002","1002","+00972567301988","default","2026-01-08 13:27:38","","2026-01-08 13:27:49","11","0","UNALLOCATED_NUMBER","8539da16-23f3-4d63-8f04-438e8044b8a6","","1002","",""
"1002","1002","972567301988","default","2026-01-08 13:27:59","","2026-01-08 13:28:12","13","0","CALL_REJECTED","2f6bbb12-94fa-4dea-8da2-7a59d5a8c41e","","1002","",""
"1002","1002","972567301988","default","2026-01-08 13:27:59","","2026-01-08 13:28:12","13","0","CALL_REJECTED","0c76cf31-70d8-4b08-9150-928035d46bb9","","1002","",""
"1002","1002","421552302622","default","2026-01-08 13:27:59","","2026-01-08 13:28:12","13","0","CALL_REJECTED","c93ba30e-dc29-43e5-8eae-d69036239731","","1002","",""
"1002","1002","972567301988","default","2026-01-08 13:27:59","","2026-01-08 13:28:12","13","0","CALL_REJECTED","6ee6a665-79f9-4bbc-b50b-ba1cc403cde7","","1002","",""
"1002","1002","421552302622","default","2026-01-08 13:27:59","","2026-01-08 13:28:12","13","0","CALL_REJECTED","0cdb63d2-3216-4818-9b56-83e6cdbcb23b","","1002","",""
"1002","1002","421552302622","default","2026-01-08 13:27:59","","2026-01-08 13:28:12","13","0","CALL_REJECTED","4c9af67e-c882-4a38-ae76-8b80acbc148e","","1002","",""
"1002","1002","421552302622","default","2026-01-08 13:28:00","","2026-01-08 13:28:12","12","0","CALL_REJECTED","66b0352c-7936-4675-8f56-43a53505cd84","","1002","",""
"1002","1002","972567301988","default","2026-01-08 13:28:00","","2026-01-08 13:28:12","12","0","CALL_REJECTED","c64688f6-023d-48c0-bb12-9771c806f2bd","","1002","",""
"1002","1002","421552302622","default","2026-01-08 13:28:00","","2026-01-08 13:28:12","12","0","CALL_REJECTED","1499e8e0-7546-4ca8-81a1-25b265856cf3","","1002","",""
"1002","1002","972567301988","default","2026-01-08 13:28:00","","2026-01-08 13:28:12","12","0","CALL_REJECTED","a852f1e8-b56b-48fa-85b3-cf5a4ddfbe28","","1002","",""
"1002","1002","*421552302622","default","2026-01-08 13:28:21","","2026-01-08 13:28:33","12","0","NORMAL_CLEARING","c4494219-5055-462e-9eaf-09338ec1ce5a","","1002","",""
"1002","1002","*421552302622","default","2026-01-08 13:28:22","","2026-01-08 13:28:33","11","0","NORMAL_CLEARING","273534e9-5922-42c2-a335-c4f91562d62c","","1002","",""
"1002","1002","*972567301988","default","2026-01-08 13:28:22","","2026-01-08 13:28:33","11","0","NORMAL_CLEARING","f879299d-9b38-4824-98ad-2d6be5cfd937","","1002","",""
"1002","1002","*972567301988","default","2026-01-08 13:28:22","","2026-01-08 13:28:33","11","0","NORMAL_CLEARING","d3c3d6fb-0494-44b3-9059-ce2de325a421","","1002","",""
"1002","1002","*972567301988","default","2026-01-08 13:28:21","","2026-01-08 13:28:33","12","0","NORMAL_CLEARING","78a7b263-5e1d-4799-a782-16e1c04edc8a","","1002","",""
"1002","1002","*421552302622","default","2026-01-08 13:28:22","","2026-01-08 13:28:33","11","0","NORMAL_CLEARING","3e04a568-8c60-4b87-9b88-38c6687470e2","","1002","",""
"1002","1002","*972567301988","default","2026-01-08 13:28:22","","2026-01-08 13:28:33","11","0","NORMAL_CLEARING","d850a2a1-5b75-4529-b857-a57b7827f18b","","1002","",""
"1002","1002","*421552302622","default","2026-01-08 13:28:22","","2026-01-08 13:28:33","11","0","NORMAL_CLEARING","07b718ef-77c9-4545-a978-104138615add","","1002","",""
"1002","1002","*421552302622","default","2026-01-08 13:28:22","","2026-01-08 13:28:33","11","0","NORMAL_CLEARING","10247fb0-b431-4ac7-8b05-e1473113f437","","1002","",""
"1002","1002","*972567301988","default","2026-01-08 13:28:22","","2026-01-08 13:28:34","12","0","NORMAL_CLEARING","4ab00dd3-998a-40aa-afb2-a7c93f89454f","","1002","",""
"1002","1002","/972567301988","default","2026-01-08 13:28:42","","2026-01-08 13:28:53","11","0","NORMAL_CLEARING","7c9721ec-6e72-4004-9655-b5e7c052bc22","","1002","",""
"1002","1002","/421552302622","default","2026-01-08 13:28:42","","2026-01-08 13:28:53","11","0","NORMAL_CLEARING","d420d767-a20f-4d78-a4cd-7b6620753701","","1002","",""
"1002","1002","/421552302622","default","2026-01-08 13:28:43","","2026-01-08 13:28:54","11","0","NORMAL_CLEARING","3e4deabc-ee2e-4dfa-a540-b620ed687487","","1002","",""
"1002","1002","/972567301988","default","2026-01-08 13:28:43","","2026-01-08 13:28:54","11","0","NORMAL_CLEARING","31a08fe1-7a62-49d5-a02a-9a3deda15195","","1002","",""
"1002","1002","/421552302622","default","2026-01-08 13:28:44","","2026-01-08 13:28:55","11","0","NORMAL_CLEARING","0f74f35f-67f6-42a7-98cd-47ebc78c3ca3","","1002","",""
"1002","1002","/972567301988","default","2026-01-08 13:28:44","","2026-01-08 13:28:55","11","0","NORMAL_CLEARING","cf41c41f-0457-4fae-b577-8e8632c14cfd","","1002","",""
"1002","1002","/421552302622","default","2026-01-08 13:28:44","","2026-01-08 13:28:55","11","0","NORMAL_CLEARING","17f3966e-31c8-4eeb-a3f2-129b8538ebc1","","1002","",""
"1002","1002","/972567301988","default","2026-01-08 13:28:44","","2026-01-08 13:28:55","11","0","NORMAL_CLEARING","72a12044-a1ac-4c53-bf69-42b75e3beafa","","1002","",""
"1002","1002","/421552302622","default","2026-01-08 13:28:44","","2026-01-08 13:28:55","11","0","NORMAL_CLEARING","de48866e-6184-4572-831b-9ade69876e72","","1002","",""
"1002","1002","/972567301988","default","2026-01-08 13:28:44","","2026-01-08 13:28:55","11","0","NORMAL_CLEARING","46eb3341-de54-4c48-a7a2-ba45376da50b","","1002","",""
"1002","1002","~421552302622","default","2026-01-08 13:29:04","","2026-01-08 13:29:14","10","0","NORMAL_CLEARING","db302117-59f4-4ca1-9ae6-ba959082304b","","1002","",""
"1002","1002","~972567301988","default","2026-01-08 13:29:04","","2026-01-08 13:29:14","10","0","NORMAL_CLEARING","23c2c0eb-c420-4963-a111-877cb06d75b1","","1002","",""
"1002","1002","~972567301988","default","2026-01-08 13:29:05","","2026-01-08 13:29:15","10","0","NORMAL_CLEARING","9217dcf4-4645-4e2d-99cd-e2a1bd2c440b","","1002","",""
"1002","1002","~421552302622","default","2026-01-08 13:29:05","","2026-01-08 13:29:15","10","0","NORMAL_CLEARING","e9f35cde-b1b7-4908-82d2-dbd64a5b51d4","","1002","",""
"1002","1002","~421552302622","default","2026-01-08 13:29:06","","2026-01-08 13:29:16","10","0","NORMAL_CLEARING","c460fb13-198c-4f50-950e-53f52a06a2aa","","1002","",""
"1002","1002","~972567301988","default","2026-01-08 13:29:06","","2026-01-08 13:29:16","10","0","NORMAL_CLEARING","639b8768-6441-4ac5-8b0f-5925a425b0a4","","1002","",""
"1002","1002","~972567301988","default","2026-01-08 13:29:06","","2026-01-08 13:29:17","11","0","NORMAL_CLEARING","f8a0ed54-c70b-4e93-8012-d09c1eed019a","","1002","",""
"1002","1002","~421552302622","default","2026-01-08 13:29:06","","2026-01-08 13:29:17","11","0","NORMAL_CLEARING","38ae6b86-d02d-4b0a-9b4c-abff136d8db9","","1002","",""
"1002","1002","~421552302622","default","2026-01-08 13:29:06","","2026-01-08 13:29:17","11","0","NORMAL_CLEARING","27e7fe77-9036-4502-87ac-335bc28f787b","","1002","",""
"1002","1002","~972567301988","default","2026-01-08 13:29:06","","2026-01-08 13:29:17","11","0","NORMAL_CLEARING","cdaf7f36-ee7c-45a0-bd12-74022d16b252","","1002","",""
"1002","1002","!972567301988","default","2026-01-08 13:29:26","","2026-01-08 13:29:36","10","0","NORMAL_CLEARING","af766b8f-cb33-42f6-b298-a1c53d06a063","","1002","",""
"1002","1002","!421552302622","default","2026-01-08 13:29:26","","2026-01-08 13:29:36","10","0","NORMAL_CLEARING","7e37cac4-c5b0-4f82-b195-2b5b448d515b","","1002","",""
"1002","1002","!421552302622","default","2026-01-08 13:29:27","","2026-01-08 13:29:37","10","0","NORMAL_CLEARING","e2dd409f-fb4a-462b-b033-49ce155aab6e","","1002","",""
"1002","1002","!972567301988","default","2026-01-08 13:29:27","","2026-01-08 13:29:37","10","0","NORMAL_CLEARING","b43b1e0b-a296-4de1-b4ae-10fcec64b4e6","","1002","",""
"1002","1002","!972567301988","default","2026-01-08 13:29:28","","2026-01-08 13:29:38","10","0","NORMAL_CLEARING","a773ad24-f4d5-446f-827e-a5e492644b2d","","1002","",""
"1002","1002","!421552302622","default","2026-01-08 13:29:28","","2026-01-08 13:29:38","10","0","NORMAL_CLEARING","aae64b90-4f6e-45bd-9883-69347c939db7","","1002","",""
"1002","1002","!972567301988","default","2026-01-08 13:29:28","","2026-01-08 13:29:39","11","0","NORMAL_CLEARING","252387c3-5992-40fa-9b55-d2b75762fafb","","1002","",""
"1002","1002","!421552302622","default","2026-01-08 13:29:28","","2026-01-08 13:29:39","11","0","NORMAL_CLEARING","618b201f-5d9a-4d45-a7c7-9f40fe773a98","","1002","",""
"1002","1002","!972567301988","default","2026-01-08 13:29:28","","2026-01-08 13:29:39","11","0","NORMAL_CLEARING","788a56ac-1d33-4b7b-95a6-d818dc5e7456","","1002","",""
"1002","1002","!421552302622","default","2026-01-08 13:29:28","","2026-01-08 13:29:39","11","0","NORMAL_CLEARING","668b9d37-3eae-4559-b7ce-8496fbf22525","","1002","",""
"1002","1002","#421552302622","default","2026-01-08 13:29:48","","2026-01-08 13:29:59","11","0","NORMAL_CLEARING","c31002b5-8a7f-4f20-8ccc-96d133a30370","","1002","",""
"1002","1002","#972567301988","default","2026-01-08 13:29:48","","2026-01-08 13:30:00","12","0","NORMAL_CLEARING","0d48eaae-251d-49c1-b815-6bdf094a7c46","","1002","",""
"1002","1002","#972567301988","default","2026-01-08 13:29:49","","2026-01-08 13:30:01","12","0","NORMAL_CLEARING","7762f8f1-a642-4ab0-a9b6-daf54e00501e","","1002","",""
"1002","1002","#421552302622","default","2026-01-08 13:29:49","","2026-01-08 13:30:01","12","0","NORMAL_CLEARING","21bee809-1eae-49b4-8e83-a4749cd959ed","","1002","",""
"1002","1002","#421552302622","default","2026-01-08 13:29:50","","2026-01-08 13:30:01","11","0","NORMAL_CLEARING","7e0ae9f9-f819-4945-afe9-69a184da0e18","","1002","",""
"1002","1002","#972567301988","default","2026-01-08 13:29:50","","2026-01-08 13:30:01","11","0","NORMAL_CLEARING","70025411-7902-497b-b03f-f522198a7e48","","1002","",""
"1002","1002","#972567301988","default","2026-01-08 13:29:50","","2026-01-08 13:30:02","12","0","NORMAL_CLEARING","3d04b8b7-7b1f-4e62-9729-879fde16c45d","","1002","",""
"1002","1002","#421552302622","default","2026-01-08 13:29:50","","2026-01-08 13:30:02","12","0","NORMAL_CLEARING","d3fd4658-3289-4676-9613-2c4d756a1b4c","","1002","",""
"1002","1002","#972567301988","default","2026-01-08 13:29:50","","2026-01-08 13:30:02","12","0","NORMAL_CLEARING","a83f62bd-a693-4fd3-8a40-4b2abb95f937","","1002","",""
"1002","1002","#421552302622","default","2026-01-08 13:29:50","","2026-01-08 13:30:02","12","0","NORMAL_CLEARING","3a98b605-f452-4bcf-9893-21011c98c96b","","1002","",""
"1002","1002","$972567301988","default","2026-01-08 13:30:10","","2026-01-08 13:30:21","11","0","NORMAL_CLEARING","9214c92a-ef6d-44cf-a704-8a580ec3cc11","","1002","",""
"1002","1002","$421552302622","default","2026-01-08 13:30:10","","2026-01-08 13:30:22","12","0","NORMAL_CLEARING","24c7705b-bd52-45c4-8659-d06160a6d97c","","1002","",""
"1002","1002","$421552302622","default","2026-01-08 13:30:11","","2026-01-08 13:30:23","12","0","NORMAL_CLEARING","708c7de7-35b9-4b0e-88f1-1c514f94e6a2","","1002","",""
"1002","1002","$972567301988","default","2026-01-08 13:30:11","","2026-01-08 13:30:23","12","0","NORMAL_CLEARING","83dc4c44-287c-472f-ab89-11f3745ea5a7","","1002","",""
"1002","1002","$421552302622","default","2026-01-08 13:30:12","","2026-01-08 13:30:23","11","0","NORMAL_CLEARING","dfbe2386-cd21-4609-8ca7-99bedfa33f50","","1002","",""
"1002","1002","$972567301988","default","2026-01-08 13:30:12","","2026-01-08 13:30:23","11","0","NORMAL_CLEARING","22aada05-153f-46e5-8abb-766c1905929b","","1002","",""
"1002","1002","$972567301988","default","2026-01-08 13:30:13","","2026-01-08 13:30:24","11","0","NORMAL_CLEARING","211d0dbb-c961-48c0-9ed9-02c700900269","","1002","",""
"1002","1002","$972567301988","default","2026-01-08 13:30:13","","2026-01-08 13:30:24","11","0","NORMAL_CLEARING","3ab38963-88ed-4ee3-bd4f-7a1f2775f936","","1002","",""
"1002","1002","$421552302622","default","2026-01-08 13:30:13","","2026-01-08 13:30:24","11","0","NORMAL_CLEARING","ab1b6ea9-b55c-4242-9091-7c2300b83cb1","","1002","",""
"1002","1002","$421552302622","default","2026-01-08 13:30:13","","2026-01-08 13:30:24","11","0","NORMAL_CLEARING","286fa5cb-a920-4fe0-88a6-74cfa05fe83b","","1002","",""
"1002","1002","B1552302622","default","2026-01-08 13:30:32","","2026-01-08 13:30:43","11","0","NORMAL_CLEARING","263a05b4-1b05-4dbd-bdd6-4a92744e40ce","","1002","",""
"1002","1002","—2567301988","default","2026-01-08 13:30:32","","2026-01-08 13:30:44","12","0","NORMAL_CLEARING","1436835e-390d-4ef3-8f14-c85c1cf76ed4","","1002","",""
"1002","1002","—2567301988","default","2026-01-08 13:30:34","","2026-01-08 13:30:45","11","0","NORMAL_CLEARING","d9422f15-c28a-45ec-8243-3a46a3866447","","1002","",""
"1002","1002","B1552302622","default","2026-01-08 13:30:34","","2026-01-08 13:30:45","11","0","NORMAL_CLEARING","273c6ad3-e9ed-44c5-8d6a-02d9e50c14e9","","1002","",""
"1002","1002","B1552302622","default","2026-01-08 13:30:34","","2026-01-08 13:30:45","11","0","NORMAL_CLEARING","67b94cd4-2159-4d66-a27a-830e98f420da","","1002","",""
"1002","1002","—2567301988","default","2026-01-08 13:30:34","","2026-01-08 13:30:45","11","0","NORMAL_CLEARING","2c34591b-0b60-4b6c-8712-be3fc1ebd29b","","1002","",""
"1002","1002","B1552302622","default","2026-01-08 13:30:35","","2026-01-08 13:30:46","11","0","NORMAL_CLEARING","37c8add2-589d-4c15-9451-f3a385cc8530","","1002","",""
"1002","1002","—2567301988","default","2026-01-08 13:30:35","","2026-01-08 13:30:46","11","0","NORMAL_CLEARING","55231e02-2054-4f89-b3d9-cc0743b3df70","","1002","",""
"1002","1002","B1552302622","default","2026-01-08 13:30:35","","2026-01-08 13:30:46","11","0","NORMAL_CLEARING","96e017b3-834f-4481-8aa1-0c3ddf173462","","1002","",""
"1002","1002","—2567301988","default","2026-01-08 13:30:35","","2026-01-08 13:30:46","11","0","NORMAL_CLEARING","dc7cda6b-ea1e-49d8-9039-59bf492db5df","","1002","",""
"1002","1002","00421552302622","default","2026-01-08 13:30:55","","2026-01-08 13:31:06","11","0","NORMAL_CLEARING","84c30de4-d71a-4278-abbe-6d17f5460c5d","","1002","",""
"1002","1002","00972567301988","default","2026-01-08 13:30:55","","2026-01-08 13:31:07","12","0","NORMAL_CLEARING","5a48fe54-8be6-4584-9792-cf344ab6c005","","1002","",""
"1002","1002","00972567301988","default","2026-01-08 13:30:56","","2026-01-08 13:31:09","13","0","NORMAL_CLEARING","11fed09e-4c58-47a5-9b1c-28bb6ed0868a","","1002","",""
"1002","1002","00421552302622","default","2026-01-08 13:30:56","","2026-01-08 13:31:09","13","0","NORMAL_CLEARING","bfa3b504-24e1-4757-8282-5e12a456a5a0","","1002","",""
"1002","1002","00972567301988","default","2026-01-08 13:30:56","","2026-01-08 13:31:11","15","0","NORMAL_CLEARING","6f6bf45f-9880-4fbb-a892-0c53dcbcfbcb","","1002","",""
"1002","1002","00421552302622","default","2026-01-08 13:30:56","","2026-01-08 13:31:11","15","0","NORMAL_CLEARING","59e1752e-2a1d-4c24-b750-21b0e69148db","","1002","",""
"1002","1002","00421552302622","default","2026-01-08 13:30:57","","2026-01-08 13:31:12","15","0","NORMAL_CLEARING","37ef2446-7659-4aa9-9973-39e55cd643d6","","1002","",""
"1002","1002","00972567301988","default","2026-01-08 13:30:57","","2026-01-08 13:31:12","15","0","NORMAL_CLEARING","b29578d5-4348-4a6c-832a-452b6bbf0a4b","","1002","",""
"1002","1002","00972567301988","default","2026-01-08 13:30:57","","2026-01-08 13:31:12","15","0","NORMAL_CLEARING","00cc78b9-225d-4633-ad75-2537942d932d","","1002","",""
"1002","1002","00421552302622","default","2026-01-08 13:30:57","","2026-01-08 13:31:12","15","0","NORMAL_CLEARING","35be471e-db8d-49a3-a23a-cde937bf151b","","1002","",""
"1002","1002","900421552302622","default","2026-01-08 13:31:18","","2026-01-08 13:31:37","19","0","UNALLOCATED_NUMBER","0c178211-6338-4df4-80da-2694dc12bb43","","1002","",""
"1002","1002","900972567301988","default","2026-01-08 13:31:18","","2026-01-08 13:31:37","19","0","UNALLOCATED_NUMBER","6ad6832d-c459-40db-bf71-8b2eca8d05fd","","1002","",""
"1002","1002","900972567301988","default","2026-01-08 13:31:19","","2026-01-08 13:31:38","19","0","UNALLOCATED_NUMBER","2a37a0ae-72ad-491e-86ae-2d203359a555","","1002","",""
"1002","1002","900421552302622","default","2026-01-08 13:31:19","","2026-01-08 13:31:38","19","0","UNALLOCATED_NUMBER","66f81691-ae88-4aad-9872-9286fe1458fe","","1002","",""
"1002","1002","900421552302622","default","2026-01-08 13:31:19","","2026-01-08 13:31:39","20","0","UNALLOCATED_NUMBER","72fa23a0-4bac-4fb0-9e5b-38466d950771","","1002","",""
"1002","1002","900972567301988","default","2026-01-08 13:31:19","","2026-01-08 13:31:39","20","0","UNALLOCATED_NUMBER","649113b1-aeb0-4c76-aa60-e7280d418b73","","1002","",""
"1002","1002","900421552302622","default","2026-01-08 13:31:20","","2026-01-08 13:31:40","20","0","UNALLOCATED_NUMBER","8948d529-349b-48c8-89f4-461d39447789","","1002","",""
"1002","1002","900972567301988","default","2026-01-08 13:31:20","","2026-01-08 13:31:40","20","0","UNALLOCATED_NUMBER","699eba4c-ca74-4e0e-aea9-59057bb991a7","","1002","",""
"1002","1002","900421552302622","default","2026-01-08 13:31:20","","2026-01-08 13:31:40","20","0","UNALLOCATED_NUMBER","7a5019ea-9b56-4a12-9396-4daa65fa8a2c","","1002","",""
"1002","1002","900972567301988","default","2026-01-08 13:31:20","","2026-01-08 13:31:40","20","0","UNALLOCATED_NUMBER","8e912692-706c-41b7-b0c9-fb53de89e78b","","1002","",""
"1002","1002","000972567301988","default","2026-01-08 13:31:40","","2026-01-08 13:32:01","21","0","NORMAL_CLEARING","a66784c6-07b2-441c-a9f0-22172f49ce63","","1002","",""
"1002","1002","000421552302622","default","2026-01-08 13:31:40","","2026-01-08 13:32:02","22","0","NORMAL_CLEARING","b3dbe224-cf71-42c0-a5cf-b6a6dda1baa1","","1002","",""
"1002","1002","000421552302622","default","2026-01-08 13:31:41","","2026-01-08 13:32:02","21","0","NORMAL_CLEARING","2d78e561-21fc-4e9f-b185-3bf632526cbf","","1002","",""
"1002","1002","000972567301988","default","2026-01-08 13:31:41","","2026-01-08 13:32:03","22","0","NORMAL_CLEARING","6233dcaa-15e9-479d-a5c7-acdac3f4ba49","","1002","",""
"1002","1002","000421552302622","default","2026-01-08 13:31:42","","2026-01-08 13:32:03","21","0","NORMAL_CLEARING","b345644d-8e90-44c5-bdb2-831c273bc6fe","","1002","",""
"1002","1002","000972567301988","default","2026-01-08 13:31:42","","2026-01-08 13:32:03","21","0","NORMAL_CLEARING","7dab3c97-1a94-492c-9563-f099028cf6d2","","1002","",""
"1002","1002","000421552302622","default","2026-01-08 13:31:43","","2026-01-08 13:32:04","21","0","NORMAL_CLEARING","60c17d30-d604-4a4b-a7f3-7cf82449a8cc","","1002","",""
"1002","1002","000972567301988","default","2026-01-08 13:31:43","","2026-01-08 13:32:04","21","0","NORMAL_CLEARING","2ee8cfbf-e7ac-45fa-ab4a-910010e69585","","1002","",""
"1002","1002","000421552302622","default","2026-01-08 13:31:43","","2026-01-08 13:32:05","22","0","NORMAL_CLEARING","95fc7daa-f637-4b6c-a05c-72633425206e","","1002","",""
"1002","1002","000972567301988","default","2026-01-08 13:31:43","","2026-01-08 13:32:05","22","0","NORMAL_CLEARING","576a4f4a-f2f6-47f7-9ad4-97df08ed31c6","","1002","",""
"1002","1002","0000421552302622","default","2026-01-08 13:32:03","","2026-01-08 13:32:22","19","0","NORMAL_CLEARING","80b3341c-9d46-47fe-a04a-d901fb03431f","","1002","",""
"1002","1002","0000972567301988","default","2026-01-08 13:32:03","","2026-01-08 13:32:23","20","0","NORMAL_CLEARING","f5edd28f-7dda-4a8b-bfd5-f3e43811ad13","","1002","",""
"1002","1002","0000972567301988","default","2026-01-08 13:32:03","","2026-01-08 13:32:23","20","0","NORMAL_CLEARING","7818cdbe-509a-46f1-ab1b-b91152a90d84","","1002","",""
"1002","1002","0000421552302622","default","2026-01-08 13:32:03","","2026-01-08 13:32:23","20","0","NORMAL_CLEARING","add3e8b0-38d8-4d39-a771-ff743856875e","","1002","",""
"1002","1002","0000972567301988","default","2026-01-08 13:32:04","","2026-01-08 13:32:23","19","0","NORMAL_CLEARING","b3496348-58bd-4125-b99e-709b1a8bf712","","1002","",""
"1002","1002","0000421552302622","default","2026-01-08 13:32:04","","2026-01-08 13:32:23","19","0","NORMAL_CLEARING","61507f52-a0d0-4974-ae77-6f1681226884","","1002","",""
"1002","1002","0000972567301988","default","2026-01-08 13:32:05","","2026-01-08 13:32:23","18","0","NORMAL_CLEARING","ab25dac3-e4de-4909-9590-1e4a68f49a7f","","1002","",""
"1002","1002","0000421552302622","default","2026-01-08 13:32:05","","2026-01-08 13:32:24","19","0","NORMAL_CLEARING","2e4fc84a-5897-4b54-9c54-f1a9c7b5addb","","1002","",""
"1002","1002","0000421552302622","default","2026-01-08 13:32:05","","2026-01-08 13:32:24","19","0","NORMAL_CLEARING","11b65b45-5221-48a7-bb31-e200b3e8f2c7","","1002","",""
"1002","1002","0000972567301988","default","2026-01-08 13:32:05","","2026-01-08 13:32:24","19","0","NORMAL_CLEARING","2d129e79-e4b9-450e-b4a4-d102cccba58b","","1002","",""
"1002","1002","9011972567301988","default","2026-01-08 13:32:47","","2026-01-08 13:33:01","14","0","NORMAL_CLEARING","0ff73cb0-edb3-47af-a089-2d4e8b544607","","1002","",""
"1002","1002","9011421552302622","default","2026-01-08 13:32:47","","2026-01-08 13:33:01","14","0","NORMAL_CLEARING","cbdee39d-367c-4237-bb90-458100c192b9","","1002","",""
"1002","1002","9011421552302622","default","2026-01-08 13:32:48","","2026-01-08 13:33:02","14","0","NORMAL_CLEARING","2b1dde41-e5b9-46eb-86bc-62e2b4867a83","","1002","",""
"1002","1002","9011972567301988","default","2026-01-08 13:32:48","","2026-01-08 13:33:02","14","0","NORMAL_CLEARING","23f6ef7a-55e0-458c-a935-e4a7933864a2","","1002","",""
"1002","1002","9011421552302622","default","2026-01-08 13:32:49","","2026-01-08 13:33:02","13","0","NORMAL_CLEARING","714c9390-b054-4505-8b55-18bbbf286ea2","","1002","",""
"1002","1002","9011972567301988","default","2026-01-08 13:32:49","","2026-01-08 13:33:03","14","0","NORMAL_CLEARING","ce4dae54-0ecd-4444-8ceb-d4b11a522d88","","1002","",""
"1002","1002","9011421552302622","default","2026-01-08 13:32:50","","2026-01-08 13:33:04","14","0","NORMAL_CLEARING","5e823096-1927-45dc-baa7-25d701d18a0d","","1002","",""
"1002","1002","9011421552302622","default","2026-01-08 13:32:50","","2026-01-08 13:33:04","14","0","NORMAL_CLEARING","e6bdfaf4-d821-4f23-918f-a884946dc3f8","","1002","",""
"1002","1002","9011972567301988","default","2026-01-08 13:32:50","","2026-01-08 13:33:04","14","0","NORMAL_CLEARING","45fdc57e-8218-4cfc-81c4-5cd56f8c8b72","","1002","",""
"1002","1002","9011972567301988","default","2026-01-08 13:32:50","","2026-01-08 13:33:04","14","0","NORMAL_CLEARING","8f8c051a-622d-4721-8e0a-f52ec4c29012","","1002","",""
"1002","1002","8011421552302622","default","2026-01-08 13:33:09","","2026-01-08 13:33:26","17","0","NORMAL_CLEARING","e1b5c911-1360-4d18-ac9a-5992c6feebf0","","1002","",""
"1002","1002","8011972567301988","default","2026-01-08 13:33:09","","2026-01-08 13:33:26","17","0","NORMAL_CLEARING","e2ef1303-4485-4572-a5d9-7cd6177a6bfe","","1002","",""
"1002","1002","8011421552302622","default","2026-01-08 13:33:10","","2026-01-08 13:33:26","16","0","NORMAL_CLEARING","57d2db2d-d719-4dd4-a80b-fd44e9ed58cf","","1002","",""
"1002","1002","8011972567301988","default","2026-01-08 13:33:10","","2026-01-08 13:33:26","16","0","NORMAL_CLEARING","e82a5b8c-c005-4324-a914-3fcf82b21f4e","","1002","",""
"1002","1002","8011972567301988","default","2026-01-08 13:33:11","","2026-01-08 13:33:27","16","0","NORMAL_CLEARING","b45ba71f-823e-4101-8202-7de8382f8c18","","1002","",""
"1002","1002","8011421552302622","default","2026-01-08 13:33:11","","2026-01-08 13:33:27","16","0","NORMAL_CLEARING","d76715e6-ba42-48e9-841f-3b63bf98557b","","1002","",""
"1002","1002","8011972567301988","default","2026-01-08 13:33:12","","2026-01-08 13:33:28","16","0","NORMAL_CLEARING","df9b09c7-a094-4868-8bc6-612d5195369c","","1002","",""
"1002","1002","8011421552302622","default","2026-01-08 13:33:12","","2026-01-08 13:33:28","16","0","NORMAL_CLEARING","7969bf27-35f3-4162-9f97-7ac3a593fd1b","","1002","",""
"1002","1002","8011972567301988","default","2026-01-08 13:33:12","","2026-01-08 13:33:28","16","0","NORMAL_CLEARING","79c0a770-54bc-4caa-abeb-c9969947937e","","1002","",""
"1002","1002","8011421552302622","default","2026-01-08 13:33:12","","2026-01-08 13:33:28","16","0","NORMAL_CLEARING","8068a8e8-a4c9-45fd-bcca-37b92426d2e2","","1002","",""
"1002","1002","011972567301988","default","2026-01-08 13:32:25","","2026-01-08 13:33:38","73","0","NORMAL_CLEARING","1f7cca5e-b5a8-4c47-bb5d-f80f4a70ab69","","1002","",""
"1002","1002","011421552302622","default","2026-01-08 13:32:25","","2026-01-08 13:33:39","74","0","NORMAL_CLEARING","631adc59-869c-4cd5-a74a-f958fb75ae7d","","1002","",""
"1002","1002","011421552302622","default","2026-01-08 13:32:26","","2026-01-08 13:33:39","73","0","NORMAL_CLEARING","d7fbdbf6-a52f-4cc2-bb7e-022d17ef7a55","","1002","",""
"1002","1002","011972567301988","default","2026-01-08 13:32:26","","2026-01-08 13:33:39","73","0","NORMAL_CLEARING","05a34337-85c2-4821-9b85-36af7d350674","","1002","",""
"1002","1002","011972567301988","default","2026-01-08 13:32:27","","2026-01-08 13:33:40","73","0","NORMAL_CLEARING","dc514f14-b9ef-4211-b322-b53a6ad6284b","","1002","",""
"1002","1002","011421552302622","default","2026-01-08 13:32:27","","2026-01-08 13:33:40","73","0","NORMAL_CLEARING","64081d9c-be6d-48a2-8b89-b3d6903e9a83","","1002","",""
"1002","1002","011421552302622","default","2026-01-08 13:32:28","","2026-01-08 13:33:41","73","0","NORMAL_CLEARING","689dfebf-d1bd-4b62-ac7a-24c33033c699","","1002","",""
"1002","1002","011972567301988","default","2026-01-08 13:32:28","","2026-01-08 13:33:41","73","0","NORMAL_CLEARING","1be405b3-b22f-41c3-9971-cc5e2d885849","","1002","",""
"1002","1002","011421552302622","default","2026-01-08 13:32:28","","2026-01-08 13:33:41","73","0","NORMAL_CLEARING","e3f36897-0dad-461c-9573-ef65d5f58529","","1002","",""
"1002","1002","011972567301988","default","2026-01-08 13:32:28","","2026-01-08 13:33:41","73","0","NORMAL_CLEARING","65a5a6bc-3ed6-4b7e-92ad-22867865ab1d","","1002","",""
"1002","1002","7011421552302622","default","2026-01-08 13:33:32","","2026-01-08 13:33:48","16","0","NORMAL_CLEARING","4bc9a886-0e69-499a-a778-a4434e4950b1","","1002","",""
"1002","1002","7011972567301988","default","2026-01-08 13:33:32","","2026-01-08 13:33:48","16","0","NORMAL_CLEARING","97ac2802-8048-4575-87af-df09378f4bf6","","1002","",""
"1002","1002","7011421552302622","default","2026-01-08 13:33:32","","2026-01-08 13:33:49","17","0","NORMAL_CLEARING","809dd26f-9695-43a9-91e6-13ad73866c1b","","1002","",""
"1002","1002","7011972567301988","default","2026-01-08 13:33:32","","2026-01-08 13:33:49","17","0","NORMAL_CLEARING","731c0dc7-0646-4336-a330-1aa091175b8b","","1002","",""
"1002","1002","7011972567301988","default","2026-01-08 13:33:33","","2026-01-08 13:33:50","17","0","NORMAL_CLEARING","0d047519-b8ad-4d59-8cb4-38289b55ca46","","1002","",""
"1002","1002","7011421552302622","default","2026-01-08 13:33:33","","2026-01-08 13:33:50","17","0","NORMAL_CLEARING","14bcfe4d-60ef-4693-8e43-9da24019f02c","","1002","",""
"1002","1002","7011972567301988","default","2026-01-08 13:33:34","","2026-01-08 13:33:51","17","0","NORMAL_CLEARING","4e119cc5-e25c-4972-ade4-d62997b4e19e","","1002","",""
"1002","1002","7011421552302622","default","2026-01-08 13:33:34","","2026-01-08 13:33:51","17","0","NORMAL_CLEARING","8b680775-6479-450f-901e-daa1580aec79","","1002","",""
"1002","1002","7011421552302622","default","2026-01-08 13:33:34","","2026-01-08 13:33:51","17","0","NORMAL_CLEARING","c317a559-787e-4a42-af3c-f8e7a5fd0452","","1002","",""
"1002","1002","7011972567301988","default","2026-01-08 13:33:34","","2026-01-08 13:33:51","17","0","NORMAL_CLEARING","40a623a6-0b2a-4fd8-ba73-91aef2ab0b1f","","1002","",""
"1002","1002","0972567301988","default","2026-01-08 13:33:54","","2026-01-08 13:34:09","15","0","NORMAL_CLEARING","1daf7559-e7df-447b-b9d1-d0f9a3576188","","1002","",""
"1002","1002","0421552302622","default","2026-01-08 13:33:54","","2026-01-08 13:34:09","15","0","NORMAL_CLEARING","b01e27ad-43ab-441e-a8b5-069cd5b96754","","1002","",""
"1002","1002","0972567301988","default","2026-01-08 13:33:55","","2026-01-08 13:34:10","15","0","NORMAL_CLEARING","0ce24f6e-c24f-498c-98cc-67ee599f2c9c","","1002","",""
"1002","1002","0421552302622","default","2026-01-08 13:33:55","","2026-01-08 13:34:10","15","0","NORMAL_CLEARING","582c7642-9fe0-4b6c-8f38-7d2d4598d792","","1002","",""
"1002","1002","0972567301988","default","2026-01-08 13:33:56","","2026-01-08 13:34:10","14","0","NORMAL_CLEARING","5e772673-e04f-4aad-9b41-4c33d493453e","","1002","",""
"1002","1002","0421552302622","default","2026-01-08 13:33:56","","2026-01-08 13:34:11","15","0","NORMAL_CLEARING","d0064869-e5d9-4dcd-b527-90bbc87a064a","","1002","",""
"1002","1002","0421552302622","default","2026-01-08 13:33:57","","2026-01-08 13:34:11","14","0","NORMAL_CLEARING","bb67d685-03fc-4afc-8bc3-ecbec88c0585","","1002","",""
"1002","1002","0972567301988","default","2026-01-08 13:33:57","","2026-01-08 13:34:11","14","0","NORMAL_CLEARING","e9ca17c9-a685-4492-b8e5-5088d31e5fde","","1002","",""
"1002","1002","0972567301988","default","2026-01-08 13:33:57","","2026-01-08 13:34:11","14","0","NORMAL_CLEARING","1926ddd2-ce26-4120-a16e-aa5dfc0c3110","","1002","",""
"1002","1002","0421552302622","default","2026-01-08 13:33:57","","2026-01-08 13:34:11","14","0","NORMAL_CLEARING","1af6ff8b-1ad3-4cf5-beee-0c7bfae36ae8","","1002","",""
"1002","1002","810421552302622","default","2026-01-08 13:34:16","","2026-01-08 13:34:28","12","0","UNALLOCATED_NUMBER","f89c5f53-13ea-4228-9368-1aa3c2477df0","","1002","",""
"1002","1002","810972567301988","default","2026-01-08 13:34:16","","2026-01-08 13:34:28","12","0","UNALLOCATED_NUMBER","90e7411e-0bda-4df6-b154-bb93ff3c82c3","","1002","",""
"1002","1002","810972567301988","default","2026-01-08 13:34:17","","2026-01-08 13:34:29","12","0","UNALLOCATED_NUMBER","c8712183-ca08-45db-9acc-f1a3de0c3238","","1002","",""
"1002","1002","810421552302622","default","2026-01-08 13:34:17","","2026-01-08 13:34:29","12","0","UNALLOCATED_NUMBER","858d12e8-7380-46c3-8b2a-3b04b3e563cb","","1002","",""
"1002","1002","810421552302622","default","2026-01-08 13:34:18","","2026-01-08 13:34:30","12","0","UNALLOCATED_NUMBER","765b771c-1674-449d-b88f-2674b6012a85","","1002","",""
"1002","1002","810972567301988","default","2026-01-08 13:34:18","","2026-01-08 13:34:30","12","0","UNALLOCATED_NUMBER","3208bbe8-6723-4a3a-95d3-1dc04f616d60","","1002","",""
"1002","1002","810421552302622","default","2026-01-08 13:34:19","","2026-01-08 13:34:30","11","0","UNALLOCATED_NUMBER","be3fff0b-2872-4390-8bf0-df1aefc7ffad","","1002","",""
"1002","1002","810972567301988","default","2026-01-08 13:34:19","","2026-01-08 13:34:30","11","0","UNALLOCATED_NUMBER","55fbc776-e47a-45ea-b780-40df3513dc1b","","1002","",""
"1002","1002","810421552302622","default","2026-01-08 13:34:19","","2026-01-08 13:34:30","11","0","UNALLOCATED_NUMBER","c7df79cc-2ad8-40b3-a9c1-bd6eb6365d64","","1002","",""
"1002","1002","810972567301988","default","2026-01-08 13:34:19","","2026-01-08 13:34:31","12","0","UNALLOCATED_NUMBER","2fa0015d-18eb-46c0-9b6c-158a966d1214","","1002","",""
"1002","1002","9810421552302622","default","2026-01-08 13:34:38","","2026-01-08 13:34:50","12","0","NORMAL_CLEARING","1afcab26-c08f-469a-8c8d-58bd89dd6b03","","1002","",""
"1002","1002","9810972567301988","default","2026-01-08 13:34:38","","2026-01-08 13:34:50","12","0","NORMAL_CLEARING","2761bcda-2c06-41bd-8dc9-05ca761a09fe","","1002","",""
"1002","1002","9810972567301988","default","2026-01-08 13:34:39","","2026-01-08 13:34:50","11","0","NORMAL_CLEARING","f900a8f3-30fe-4225-bde0-07c6f2bcf6a2","","1002","",""
"1002","1002","9810421552302622","default","2026-01-08 13:34:39","","2026-01-08 13:34:51","12","0","NORMAL_CLEARING","63bfbec1-26cb-41ed-adf1-20a0068c9c12","","1002","",""
"1002","1002","9810972567301988","default","2026-01-08 13:34:40","","2026-01-08 13:34:52","12","0","NORMAL_CLEARING","974572cd-9e8a-470e-9e94-351d03c5f7a4","","1002","",""
"1002","1002","9810421552302622","default","2026-01-08 13:34:40","","2026-01-08 13:34:52","12","0","NORMAL_CLEARING","5f67421b-c38e-4d96-8f90-3bfa7954c3a7","","1002","",""
"1002","1002","9810972567301988","default","2026-01-08 13:34:41","","2026-01-08 13:34:52","11","0","NORMAL_CLEARING","30ab61a9-e2f9-446a-8347-02acbd4aba1d","","1002","",""
"1002","1002","9810421552302622","default","2026-01-08 13:34:41","","2026-01-08 13:34:52","11","0","NORMAL_CLEARING","69dc0a05-4f74-4dd8-b570-dcf3a6d997bb","","1002","",""
"1002","1002","9810421552302622","default","2026-01-08 13:34:41","","2026-01-08 13:34:53","12","0","NORMAL_CLEARING","f6bce527-d7d9-4a37-834e-ecfeab3b3716","","1002","",""
"1002","1002","9810972567301988","default","2026-01-08 13:34:41","","2026-01-08 13:34:53","12","0","NORMAL_CLEARING","45f0d4a5-9199-48ed-992c-e6013fed3cec","","1002","",""
"1002","1002","1810972567301988","default","2026-01-08 13:35:01","","2026-01-08 13:35:12","11","0","NORMAL_CLEARING","01d412df-6f67-4f22-a4ab-1aa4a1fa5d14","","1002","",""
"1002","1002","1810421552302622","default","2026-01-08 13:35:01","","2026-01-08 13:35:12","11","0","NORMAL_CLEARING","0dbb54be-36e6-419c-89b4-a4dda8142e14","","1002","",""
"1002","1002","1810972567301988","default","2026-01-08 13:35:01","","2026-01-08 13:35:13","12","0","NORMAL_CLEARING","ef3515b2-f6c2-4739-a420-75bdc5c270c1","","1002","",""
"1002","1002","1810421552302622","default","2026-01-08 13:35:01","","2026-01-08 13:35:13","12","0","NORMAL_CLEARING","d941675f-befa-4f1b-8990-f16f5ea2d40c","","1002","",""
"1002","1002","1810421552302622","default","2026-01-08 13:35:03","","2026-01-08 13:35:14","11","0","NORMAL_CLEARING","44bee2e2-5be8-409a-ab42-a142825b8baf","","1002","",""
"1002","1002","1810972567301988","default","2026-01-08 13:35:03","","2026-01-08 13:35:14","11","0","NORMAL_CLEARING","121737a2-ee90-4d7e-a6a2-2016ce1c2f25","","1002","",""
"1002","1002","1810972567301988","default","2026-01-08 13:35:03","","2026-01-08 13:35:14","11","0","NORMAL_CLEARING","fa22206b-49e1-45c0-a72a-60f0739a8307","","1002","",""
"1002","1002","1810421552302622","default","2026-01-08 13:35:03","","2026-01-08 13:35:14","11","0","NORMAL_CLEARING","56761163-d254-4a2b-aabb-71858e914f38","","1002","",""
"1002","1002","1810421552302622","default","2026-01-08 13:35:03","","2026-01-08 13:35:14","11","0","NORMAL_CLEARING","12c3f21d-b7a3-4bd8-866d-caea40032c80","","1002","",""
"1002","1002","1810972567301988","default","2026-01-08 13:35:03","","2026-01-08 13:35:14","11","0","NORMAL_CLEARING","33554740-e525-4636-afa2-74fc4b72bcac","","1002","",""
"1002","1002","800972567301988","default","2026-01-08 13:35:23","","2026-01-08 13:35:35","12","0","UNALLOCATED_NUMBER","6c6c44d5-a2bf-404a-9f9f-150f1152d773","","1002","",""
"1002","1002","800421552302622","default","2026-01-08 13:35:23","","2026-01-08 13:35:35","12","0","UNALLOCATED_NUMBER","82168e9f-caae-46a5-a076-4df497655831","","1002","",""
"1002","1002","800421552302622","default","2026-01-08 13:35:24","","2026-01-08 13:35:35","11","0","UNALLOCATED_NUMBER","31648fa4-626f-4509-9963-281e42f55074","","1002","",""
"1002","1002","800972567301988","default","2026-01-08 13:35:24","","2026-01-08 13:35:35","11","0","UNALLOCATED_NUMBER","8228865f-5fc9-43a8-a97f-7d044344c77e","","1002","",""
"1002","1002","800972567301988","default","2026-01-08 13:35:25","","2026-01-08 13:35:37","12","0","UNALLOCATED_NUMBER","5adede17-6759-4c69-8b66-91343b8709ed","","1002","",""
"1002","1002","800421552302622","default","2026-01-08 13:35:25","","2026-01-08 13:35:37","12","0","UNALLOCATED_NUMBER","1fa2d1c4-c5ba-4397-8c81-9a91f3a4cdc2","","1002","",""
"1002","1002","800972567301988","default","2026-01-08 13:35:26","","2026-01-08 13:35:38","12","0","UNALLOCATED_NUMBER","a18c83d8-ba67-48bd-a33f-ea06227d41e2","","1002","",""
"1002","1002","800972567301988","default","2026-01-08 13:35:26","","2026-01-08 13:35:38","12","0","UNALLOCATED_NUMBER","b58f403a-623f-4f47-8d18-b86dca64c396","","1002","",""
"1002","1002","800421552302622","default","2026-01-08 13:35:25","","2026-01-08 13:35:38","13","0","UNALLOCATED_NUMBER","977a97ca-da1f-448d-9b27-ed577abfaec5","","1002","",""
"1002","1002","800421552302622","default","2026-01-08 13:35:26","","2026-01-08 13:35:38","12","0","UNALLOCATED_NUMBER","adbf5a4f-91f9-433e-a9b7-ec8878e80631","","1002","",""
"1002","1002","700421552302622","default","2026-01-08 13:35:45","","2026-01-08 13:36:03","18","0","UNALLOCATED_NUMBER","837a4c1b-e4d0-4a8a-b8a5-08f71734697e","","1002","",""
"1002","1002","700972567301988","default","2026-01-08 13:35:45","","2026-01-08 13:36:03","18","0","UNALLOCATED_NUMBER","849b1ea2-f7dd-40ac-8b63-923a8e18b741","","1002","",""
"1002","1002","700421552302622","default","2026-01-08 13:35:46","","2026-01-08 13:36:03","17","0","UNALLOCATED_NUMBER","274343c9-15fd-4842-821c-151063860b02","","1002","",""
"1002","1002","700972567301988","default","2026-01-08 13:35:46","","2026-01-08 13:36:04","18","0","UNALLOCATED_NUMBER","156afd3d-939b-4b8d-bd23-d3103a19147b","","1002","",""
"1002","1002","700972567301988","default","2026-01-08 13:35:47","","2026-01-08 13:36:05","18","0","UNALLOCATED_NUMBER","8a408cee-6298-4c5f-b75d-582126d7a2a3","","1002","",""
"1002","1002","700421552302622","default","2026-01-08 13:35:47","","2026-01-08 13:36:05","18","0","UNALLOCATED_NUMBER","3375945a-d056-492b-8734-76450f7b3fab","","1002","",""
"1002","1002","700421552302622","default","2026-01-08 13:35:48","","2026-01-08 13:36:05","17","0","UNALLOCATED_NUMBER","ccde77ec-1727-48ff-a512-f5268599bfc6","","1002","",""
"1002","1002","700972567301988","default","2026-01-08 13:35:48","","2026-01-08 13:36:05","17","0","UNALLOCATED_NUMBER","9bb44773-288e-44a2-b1dc-f43e53737752","","1002","",""
"1002","1002","700421552302622","default","2026-01-08 13:35:48","","2026-01-08 13:36:06","18","0","UNALLOCATED_NUMBER","fe601a2a-9a40-49e5-9dab-a546290ad08e","","1002","",""
"1002","1002","700972567301988","default","2026-01-08 13:35:48","","2026-01-08 13:36:06","18","0","UNALLOCATED_NUMBER","2d775adc-a766-451d-8432-78703c70f2a1","","1002","",""
"1002","1002","001421552302622","default","2026-01-08 13:36:08","","2026-01-08 13:36:23","15","0","NORMAL_CLEARING","8a757f9a-6604-4355-87c9-540cf255ead8","","1002","",""
"1002","1002","001972567301988","default","2026-01-08 13:36:08","","2026-01-08 13:36:23","15","0","NORMAL_CLEARING","312a34de-434d-4543-9a0b-f4ea68db7e2d","","1002","",""
"1002","1002","001972567301988","default","2026-01-08 13:36:08","","2026-01-08 13:36:24","16","0","NORMAL_CLEARING","e7ecabf2-ac2e-43ba-bbe2-839bf573c03b","","1002","",""
"1002","1002","001421552302622","default","2026-01-08 13:36:08","","2026-01-08 13:36:24","16","0","NORMAL_CLEARING","5f6e73e9-e0ce-44a2-894b-e47d982929a1","","1002","",""
"1002","1002","001972567301988","default","2026-01-08 13:36:08","","2026-01-08 13:36:24","16","0","NORMAL_CLEARING","867db086-64d3-4983-a5ac-8d7d2e1f4738","","1002","",""
"1002","1002","001421552302622","default","2026-01-08 13:36:08","","2026-01-08 13:36:24","16","0","NORMAL_CLEARING","b0d6474e-37d2-4905-818b-1799be26855d","","1002","",""
"1002","1002","001972567301988","default","2026-01-08 13:36:10","","2026-01-08 13:36:26","16","0","NORMAL_CLEARING","77f8c0dc-182a-4e4e-ab5a-7245a8fe28c2","","1002","",""
"1002","1002","001972567301988","default","2026-01-08 13:36:10","","2026-01-08 13:36:26","16","0","NORMAL_CLEARING","5aaec0d8-d073-4466-885d-20f273e7cdca","","1002","",""
"1002","1002","001421552302622","default","2026-01-08 13:36:10","","2026-01-08 13:36:26","16","0","NORMAL_CLEARING","14b5a0dd-5be7-44bd-b066-c70c24631f11","","1002","",""
"1002","1002","001421552302622","default","2026-01-08 13:36:10","","2026-01-08 13:36:26","16","0","NORMAL_CLEARING","1ca076f3-8294-4e6f-828d-1516168711c6","","1002","",""
"1002","1002","010972567301988","default","2026-01-08 13:36:29","","2026-01-08 13:36:43","14","0","NORMAL_CLEARING","f9ef937a-c473-4ada-8e12-9b9606b3f430","","1002","",""
"1002","1002","010421552302622","default","2026-01-08 13:36:29","","2026-01-08 13:36:43","14","0","NORMAL_CLEARING","d65b1481-18a7-48d9-b669-d0b5f47db6fc","","1002","",""
"1002","1002","010972567301988","default","2026-01-08 13:36:30","","2026-01-08 13:36:44","14","0","NORMAL_CLEARING","1eea3f9a-fda4-4426-8363-dd57df2c7317","","1002","",""
"1002","1002","010972567301988","default","2026-01-08 13:36:30","","2026-01-08 13:36:44","14","0","NORMAL_CLEARING","83e8a93d-9c57-4c12-a4cb-4edb0e893cfd","","1002","",""
"1002","1002","010421552302622","default","2026-01-08 13:36:30","","2026-01-08 13:36:44","14","0","NORMAL_CLEARING","f7c0af8e-ff3f-4929-90a0-b7efc2bd866a","","1002","",""
"1002","1002","010421552302622","default","2026-01-08 13:36:30","","2026-01-08 13:36:44","14","0","NORMAL_CLEARING","4198e0b6-4db9-48b3-8997-d219a5e0479b","","1002","",""
"1002","1002","010421552302622","default","2026-01-08 13:36:32","","2026-01-08 13:36:46","14","0","NORMAL_CLEARING","eb7e1e12-0a0e-47b9-80ac-27a4388ab1f6","","1002","",""
"1002","1002","010972567301988","default","2026-01-08 13:36:32","","2026-01-08 13:36:46","14","0","NORMAL_CLEARING","969368cb-1d44-4719-8e4e-466d0b4ea4d5","","1002","",""
"1002","1002","010972567301988","default","2026-01-08 13:36:32","","2026-01-08 13:36:46","14","0","NORMAL_CLEARING","18669068-cc71-4c48-b088-c49e6472f972","","1002","",""
"1002","1002","010421552302622","default","2026-01-08 13:36:32","","2026-01-08 13:36:46","14","0","NORMAL_CLEARING","ba7d0d79-14ef-4d4e-adb6-65e5b26f2eac","","1002","",""
"1002","1002","002421552302622","default","2026-01-08 13:36:51","","2026-01-08 13:37:05","14","0","NORMAL_CLEARING","f2d1e8cc-a2cb-4c26-a791-869873e2aa96","","1002","",""
"1002","1002","002972567301988","default","2026-01-08 13:36:51","","2026-01-08 13:37:06","15","0","NORMAL_CLEARING","95cc20a9-c09f-443e-8a74-a38b4f39f987","","1002","",""
"1002","1002","002972567301988","default","2026-01-08 13:36:52","","2026-01-08 13:37:07","15","0","NORMAL_CLEARING","9cde73d2-be76-4367-b80b-a09dab4ee106","","1002","",""
"1002","1002","002421552302622","default","2026-01-08 13:36:52","","2026-01-08 13:37:07","15","0","NORMAL_CLEARING","0164a03e-9061-4760-8dd6-25a699fb3408","","1002","",""
"1002","1002","002421552302622","default","2026-01-08 13:36:52","","2026-01-08 13:37:07","15","0","NORMAL_CLEARING","2e1dd5d5-87a5-4a60-905b-7d7108ba5122","","1002","",""
"1002","1002","002972567301988","default","2026-01-08 13:36:52","","2026-01-08 13:37:07","15","0","NORMAL_CLEARING","759412a8-386c-49e0-b17b-9cdea950b1c1","","1002","",""
"1002","1002","002421552302622","default","2026-01-08 13:36:54","","2026-01-08 13:37:09","15","0","NORMAL_CLEARING","ead264e5-9dfa-4eb7-a924-edbb1d2113d8","","1002","",""
"1002","1002","002421552302622","default","2026-01-08 13:36:54","","2026-01-08 13:37:09","15","0","NORMAL_CLEARING","6f5cc297-5dff-4bab-90c7-e14a1423a542","","1002","",""
"1002","1002","002972567301988","default","2026-01-08 13:36:54","","2026-01-08 13:37:09","15","0","NORMAL_CLEARING","33d2522b-a808-4f9f-bbb0-dc18573a57b8","","1002","",""
"1002","1002","002972567301988","default","2026-01-08 13:36:54","","2026-01-08 13:37:09","15","0","NORMAL_CLEARING","8bdec99f-63df-4131-bb4f-ee532fae087c","","1002","",""
"1002","1002","8~10421552302622","default","2026-01-08 13:37:13","","2026-01-08 13:37:30","17","0","NORMAL_CLEARING","665592ab-1b2d-49da-9579-4910bc8220a7","","1002","",""
"1002","1002","8~10972567301988","default","2026-01-08 13:37:13","","2026-01-08 13:37:31","18","0","NORMAL_CLEARING","3b056a1b-495e-46ec-b33e-fd46b7bdf5ce","","1002","",""
"1002","1002","8~10972567301988","default","2026-01-08 13:37:14","","2026-01-08 13:37:32","18","0","NORMAL_CLEARING","4d7f9f49-31c8-49de-8883-539376dffdab","","1002","",""
"1002","1002","8~10421552302622","default","2026-01-08 13:37:14","","2026-01-08 13:37:32","18","0","NORMAL_CLEARING","3c3e2332-75c8-4694-a8c4-1ad6c0577adf","","1002","",""
"1002","1002","8~10421552302622","default","2026-01-08 13:37:15","","2026-01-08 13:37:32","17","0","NORMAL_CLEARING","cefe4888-820b-4c21-8d7a-fa717fad00ba","","1002","",""
"1002","1002","8~10972567301988","default","2026-01-08 13:37:15","","2026-01-08 13:37:32","17","0","NORMAL_CLEARING","269e3864-6be4-4613-b4df-fb03fab26eb5","","1002","",""
"1002","1002","8~10421552302622","default","2026-01-08 13:37:16","","2026-01-08 13:37:33","17","0","NORMAL_CLEARING","f7864909-2224-4155-b9ba-4b6f4fb0a6e5","","1002","",""
"1002","1002","8~10972567301988","default","2026-01-08 13:37:16","","2026-01-08 13:37:34","18","0","NORMAL_CLEARING","137608cd-317e-438a-8ad8-5dd8af89a3e0","","1002","",""
"1002","1002","8~10421552302622","default","2026-01-08 13:37:16","","2026-01-08 13:37:34","18","0","NORMAL_CLEARING","16550267-0509-4df6-af00-78dcd8e83f21","","1002","",""
"1002","1002","8~10972567301988","default","2026-01-08 13:37:16","","2026-01-08 13:37:34","18","0","NORMAL_CLEARING","eb819d0d-6fca-4351-a2ca-a0571952dd13","","1002","",""
"1002","1002","0.0-972567301988","default","2026-01-08 13:37:36","","2026-01-08 13:37:50","14","0","NORMAL_CLEARING","048d6cbb-0f0e-4523-abc6-5abd768eee67","","1002","",""
"1002","1002","0.0-421552302622","default","2026-01-08 13:37:36","","2026-01-08 13:37:51","15","0","NORMAL_CLEARING","3e3f7d1d-f4a4-421e-b0b2-ea6aecc027a0","","1002","",""
"1002","1002","0.0-972567301988","default","2026-01-08 13:37:37","","2026-01-08 13:37:52","15","0","NORMAL_CLEARING","d9adc600-483b-40b1-81c8-c2a72a1a983b","","1002","",""
"1002","1002","0.0-972567301988","default","2026-01-08 13:37:37","","2026-01-08 13:37:52","15","0","NORMAL_CLEARING","d32d238b-ed27-42bc-a745-464c57f7c621","","1002","",""
"1002","1002","0.0-421552302622","default","2026-01-08 13:37:37","","2026-01-08 13:37:52","15","0","NORMAL_CLEARING","c0f38621-0d81-4830-9e39-54d4238ffca6","","1002","",""
"1002","1002","0.0-421552302622","default","2026-01-08 13:37:37","","2026-01-08 13:37:52","15","0","NORMAL_CLEARING","972ff69f-cf1d-4c44-b59d-3c3b3591c82d","","1002","",""
"1002","1002","0.0-421552302622","default","2026-01-08 13:37:39","","2026-01-08 13:37:53","14","0","NORMAL_CLEARING","821f3338-4798-4da7-ab3a-0ba6de0f08d8","","1002","",""
"1002","1002","0.0-972567301988","default","2026-01-08 13:37:39","","2026-01-08 13:37:53","14","0","NORMAL_CLEARING","2b0bf0fe-f686-4c9f-84f2-566f3f22e0a4","","1002","",""
"1002","1002","0.0-972567301988","default","2026-01-08 13:37:39","","2026-01-08 13:37:53","14","0","NORMAL_CLEARING","8298c7af-eda3-446c-aa8b-f6e3530688f8","","1002","",""
"1002","1002","0.0-421552302622","default","2026-01-08 13:37:39","","2026-01-08 13:37:53","14","0","NORMAL_CLEARING","b7476c7b-3555-40eb-b781-646f895fcdbc","","1002","",""
"1002","1002","0.0.421552302622","default","2026-01-08 13:37:58","","2026-01-08 13:38:11","13","0","NORMAL_CLEARING","4f682198-2223-490e-b8be-80a0733a2b46","","1002","",""
"1002","1002","0.0.972567301988","default","2026-01-08 13:37:58","","2026-01-08 13:38:11","13","0","NORMAL_CLEARING","f99e6835-be86-43f8-9736-f1294d80a907","","1002","",""
"1002","1002","0.0.421552302622","default","2026-01-08 13:37:59","","2026-01-08 13:38:12","13","0","NORMAL_CLEARING","4b699d50-26a1-4685-8df4-ba1a9a8cdccf","","1002","",""
"1002","1002","0.0.972567301988","default","2026-01-08 13:37:59","","2026-01-08 13:38:12","13","0","NORMAL_CLEARING","af2db7e9-ae95-4f04-8243-5b92d7be0cd0","","1002","",""
"1002","1002","0.0.421552302622","default","2026-01-08 13:37:59","","2026-01-08 13:38:12","13","0","NORMAL_CLEARING","52d8f9e9-29e7-4950-a9ef-4f5bf85664e1","","1002","",""
"1002","1002","0.0.972567301988","default","2026-01-08 13:37:59","","2026-01-08 13:38:12","13","0","NORMAL_CLEARING","a1b952d1-fcdf-401a-ac58-c1ac6ec13c30","","1002","",""
"1002","1002","0.0.972567301988","default","2026-01-08 13:38:01","","2026-01-08 13:38:13","12","0","NORMAL_CLEARING","4598580e-4fe2-4a0b-8118-5228f69b65b2","","1002","",""
"1002","1002","0.0.421552302622","default","2026-01-08 13:38:01","","2026-01-08 13:38:14","13","0","NORMAL_CLEARING","0428213d-1f99-47e8-b519-8662fea3e4bf","","1002","",""
"1002","1002","0.0.421552302622","default","2026-01-08 13:38:01","","2026-01-08 13:38:14","13","0","NORMAL_CLEARING","83a0407f-6346-45f0-8a4e-2795fa690a79","","1002","",""
"1002","1002","0.0.972567301988","default","2026-01-08 13:38:01","","2026-01-08 13:38:14","13","0","NORMAL_CLEARING","4630ac9b-9aa9-4698-a149-f9222e9146a5","","1002","",""
"1002","1002","-00421552302622","default","2026-01-08 13:38:20","","2026-01-08 13:38:32","12","0","NORMAL_CLEARING","6473ae9b-cd2e-4d15-8234-2dde3e7b5af5","","1002","",""
"1002","1002","-00972567301988","default","2026-01-08 13:38:20","","2026-01-08 13:38:32","12","0","NORMAL_CLEARING","2ee6127b-b951-4d5b-9fd9-a14dae1d6692","","1002","",""
"1002","1002","-00421552302622","default","2026-01-08 13:38:21","","2026-01-08 13:38:33","12","0","NORMAL_CLEARING","4bd7de27-fd70-418a-8f63-2eaea1baa036","","1002","",""
"1002","1002","-00972567301988","default","2026-01-08 13:38:21","","2026-01-08 13:38:33","12","0","NORMAL_CLEARING","7a20ec39-7316-42cd-b19d-3c4e6ecabcfc","","1002","",""
"1002","1002","-00972567301988","default","2026-01-08 13:38:22","","2026-01-08 13:38:33","11","0","NORMAL_CLEARING","3569a5ec-4c6c-44c6-aae0-e6da9985fe16","","1002","",""
"1002","1002","-00421552302622","default","2026-01-08 13:38:22","","2026-01-08 13:38:34","12","0","NORMAL_CLEARING","0a69b790-26c9-4971-9678-e40f735a206a","","1002","",""
"1002","1002","-00972567301988","default","2026-01-08 13:38:23","","2026-01-08 13:38:35","12","0","NORMAL_CLEARING","55b860f5-55f8-450b-b552-05e27bc3cf44","","1002","",""
"1002","1002","-00421552302622","default","2026-01-08 13:38:23","","2026-01-08 13:38:35","12","0","NORMAL_CLEARING","8e439725-d1e9-4cfb-975f-9b3fe1f25441","","1002","",""
"1002","1002","-00972567301988","default","2026-01-08 13:38:23","","2026-01-08 13:38:35","12","0","NORMAL_CLEARING","efe9fa86-ce94-458f-9f7e-709adc7bd3a3","","1002","",""
"1002","1002","-00421552302622","default","2026-01-08 13:38:23","","2026-01-08 13:38:35","12","0","NORMAL_CLEARING","5a678552-41bc-46dc-903b-9f5b1651c7ef","","1002","",""
"1002","1002","90900972567301988","default","2026-01-08 13:38:43","","2026-01-08 13:38:55","12","0","NORMAL_CLEARING","6ae12c36-9b74-4ebc-8991-32f4ca4800a4","","1002","",""
"1002","1002","90900421552302622","default","2026-01-08 13:38:43","","2026-01-08 13:38:55","12","0","NORMAL_CLEARING","71eca4d5-4588-4a6c-931a-30c7a3fbc525","","1002","",""
"1002","1002","90900421552302622","default","2026-01-08 13:38:44","","2026-01-08 13:38:56","12","0","NORMAL_CLEARING","902d2f1d-b78a-4f7f-8e11-00bff95bb4de","","1002","",""
"1002","1002","90900972567301988","default","2026-01-08 13:38:44","","2026-01-08 13:38:56","12","0","NORMAL_CLEARING","9563875d-39b6-43ea-a9c0-241d6dfd086e","","1002","",""
"1002","1002","90900972567301988","default","2026-01-08 13:38:44","","2026-01-08 13:38:56","12","0","NORMAL_CLEARING","62c10f3a-5471-4303-b6ba-99ace92a405d","","1002","",""
"1002","1002","90900421552302622","default","2026-01-08 13:38:44","","2026-01-08 13:38:56","12","0","NORMAL_CLEARING","f2d5a4fc-39ee-4028-9320-e3d84e9538c9","","1002","",""
"1002","1002","90900421552302622","default","2026-01-08 13:38:45","","2026-01-08 13:38:58","13","0","NORMAL_CLEARING","cda341c9-a118-4f14-9b9f-edd56161911e","","1002","",""
"1002","1002","90900972567301988","default","2026-01-08 13:38:45","","2026-01-08 13:38:58","13","0","NORMAL_CLEARING","66a5ddba-e570-406c-aca2-8eed62590ff1","","1002","",""
"1002","1002","90900421552302622","default","2026-01-08 13:38:45","","2026-01-08 13:38:58","13","0","NORMAL_CLEARING","5e15c756-c494-4a29-8d6e-b6b59378333c","","1002","",""
"1002","1002","90900972567301988","default","2026-01-08 13:38:45","","2026-01-08 13:38:58","13","0","NORMAL_CLEARING","711d97d1-30e4-413d-9725-785cec641d14","","1002","",""
"1002","1002","909000972567301988","default","2026-01-08 13:39:05","","2026-01-08 13:39:17","12","0","NORMAL_CLEARING","626e7f31-6137-4040-969b-5d03162f699d","","1002","",""
"1002","1002","909000421552302622","default","2026-01-08 13:39:05","","2026-01-08 13:39:17","12","0","NORMAL_CLEARING","71267650-7c7e-4c20-bc22-27815f2dd429","","1002","",""
"1002","1002","909000972567301988","default","2026-01-08 13:39:06","","2026-01-08 13:39:18","12","0","NORMAL_CLEARING","c0f532fe-39da-49da-a0c6-61c3ec5254d7","","1002","",""
"1002","1002","909000421552302622","default","2026-01-08 13:39:06","","2026-01-08 13:39:18","12","0","NORMAL_CLEARING","59ec9796-2875-4d44-9749-f5bc02b1af62","","1002","",""
"1002","1002","909000972567301988","default","2026-01-08 13:39:06","","2026-01-08 13:39:19","13","0","NORMAL_CLEARING","461c836c-4083-4db0-acdc-832d73ef7dc9","","1002","",""
"1002","1002","909000421552302622","default","2026-01-08 13:39:06","","2026-01-08 13:39:19","13","0","NORMAL_CLEARING","72b34178-b99e-46f4-a2ec-5d6d19348bbf","","1002","",""
"1002","1002","909000421552302622","default","2026-01-08 13:39:07","","2026-01-08 13:39:20","13","0","NORMAL_CLEARING","e0f4aaee-0b58-4d32-9898-2a4c15d89715","","1002","",""
"1002","1002","909000972567301988","default","2026-01-08 13:39:07","","2026-01-08 13:39:20","13","0","NORMAL_CLEARING","3c91c7de-d758-4c05-b898-d2f4c88e0335","","1002","",""
"1002","1002","909000421552302622","default","2026-01-08 13:39:08","","2026-01-08 13:39:20","12","0","NORMAL_CLEARING","00e51d53-6313-43c2-8258-f5f7c712bdd6","","1002","",""
"1002","1002","909000972567301988","default","2026-01-08 13:39:08","","2026-01-08 13:39:20","12","0","NORMAL_CLEARING","7e6b42e1-fd17-4b8d-bb97-41897a48bc0f","","1002","",""
"1002","1002","00000421552302622","default","2026-01-08 13:39:27","","2026-01-08 13:39:40","13","0","NORMAL_CLEARING","d2bf228d-43de-4eff-9425-e874344a1b54","","1002","",""
"1002","1002","00000972567301988","default","2026-01-08 13:39:27","","2026-01-08 13:39:40","13","0","NORMAL_CLEARING","e0a5f70b-05f4-4436-9599-4c434042fbac","","1002","",""
"1002","1002","00000421552302622","default","2026-01-08 13:39:28","","2026-01-08 13:39:41","13","0","NORMAL_CLEARING","3e02f948-1a2b-42b9-92dc-a1b60ecb3c99","","1002","",""
"1002","1002","00000972567301988","default","2026-01-08 13:39:28","","2026-01-08 13:39:41","13","0","NORMAL_CLEARING","228ecbfc-2468-457e-a020-e02cad456f3f","","1002","",""
"1002","1002","00000421552302622","default","2026-01-08 13:39:28","","2026-01-08 13:39:41","13","0","NORMAL_CLEARING","d14e15eb-8753-4fec-b289-e7cb7c2260ce","","1002","",""
"1002","1002","00000972567301988","default","2026-01-08 13:39:28","","2026-01-08 13:39:41","13","0","NORMAL_CLEARING","c6455c0e-7e2a-4c4a-8d24-eca133d50b48","","1002","",""
"1002","1002","00000972567301988","default","2026-01-08 13:39:30","","2026-01-08 13:39:43","13","0","NORMAL_CLEARING","f52d0b3a-703b-4045-8bdd-e04d8d6bed7a","","1002","",""
"1002","1002","00000421552302622","default","2026-01-08 13:39:30","","2026-01-08 13:39:43","13","0","NORMAL_CLEARING","3cd8598c-0ade-4591-843d-50381e440b09","","1002","",""
"1002","1002","00000972567301988","default","2026-01-08 13:39:30","","2026-01-08 13:39:43","13","0","NORMAL_CLEARING","f45e07c7-cdee-4d68-a8cb-0966560bc00f","","1002","",""
"1002","1002","00000421552302622","default","2026-01-08 13:39:30","","2026-01-08 13:39:43","13","0","NORMAL_CLEARING","d0543b91-6886-4538-b35e-eee09427d84a","","1002","",""
"1002","1002","0190972567301988","default","2026-01-08 13:39:49","","2026-01-08 13:40:03","14","0","NORMAL_CLEARING","402a2419-f6e4-448b-861c-f81ea8e83312","","1002","",""
"1002","1002","0190421552302622","default","2026-01-08 13:39:49","","2026-01-08 13:40:03","14","0","NORMAL_CLEARING","1ae58327-eb7e-4c5d-af2b-af27ee7d1fc8","","1002","",""
"1002","1002","0190421552302622","default","2026-01-08 13:39:50","","2026-01-08 13:40:04","14","0","NORMAL_CLEARING","94ba7d38-eb99-4c2e-98ed-de85084af6bf","","1002","",""
"1002","1002","0190972567301988","default","2026-01-08 13:39:50","","2026-01-08 13:40:04","14","0","NORMAL_CLEARING","8887840a-c732-42af-8caf-9c86163b894d","","1002","",""
"1002","1002","0190421552302622","default","2026-01-08 13:39:51","","2026-01-08 13:40:04","13","0","NORMAL_CLEARING","fb9a1578-cbd3-4f1c-b52f-19d5798e4ece","","1002","",""
"1002","1002","0190972567301988","default","2026-01-08 13:39:51","","2026-01-08 13:40:04","13","0","NORMAL_CLEARING","67b7eed8-ed16-4000-b7ba-b44585acaecb","","1002","",""
"1002","1002","0190972567301988","default","2026-01-08 13:39:52","","2026-01-08 13:40:05","13","0","NORMAL_CLEARING","848e9581-068f-4fd5-acd8-6d2f41b1b529","","1002","",""
"1002","1002","0190421552302622","default","2026-01-08 13:39:52","","2026-01-08 13:40:06","14","0","NORMAL_CLEARING","c0a4787a-0d3c-464e-a92f-d42739222595","","1002","",""
"1002","1002","0190421552302622","default","2026-01-08 13:39:52","","2026-01-08 13:40:06","14","0","NORMAL_CLEARING","e409d006-d81f-4e3a-9712-a4b4b50b18bf","","1002","",""
"1002","1002","0190972567301988","default","2026-01-08 13:39:52","","2026-01-08 13:40:06","14","0","NORMAL_CLEARING","6c405f0c-bf1d-413d-b27e-1b8f756d0b66","","1002","",""
"1002","1002","01200972567301988","default","2026-01-08 13:40:12","","2026-01-08 13:40:24","12","0","NORMAL_CLEARING","85db9769-26d7-43c1-97df-15f77e158001","","1002","",""
"1002","1002","01200421552302622","default","2026-01-08 13:40:12","","2026-01-08 13:40:24","12","0","NORMAL_CLEARING","88ac39f7-dd7f-493a-8a1c-a2497f08320d","","1002","",""
"1002","1002","01200972567301988","default","2026-01-08 13:40:13","","2026-01-08 13:40:25","12","0","NORMAL_CLEARING","d26be04a-810a-45e9-bee8-28c857a37b48","","1002","",""
"1002","1002","01200421552302622","default","2026-01-08 13:40:13","","2026-01-08 13:40:26","13","0","NORMAL_CLEARING","d9c7b2d9-28e5-430b-a880-2beb7e71fd93","","1002","",""
"1002","1002","01200421552302622","default","2026-01-08 13:40:14","","2026-01-08 13:40:26","12","0","NORMAL_CLEARING","be8e80b4-28e7-4a17-b49e-7e073545ec21","","1002","",""
"1002","1002","01200972567301988","default","2026-01-08 13:40:14","","2026-01-08 13:40:26","12","0","NORMAL_CLEARING","e44917e8-4fb9-4105-92e3-7a3945cd18a2","","1002","",""
"1002","1002","01200972567301988","default","2026-01-08 13:40:14","","2026-01-08 13:40:27","13","0","NORMAL_CLEARING","2c7a768b-3162-4052-8560-b2ed42904860","","1002","",""
"1002","1002","01200421552302622","default","2026-01-08 13:40:14","","2026-01-08 13:40:27","13","0","NORMAL_CLEARING","c42bb125-55b2-40b7-a1d3-8ee49294b999","","1002","",""
"1002","1002","01200421552302622","default","2026-01-08 13:40:15","","2026-01-08 13:40:28","13","0","NORMAL_CLEARING","8c2669df-1a6b-4a73-a3a2-0fa1e4ddaf7e","","1002","",""
"1002","1002","01200972567301988","default","2026-01-08 13:40:15","","2026-01-08 13:40:28","13","0","NORMAL_CLEARING","8c21c6ac-8ab3-4fef-a8e5-24588001ae8c","","1002","",""
"1002","1002","10700421552302622","default","2026-01-08 13:40:34","","2026-01-08 13:40:47","13","0","NORMAL_CLEARING","d3f11b48-4ec4-417b-8dfb-a0e289a16fd8","","1002","",""
"1002","1002","10700972567301988","default","2026-01-08 13:40:34","","2026-01-08 13:40:47","13","0","NORMAL_CLEARING","24e01e70-91dd-4034-af7e-5bb76d102bfd","","1002","",""
"1002","1002","10700972567301988","default","2026-01-08 13:40:35","","2026-01-08 13:40:47","12","0","NORMAL_CLEARING","72a6ea40-feed-4c56-b854-249727dca16e","","1002","",""
"1002","1002","10700421552302622","default","2026-01-08 13:40:35","","2026-01-08 13:40:48","13","0","NORMAL_CLEARING","d38f31fc-7ac0-4a93-a934-4d8124f6e9b1","","1002","",""
"1002","1002","10700972567301988","default","2026-01-08 13:40:36","","2026-01-08 13:40:48","12","0","NORMAL_CLEARING","04142ee0-c9ae-453b-b283-7f583ad4d11e","","1002","",""
"1002","1002","10700421552302622","default","2026-01-08 13:40:36","","2026-01-08 13:40:48","12","0","NORMAL_CLEARING","c6c3e627-77cd-42db-892e-7e41a07d41fd","","1002","",""
"1002","1002","10700972567301988","default","2026-01-08 13:40:36","","2026-01-08 13:40:49","13","0","NORMAL_CLEARING","32dfb388-448c-429b-ad18-f7826ec05489","","1002","",""
"1002","1002","10700421552302622","default","2026-01-08 13:40:36","","2026-01-08 13:40:49","13","0","NORMAL_CLEARING","658cc0a4-2818-42b5-9124-596ed31aa2bc","","1002","",""
"1002","1002","10700972567301988","default","2026-01-08 13:40:37","","2026-01-08 13:40:50","13","0","NORMAL_CLEARING","1d201156-0035-4c90-993e-a88a02648c8e","","1002","",""
"1002","1002","10700421552302622","default","2026-01-08 13:40:37","","2026-01-08 13:40:50","13","0","NORMAL_CLEARING","97b1a239-6c57-4f84-bc15-81f00466d273","","1002","",""
"1002","1002","00414421552302622","default","2026-01-08 13:40:56","","2026-01-08 13:41:09","13","0","NORMAL_CLEARING","3f9bd13b-e031-4e7c-87b9-86c39b15a900","","1002","",""
"1002","1002","00414972567301988","default","2026-01-08 13:40:56","","2026-01-08 13:41:09","13","0","NORMAL_CLEARING","9f110584-1b67-403e-a00a-50e61f91bff6","","1002","",""
"1002","1002","00414972567301988","default","2026-01-08 13:40:57","","2026-01-08 13:41:10","13","0","NORMAL_CLEARING","301abb75-3232-4058-b99f-9851ea5091af","","1002","",""
"1002","1002","00414421552302622","default","2026-01-08 13:40:57","","2026-01-08 13:41:10","13","0","NORMAL_CLEARING","8141dd9f-56e9-41b8-921c-a61a5c320c94","","1002","",""
"1002","1002","00414972567301988","default","2026-01-08 13:40:58","","2026-01-08 13:41:11","13","0","NORMAL_CLEARING","81531ed9-1b5f-4d23-a8f5-e04f952e2033","","1002","",""
"1002","1002","00414421552302622","default","2026-01-08 13:40:58","","2026-01-08 13:41:11","13","0","NORMAL_CLEARING","4e4abcb8-784c-4359-91cf-04d934071553","","1002","",""
"1002","1002","00414972567301988","default","2026-01-08 13:40:59","","2026-01-08 13:41:12","13","0","NORMAL_CLEARING","9337800e-6f96-4e83-9869-6998fd1b41f6","","1002","",""
"1002","1002","00414421552302622","default","2026-01-08 13:40:59","","2026-01-08 13:41:12","13","0","NORMAL_CLEARING","5727b7f2-69f1-4e29-b656-2b3cd170e241","","1002","",""
"1002","1002","00414421552302622","default","2026-01-08 13:41:00","","2026-01-08 13:41:12","12","0","NORMAL_CLEARING","af605f32-bb03-406b-8384-8f10665828ce","","1002","",""
"1002","1002","00414972567301988","default","2026-01-08 13:40:59","","2026-01-08 13:41:13","14","0","NORMAL_CLEARING","395179c2-f4b2-450e-ad36-1aa74b683179","","1002","",""
"1002","1002","819300421552302622","default","2026-01-08 13:41:19","","2026-01-08 13:41:30","11","0","NORMAL_CLEARING","28cfd896-9546-4bca-ab69-8a941bc78420","","1002","",""
"1002","1002","819300972567301988","default","2026-01-08 13:41:19","","2026-01-08 13:41:30","11","0","NORMAL_CLEARING","8f859886-2c31-4b85-b791-96951c27d3d3","","1002","",""
"1002","1002","819300972567301988","default","2026-01-08 13:41:20","","2026-01-08 13:41:31","11","0","NORMAL_CLEARING","001d997c-6ff8-415b-a52e-98809e79be54","","1002","",""
"1002","1002","819300421552302622","default","2026-01-08 13:41:20","","2026-01-08 13:41:31","11","0","NORMAL_CLEARING","1662d5e0-56bd-4c1c-ad24-f9bdf566ab87","","1002","",""
"1002","1002","819300972567301988","default","2026-01-08 13:41:20","","2026-01-08 13:41:31","11","0","NORMAL_CLEARING","60e6473b-80d1-4a7b-bd3f-d21fdd3a4663","","1002","",""
"1002","1002","819300421552302622","default","2026-01-08 13:41:20","","2026-01-08 13:41:32","12","0","NORMAL_CLEARING","6f732974-1d3b-4696-ab4a-446d6f371161","","1002","",""
"1002","1002","819300972567301988","default","2026-01-08 13:41:21","","2026-01-08 13:41:32","11","0","NORMAL_CLEARING","c43e9e61-77c5-4628-a7ca-cc9e4c05b269","","1002","",""
"1002","1002","819300421552302622","default","2026-01-08 13:41:21","","2026-01-08 13:41:32","11","0","NORMAL_CLEARING","c6f0ba00-c479-486c-8a2c-85e25978a41f","","1002","",""
"1002","1002","819300972567301988","default","2026-01-08 13:41:22","","2026-01-08 13:41:33","11","0","NORMAL_CLEARING","b8939212-8b14-4b58-ba45-51a7f1a28633","","1002","",""
"1002","1002","819300421552302622","default","2026-01-08 13:41:22","","2026-01-08 13:41:33","11","0","NORMAL_CLEARING","3680aa87-91a2-4f04-9b9b-7b5df52d6bea","","1002","",""
"1002","1002","1790900972567301988","default","2026-01-08 13:41:41","","2026-01-08 13:41:52","11","0","NORMAL_CLEARING","ea7d9a40-4214-4985-a18f-e29658de35a7","","1002","",""
"1002","1002","1790900421552302622","default","2026-01-08 13:41:41","","2026-01-08 13:41:52","11","0","NORMAL_CLEARING","d9e9f3c0-0dab-4bf7-b4bd-ed3eee1c2406","","1002","",""
"1002","1002","1790900421552302622","default","2026-01-08 13:41:42","","2026-01-08 13:41:53","11","0","NORMAL_CLEARING","1e057601-2783-4824-aca7-c3d030546613","","1002","",""
"1002","1002","1790900972567301988","default","2026-01-08 13:41:42","","2026-01-08 13:41:53","11","0","NORMAL_CLEARING","6cde246c-3642-4905-b6f1-4cb96749d1e5","","1002","",""
"1002","1002","1790900972567301988","default","2026-01-08 13:41:42","","2026-01-08 13:41:53","11","0","NORMAL_CLEARING","3f6c2e87-6a41-4261-98d4-b8ad68c7422c","","1002","",""
"1002","1002","1790900421552302622","default","2026-01-08 13:41:42","","2026-01-08 13:41:54","12","0","NORMAL_CLEARING","0fb7f7ab-7491-4fab-8a17-5e4d1fadb3b4","","1002","",""
"1002","1002","1790900421552302622","default","2026-01-08 13:41:43","","2026-01-08 13:41:54","11","0","NORMAL_CLEARING","80ec637f-f448-490e-8164-2c572abf429c","","1002","",""
"1002","1002","1790900972567301988","default","2026-01-08 13:41:43","","2026-01-08 13:41:54","11","0","NORMAL_CLEARING","36d9deb1-a517-4cad-9d52-0e90f5543c69","","1002","",""
"1002","1002","1790900972567301988","default","2026-01-08 13:41:44","","2026-01-08 13:41:55","11","0","NORMAL_CLEARING","97f44703-02db-406f-a04d-ed445dd4fa71","","1002","",""
"1002","1002","1790900421552302622","default","2026-01-08 13:41:44","","2026-01-08 13:41:55","11","0","NORMAL_CLEARING","14763fbc-f8f1-459b-a2ec-b7411eb46518","","1002","",""
"1002","1002","00.972567301988","default","2026-01-08 13:42:03","","2026-01-08 13:42:14","11","0","NORMAL_CLEARING","19664955-e2cc-43ca-a0fb-2b598955e27b","","1002","",""
"1002","1002","00.421552302622","default","2026-01-08 13:42:03","","2026-01-08 13:42:14","11","0","NORMAL_CLEARING","4b772653-1d34-4468-8226-938c68ef1ecb","","1002","",""
"1002","1002","00.972567301988","default","2026-01-08 13:42:04","","2026-01-08 13:42:15","11","0","NORMAL_CLEARING","114e000d-249e-4963-b9e2-a47c7853fb7e","","1002","",""
"1002","1002","00.421552302622","default","2026-01-08 13:42:04","","2026-01-08 13:42:15","11","0","NORMAL_CLEARING","4fdccae3-101d-4868-b297-ce4fc2faa9ce","","1002","",""
"1002","1002","00.972567301988","default","2026-01-08 13:42:05","","2026-01-08 13:42:16","11","0","NORMAL_CLEARING","beaa5250-5d1a-4b8c-a09f-7972bb27ea30","","1002","",""
"1002","1002","00.421552302622","default","2026-01-08 13:42:05","","2026-01-08 13:42:16","11","0","NORMAL_CLEARING","3bc4f9d8-c2c2-459b-b740-f20b1796c087","","1002","",""
"1002","1002","00.421552302622","default","2026-01-08 13:42:05","","2026-01-08 13:42:16","11","0","NORMAL_CLEARING","03130ed9-59f4-4d03-a3fa-2eea3cd29312","","1002","",""
"1002","1002","00.972567301988","default","2026-01-08 13:42:05","","2026-01-08 13:42:16","11","0","NORMAL_CLEARING","1efff382-351c-4ec4-809e-52db6a1042fd","","1002","",""
"1002","1002","00.972567301988","default","2026-01-08 13:42:06","","2026-01-08 13:42:17","11","0","NORMAL_CLEARING","89644de4-6ead-4654-bc8c-f46574a482a0","","1002","",""
"1002","1002","00.421552302622","default","2026-01-08 13:42:06","","2026-01-08 13:42:17","11","0","NORMAL_CLEARING","dd8ecbf1-ac43-44e0-b43e-27b46376fe30","","1002","",""
"1002","1002","10421552302622","default","2026-01-08 13:42:25","","2026-01-08 13:42:36","11","0","NORMAL_CLEARING","fff82c40-65a3-4d47-936f-e73b6e6916bd","","1002","",""
"1002","1002","10972567301988","default","2026-01-08 13:42:25","","2026-01-08 13:42:36","11","0","NORMAL_CLEARING","598d8ed5-64dd-4222-a408-c17618311dcc","","1002","",""
"1002","1002","10421552302622","default","2026-01-08 13:42:26","","2026-01-08 13:42:37","11","0","NORMAL_CLEARING","eb49c5d9-3e47-4565-b0f7-3405d7eb6031","","1002","",""
"1002","1002","10972567301988","default","2026-01-08 13:42:26","","2026-01-08 13:42:37","11","0","NORMAL_CLEARING","0ae594aa-d86c-4af2-a98c-2b47b00271ea","","1002","",""
"1002","1002","10972567301988","default","2026-01-08 13:42:27","","2026-01-08 13:42:38","11","0","NORMAL_CLEARING","6bf488d2-a958-4a52-9ca5-49d3cb8f949e","","1002","",""
"1002","1002","10421552302622","default","2026-01-08 13:42:27","","2026-01-08 13:42:38","11","0","NORMAL_CLEARING","f229eebd-628c-4e90-bc1b-84b67a67e49e","","1002","",""
"1002","1002","10972567301988","default","2026-01-08 13:42:27","","2026-01-08 13:42:38","11","0","NORMAL_CLEARING","6e0b9bc0-d8b4-47aa-af55-1ece85e35b9b","","1002","",""
"1002","1002","10421552302622","default","2026-01-08 13:42:27","","2026-01-08 13:42:39","12","0","NORMAL_CLEARING","46bce08f-13a3-4542-90e9-85ffe17891ff","","1002","",""
"1002","1002","10972567301988","default","2026-01-08 13:42:28","","2026-01-08 13:42:39","11","0","NORMAL_CLEARING","1f400bc7-b044-4fa9-b3e9-d26f3a29daa9","","1002","",""
"1002","1002","10421552302622","default","2026-01-08 13:42:28","","2026-01-08 13:42:40","12","0","NORMAL_CLEARING","d4c548f6-73f7-4dd1-8e33-926c761fda8e","","1002","",""
"1002","1002","40421552302622","default","2026-01-08 13:42:47","","2026-01-08 13:42:59","12","0","UNALLOCATED_NUMBER","366398d1-ea5e-4532-9b35-d5dd6b9f9a1d","","1002","",""
"1002","1002","40972567301988","default","2026-01-08 13:42:47","","2026-01-08 13:42:59","12","0","UNALLOCATED_NUMBER","310907e6-833c-414f-ad31-761de53983fa","","1002","",""
"1002","1002","40421552302622","default","2026-01-08 13:42:48","","2026-01-08 13:43:00","12","0","UNALLOCATED_NUMBER","f77b0b4d-8112-4bc0-956f-744325bba2e9","","1002","",""
"1002","1002","40972567301988","default","2026-01-08 13:42:48","","2026-01-08 13:43:00","12","0","UNALLOCATED_NUMBER","d8456418-e46e-4805-a7c4-e0e8483984ab","","1002","",""
"1002","1002","40972567301988","default","2026-01-08 13:42:49","","2026-01-08 13:43:01","12","0","UNALLOCATED_NUMBER","7d5a588a-249e-459e-aa84-df46e02d745a","","1002","",""
"1002","1002","40421552302622","default","2026-01-08 13:42:49","","2026-01-08 13:43:01","12","0","UNALLOCATED_NUMBER","51bc29fd-9c85-4ca7-98c6-bdc7e3a57ec9","","1002","",""
"1002","1002","40972567301988","default","2026-01-08 13:42:50","","2026-01-08 13:43:01","11","0","UNALLOCATED_NUMBER","c42b36fc-b8e9-4e43-8aba-41d46d8ec3fe","","1002","",""
"1002","1002","40421552302622","default","2026-01-08 13:42:50","","2026-01-08 13:43:02","12","0","UNALLOCATED_NUMBER","814e3204-4717-41a1-9cda-49e4a3d623ad","","1002","",""
"1002","1002","40972567301988","default","2026-01-08 13:42:50","","2026-01-08 13:43:02","12","0","UNALLOCATED_NUMBER","b69ac556-daaf-4424-9887-cbdaac8c0b04","","1002","",""
"1002","1002","40421552302622","default","2026-01-08 13:42:50","","2026-01-08 13:43:02","12","0","UNALLOCATED_NUMBER","4543fefe-ccca-420b-8764-10c5440751e4","","1002","",""
"1002","1002","90421552302622","default","2026-01-08 13:43:10","","2026-01-08 13:43:21","11","0","UNALLOCATED_NUMBER","2c758ecf-c0aa-41e4-bf42-705d456d0c3d","","1002","",""
"1002","1002","90972567301988","default","2026-01-08 13:43:10","","2026-01-08 13:43:21","11","0","UNALLOCATED_NUMBER","52ff5098-173f-4f34-b772-11afd535e15f","","1002","",""
"1002","1002","90972567301988","default","2026-01-08 13:43:10","","2026-01-08 13:43:22","12","0","UNALLOCATED_NUMBER","f337ba69-515f-4a5f-a20b-e8d261db4475","","1002","",""
"1002","1002","90421552302622","default","2026-01-08 13:43:10","","2026-01-08 13:43:22","12","0","UNALLOCATED_NUMBER","e1e409d3-d45f-4c7f-b766-bd696e66d1ae","","1002","",""
"1002","1002","90421552302622","default","2026-01-08 13:43:11","","2026-01-08 13:43:23","12","0","UNALLOCATED_NUMBER","7054ad90-75f6-4fe5-9496-717d6a82c8b3","","1002","",""
"1002","1002","90972567301988","default","2026-01-08 13:43:11","","2026-01-08 13:43:23","12","0","UNALLOCATED_NUMBER","91bbbabe-5750-412a-9d04-bdb463e2f2ce","","1002","",""
"1002","1002","90972567301988","default","2026-01-08 13:43:11","","2026-01-08 13:43:23","12","0","UNALLOCATED_NUMBER","8d5967ff-6249-461f-907b-d7ce6d29d651","","1002","",""
"1002","1002","90421552302622","default","2026-01-08 13:43:11","","2026-01-08 13:43:23","12","0","UNALLOCATED_NUMBER","d5f9a94d-6dfc-476b-9800-04492e0daabe","","1002","",""
"1002","1002","90421552302622","default","2026-01-08 13:43:13","","2026-01-08 13:43:25","12","0","UNALLOCATED_NUMBER","65eb3d25-55b2-4ddb-b90a-0a8e35f0a2c2","","1002","",""
"1002","1002","90972567301988","default","2026-01-08 13:43:13","","2026-01-08 13:43:25","12","0","UNALLOCATED_NUMBER","6c92264f-b3bd-42c0-9025-684b1a3d878a","","1002","",""
"1002","1002","007972567301988","default","2026-01-08 13:43:31","","2026-01-08 13:43:44","13","0","NORMAL_CLEARING","23605f6b-1cb8-47e1-9fc9-f0417c901b84","","1002","",""
"1002","1002","007421552302622","default","2026-01-08 13:43:31","","2026-01-08 13:43:44","13","0","NORMAL_CLEARING","b8e22c57-96b9-477a-8c9e-3b02688ad863","","1002","",""
"1002","1002","007972567301988","default","2026-01-08 13:43:31","","2026-01-08 13:43:44","13","0","NORMAL_CLEARING","a242cdfd-d369-4d3d-a1f4-fb7f258eed9f","","1002","",""
"1002","1002","007421552302622","default","2026-01-08 13:43:31","","2026-01-08 13:43:44","13","0","NORMAL_CLEARING","d9d2b01f-6848-44d5-962f-7ee7d9c2c71f","","1002","",""
"1002","1002","007972567301988","default","2026-01-08 13:43:33","","2026-01-08 13:43:45","12","0","NORMAL_CLEARING","263e7fea-5c49-464d-b192-4e656dade2ee","","1002","",""
"1002","1002","007421552302622","default","2026-01-08 13:43:33","","2026-01-08 13:43:45","12","0","NORMAL_CLEARING","2eb4cb3e-c900-4a69-af33-f08b7fa32bdd","","1002","",""
"1002","1002","007972567301988","default","2026-01-08 13:43:33","","2026-01-08 13:43:46","13","0","NORMAL_CLEARING","b4f94e25-0dc0-403e-a0fe-58dd5a0f1653","","1002","",""
"1002","1002","007421552302622","default","2026-01-08 13:43:33","","2026-01-08 13:43:46","13","0","NORMAL_CLEARING","7f6417ee-cbf3-4047-ac67-3bb9cfe05e86","","1002","",""
"1002","1002","007972567301988","default","2026-01-08 13:43:35","","2026-01-08 13:43:47","12","0","NORMAL_CLEARING","dc364a46-c65d-498f-b221-4fab605c3139","","1002","",""
"1002","1002","007421552302622","default","2026-01-08 13:43:35","","2026-01-08 13:43:47","12","0","NORMAL_CLEARING","225879c6-cab9-447d-8de2-76fdc71510ef","","1002","",""
"1002","1002","009972567301988","default","2026-01-08 13:43:53","","2026-01-08 13:44:06","13","0","NORMAL_CLEARING","4dff4ed2-f944-4c86-a2a5-159b72cfae2e","","1002","",""
"1002","1002","009421552302622","default","2026-01-08 13:43:53","","2026-01-08 13:44:06","13","0","NORMAL_CLEARING","efa4b7ec-8946-44cb-95b9-5c0da27315ae","","1002","",""
"1002","1002","009421552302622","default","2026-01-08 13:43:53","","2026-01-08 13:44:06","13","0","NORMAL_CLEARING","30bc863a-64d2-4f89-9c1e-b44b7998deea","","1002","",""
"1002","1002","009972567301988","default","2026-01-08 13:43:53","","2026-01-08 13:44:06","13","0","NORMAL_CLEARING","6b551c61-9dbd-42ea-8508-7d2c3b43b9d2","","1002","",""
"1002","1002","009421552302622","default","2026-01-08 13:43:55","","2026-01-08 13:44:07","12","0","NORMAL_CLEARING","21d2effb-6037-46e6-a667-879a4279df09","","1002","",""
"1002","1002","009972567301988","default","2026-01-08 13:43:55","","2026-01-08 13:44:08","13","0","NORMAL_CLEARING","5790ac45-a487-458b-b249-7585d9bc53bb","","1002","",""
"1002","1002","009421552302622","default","2026-01-08 13:43:55","","2026-01-08 13:44:08","13","0","NORMAL_CLEARING","5d5a52cd-f46a-43c5-bd25-96923a94c6c7","","1002","",""
"1002","1002","009972567301988","default","2026-01-08 13:43:55","","2026-01-08 13:44:09","14","0","NORMAL_CLEARING","100660c3-b3c7-432d-ab06-0517d5ae4cd8","","1002","",""
"1002","1002","009972567301988","default","2026-01-08 13:43:57","","2026-01-08 13:44:10","13","0","NORMAL_CLEARING","f9d7e51e-cd87-4ebf-bc05-af5a719ec581","","1002","",""
"1002","1002","009421552302622","default","2026-01-08 13:43:57","","2026-01-08 13:44:10","13","0","NORMAL_CLEARING","f322b2e2-92b5-4efd-8f55-a63f92d4887d","","1002","",""
"1002","1002","9900421552302622","default","2026-01-08 13:44:15","","2026-01-08 13:44:30","15","0","NORMAL_CLEARING","78a1043e-e494-4e7c-b128-2606cc3d43cc","","1002","",""
"1002","1002","9900972567301988","default","2026-01-08 13:44:15","","2026-01-08 13:44:30","15","0","NORMAL_CLEARING","0350abe0-aead-4d82-85d9-2e90fad427f6","","1002","",""
"1002","1002","9900421552302622","default","2026-01-08 13:44:16","","2026-01-08 13:44:31","15","0","NORMAL_CLEARING","1b8cae96-5456-4b01-acde-e35af4895fb1","","1002","",""
"1002","1002","9900972567301988","default","2026-01-08 13:44:16","","2026-01-08 13:44:31","15","0","NORMAL_CLEARING","cb79bac5-4dc6-49b2-9cc2-e5bbee72f938","","1002","",""
"1002","1002","9900421552302622","default","2026-01-08 13:44:17","","2026-01-08 13:44:32","15","0","NORMAL_CLEARING","2c013d50-8166-4a0d-a511-3c13b02a01d7","","1002","",""
"1002","1002","9900972567301988","default","2026-01-08 13:44:17","","2026-01-08 13:44:32","15","0","NORMAL_CLEARING","e51e979c-fae1-46b6-a21e-dcc752dd9f85","","1002","",""
"1002","1002","9900972567301988","default","2026-01-08 13:44:18","","2026-01-08 13:44:32","14","0","NORMAL_CLEARING","cdc64861-2004-4ba0-90c1-7fd431af7813","","1002","",""
"1002","1002","9900421552302622","default","2026-01-08 13:44:18","","2026-01-08 13:44:33","15","0","NORMAL_CLEARING","2ce899f3-8441-4157-8fcb-ce116eb0083f","","1002","",""
"1002","1002","9900972567301988","default","2026-01-08 13:44:19","","2026-01-08 13:44:34","15","0","NORMAL_CLEARING","609cc6ab-a4ea-4669-89c8-d976ed1afc04","","1002","",""
"1002","1002","9900421552302622","default","2026-01-08 13:44:19","","2026-01-08 13:44:34","15","0","NORMAL_CLEARING","42b5f9af-0d83-4fa3-9618-39a8e464bd71","","1002","",""
"1002","1002","8800972567301988","default","2026-01-08 13:44:38","","2026-01-08 13:44:52","14","0","NORMAL_CLEARING","9a83ec29-cd9f-4a09-8a7a-34bb973e988d","","1002","",""
"1002","1002","8800421552302622","default","2026-01-08 13:44:38","","2026-01-08 13:44:52","14","0","NORMAL_CLEARING","fe77025e-fb55-4f06-9a54-ba8d01848ebc","","1002","",""
"1002","1002","8800972567301988","default","2026-01-08 13:44:38","","2026-01-08 13:44:52","14","0","NORMAL_CLEARING","38d88f85-cb89-4e44-ad2e-5715886a1c87","","1002","",""
"1002","1002","8800421552302622","default","2026-01-08 13:44:38","","2026-01-08 13:44:52","14","0","NORMAL_CLEARING","12fcba17-b050-4062-96e7-63c1665ff103","","1002","",""
"1002","1002","8800972567301988","default","2026-01-08 13:44:39","","2026-01-08 13:44:53","14","0","NORMAL_CLEARING","08d34473-cfb2-41ce-9cb2-1190d50e5614","","1002","",""
"1002","1002","8800421552302622","default","2026-01-08 13:44:39","","2026-01-08 13:44:53","14","0","NORMAL_CLEARING","dc7627a9-27c9-47ae-8904-de91faef04c8","","1002","",""
"1002","1002","8800972567301988","default","2026-01-08 13:44:40","","2026-01-08 13:44:54","14","0","NORMAL_CLEARING","3573e416-f74b-46eb-bbaa-85e1e7bee721","","1002","",""
"1002","1002","8800421552302622","default","2026-01-08 13:44:40","","2026-01-08 13:44:54","14","0","NORMAL_CLEARING","f613eb4f-b019-4eb5-b6e0-12eef5e78cf6","","1002","",""
"1002","1002","8800421552302622","default","2026-01-08 13:44:42","","2026-01-08 13:44:56","14","0","NORMAL_CLEARING","d48bdb0f-3f47-4f54-911a-d1dbd5c77ecc","","1002","",""
"1002","1002","8800972567301988","default","2026-01-08 13:44:42","","2026-01-08 13:44:56","14","0","NORMAL_CLEARING","09d3474a-98fb-4680-bf0c-c2b6c2e9a4e2","","1002","",""
"1002","1002","5500972567301988","default","2026-01-08 13:45:00","","2026-01-08 13:45:14","14","0","NORMAL_CLEARING","9eee5464-e4bb-4322-984b-a85708208d52","","1002","",""
"1002","1002","5500972567301988","default","2026-01-08 13:45:00","","2026-01-08 13:45:14","14","0","NORMAL_CLEARING","24514ae0-324a-477b-8e2e-650ac54dd8fd","","1002","",""
"1002","1002","5500421552302622","default","2026-01-08 13:45:00","","2026-01-08 13:45:14","14","0","NORMAL_CLEARING","5f5389ed-08d5-4321-bc95-b9799461c9ef","","1002","",""
"1002","1002","5500421552302622","default","2026-01-08 13:45:00","","2026-01-08 13:45:14","14","0","NORMAL_CLEARING","519f74db-305a-4fe9-8218-8b09e2a58c5f","","1002","",""
"1002","1002","5500972567301988","default","2026-01-08 13:45:01","","2026-01-08 13:45:15","14","0","NORMAL_CLEARING","ba7cd9e3-f588-4350-8e3d-802d19f4a0be","","1002","",""
"1002","1002","5500421552302622","default","2026-01-08 13:45:01","","2026-01-08 13:45:16","15","0","NORMAL_CLEARING","93430e80-8c9b-4732-b772-1832d874dade","","1002","",""
"1002","1002","5500972567301988","default","2026-01-08 13:45:03","","2026-01-08 13:45:16","13","0","NORMAL_CLEARING","71182e41-679e-4d87-b0c7-91fbfa0e0336","","1002","",""
"1002","1002","5500421552302622","default","2026-01-08 13:45:03","","2026-01-08 13:45:16","13","0","NORMAL_CLEARING","2e5384cc-2e27-49ff-8134-e8439f11b6ab","","1002","",""
"1002","1002","5500972567301988","default","2026-01-08 13:45:05","","2026-01-08 13:45:18","13","0","NORMAL_CLEARING","f5c0433c-c3dd-41a6-8b63-324402822957","","1002","",""
"1002","1002","5500421552302622","default","2026-01-08 13:45:05","","2026-01-08 13:45:18","13","0","NORMAL_CLEARING","ca94ddbb-af94-429b-9ada-4c628c2eb9a6","","1002","",""
"1002","1002","1100421552302622","default","2026-01-08 13:45:23","","2026-01-08 13:45:35","12","0","NORMAL_CLEARING","9c264350-459d-45e6-a542-c5e5055328ef","","1002","",""
"1002","1002","1100421552302622","default","2026-01-08 13:45:23","","2026-01-08 13:45:35","12","0","NORMAL_CLEARING","d64e49df-f8f9-4a03-9ff7-9a7e6f687d74","","1002","",""
"1002","1002","1100972567301988","default","2026-01-08 13:45:23","","2026-01-08 13:45:36","13","0","NORMAL_CLEARING","e6fb56c1-812d-4c0a-8067-ffa1aa269c4d","","1002","",""
"1002","1002","1100972567301988","default","2026-01-08 13:45:23","","2026-01-08 13:45:36","13","0","NORMAL_CLEARING","ceabf439-977a-4748-9cb7-15dddb6e907f","","1002","",""
"1002","1002","1100972567301988","default","2026-01-08 13:45:24","","2026-01-08 13:45:37","13","0","NORMAL_CLEARING","fbcdeb98-7cf4-4f65-8854-9f18c4b85fe1","","1002","",""
"1002","1002","1100421552302622","default","2026-01-08 13:45:24","","2026-01-08 13:45:37","13","0","NORMAL_CLEARING","35dc5a6d-8af9-4add-a4e5-77ead9e4fa64","","1002","",""
"1002","1002","1100421552302622","default","2026-01-08 13:45:25","","2026-01-08 13:45:38","13","0","NORMAL_CLEARING","52651de1-6fb7-4b65-bf5c-9baf6ef4fd40","","1002","",""
"1002","1002","1100972567301988","default","2026-01-08 13:45:25","","2026-01-08 13:45:38","13","0","NORMAL_CLEARING","777d6945-ce87-404b-af2b-0950f0f8830f","","1002","",""
"1002","1002","1100972567301988","default","2026-01-08 13:45:27","","2026-01-08 13:45:40","13","0","NORMAL_CLEARING","bc67a28b-92a1-4c3b-ab7a-3ecf7493b6c4","","1002","",""
"1002","1002","1100421552302622","default","2026-01-08 13:45:27","","2026-01-08 13:45:40","13","0","NORMAL_CLEARING","5f51ac07-3428-472a-9b3b-c66e1daef7d3","","1002","",""
"1002","1002","2200421552302622","default","2026-01-08 13:45:45","","2026-01-08 13:45:59","14","0","NORMAL_CLEARING","f8a8a2b8-ce9b-4d3b-a11b-972798ccded0","","1002","",""
"1002","1002","2200972567301988","default","2026-01-08 13:45:45","","2026-01-08 13:45:59","14","0","NORMAL_CLEARING","0a8bd084-42da-42c5-b117-f39299adfe75","","1002","",""
"1002","1002","2200421552302622","default","2026-01-08 13:45:45","","2026-01-08 13:45:59","14","0","NORMAL_CLEARING","ce8fccb6-96c2-4238-b463-0044b1299d4b","","1002","",""
"1002","1002","2200972567301988","default","2026-01-08 13:45:45","","2026-01-08 13:45:59","14","0","NORMAL_CLEARING","9d7a6d02-1ac8-430c-a3e3-2ab39c9681a3","","1002","",""
"1002","1002","2200421552302622","default","2026-01-08 13:45:47","","2026-01-08 13:46:00","13","0","NORMAL_CLEARING","076ae744-a83f-404b-b720-a5740bd8a080","","1002","",""
"1002","1002","2200972567301988","default","2026-01-08 13:45:47","","2026-01-08 13:46:00","13","0","NORMAL_CLEARING","c2f16e68-aa2b-473f-9e91-c0f84c398253","","1002","",""
"1002","1002","2200972567301988","default","2026-01-08 13:45:48","","2026-01-08 13:46:02","14","0","NORMAL_CLEARING","0decde14-a6dd-4b7e-9eb8-d3c287416583","","1002","",""
"1002","1002","2200421552302622","default","2026-01-08 13:45:48","","2026-01-08 13:46:02","14","0","NORMAL_CLEARING","1af0a54a-a51b-4375-b8e7-62e2bb8a9f4f","","1002","",""
"1002","1002","2200421552302622","default","2026-01-08 13:45:50","","2026-01-08 13:46:03","13","0","NORMAL_CLEARING","5e5e3994-3060-48b9-87c0-00fc7833e882","","1002","",""
"1002","1002","2200972567301988","default","2026-01-08 13:45:50","","2026-01-08 13:46:04","14","0","NORMAL_CLEARING","960cbf19-4c9e-4790-abac-bfda5b68dab2","","1002","",""
"1002","1002","3300421552302622","default","2026-01-08 13:46:08","","2026-01-08 13:46:21","13","0","NORMAL_CLEARING","484e9c03-951b-4c17-9800-4e581e65615d","","1002","",""
"1002","1002","3300421552302622","default","2026-01-08 13:46:08","","2026-01-08 13:46:21","13","0","NORMAL_CLEARING","7b0b4e0a-7d4c-4d72-8786-9326944693ec","","1002","",""
"1002","1002","3300972567301988","default","2026-01-08 13:46:08","","2026-01-08 13:46:21","13","0","NORMAL_CLEARING","41bbef18-cafd-4cb3-a96c-e66eb2f09ebd","","1002","",""
"1002","1002","3300972567301988","default","2026-01-08 13:46:08","","2026-01-08 13:46:21","13","0","NORMAL_CLEARING","f224a9c0-a11d-4933-a3bc-90ae81afe644","","1002","",""
"1002","1002","3300972567301988","default","2026-01-08 13:46:09","","2026-01-08 13:46:22","13","0","NORMAL_CLEARING","a9a1c03a-ee86-49fa-ade9-25297951f867","","1002","",""
"1002","1002","3300421552302622","default","2026-01-08 13:46:09","","2026-01-08 13:46:22","13","0","NORMAL_CLEARING","3bda4467-09ef-4563-9fe9-d4ae31de363d","","1002","",""
"1002","1002","3300421552302622","default","2026-01-08 13:46:10","","2026-01-08 13:46:23","13","0","NORMAL_CLEARING","f6c5a7ae-700f-4b92-ad24-ce3f280ab877","","1002","",""
"1002","1002","3300972567301988","default","2026-01-08 13:46:10","","2026-01-08 13:46:23","13","0","NORMAL_CLEARING","2b29800d-6de1-4130-833d-256b0f6b0980","","1002","",""
"1002","1002","3300421552302622","default","2026-01-08 13:46:12","","2026-01-08 13:46:25","13","0","NORMAL_CLEARING","49916f39-f18b-44d0-95ce-7c896654ffbb","","1002","",""
"1002","1002","3300972567301988","default","2026-01-08 13:46:12","","2026-01-08 13:46:25","13","0","NORMAL_CLEARING","c3c11fed-f4a3-46d1-9a33-10e72a734f87","","1002","",""
"1002","1002","9000421552302622","default","2026-01-08 13:46:30","","2026-01-08 13:46:46","16","0","NORMAL_CLEARING","b884c977-285f-4d47-9146-0b7b77f2edc2","","1002","",""
"1002","1002","9000972567301988","default","2026-01-08 13:46:30","","2026-01-08 13:46:46","16","0","NORMAL_CLEARING","dd57d4a4-acd6-4b34-a4ef-a9c4239737f1","","1002","",""
"1002","1002","9000421552302622","default","2026-01-08 13:46:31","","2026-01-08 13:46:47","16","0","NORMAL_CLEARING","820c4c2e-625b-42b5-9326-56d0eccc70b4","","1002","",""
"1002","1002","9000972567301988","default","2026-01-08 13:46:31","","2026-01-08 13:46:47","16","0","NORMAL_CLEARING","7d5f303b-974d-4ab4-87f2-97de23f54db6","","1002","",""
"1002","1002","9000421552302622","default","2026-01-08 13:46:31","","2026-01-08 13:46:47","16","0","NORMAL_CLEARING","6b341cf8-0252-422d-980b-a8e7af6fd904","","1002","",""
"1002","1002","9000972567301988","default","2026-01-08 13:46:31","","2026-01-08 13:46:48","17","0","NORMAL_CLEARING","aa275d71-441f-40dd-938c-c4f74e476843","","1002","",""
"1002","1002","9000421552302622","default","2026-01-08 13:46:32","","2026-01-08 13:46:48","16","0","NORMAL_CLEARING","da8c0c6b-0865-45d9-a631-6cf185bbe7c9","","1002","",""
"1002","1002","9000972567301988","default","2026-01-08 13:46:32","","2026-01-08 13:46:49","17","0","NORMAL_CLEARING","9bbc05b0-c829-4df1-b827-323ce32f47d1","","1002","",""
"1002","1002","9000421552302622","default","2026-01-08 13:46:34","","2026-01-08 13:46:50","16","0","NORMAL_CLEARING","1ea8d57e-7b68-42b3-b17b-eeadaecc219b","","1002","",""
"1002","1002","9000972567301988","default","2026-01-08 13:46:34","","2026-01-08 13:46:50","16","0","NORMAL_CLEARING","1948019e-7dd1-405b-b856-e31274e8b7dd","","1002","",""
"1002","1002","8000972567301988","default","2026-01-08 13:46:53","","2026-01-08 13:47:07","14","0","NORMAL_CLEARING","97535016-70ba-4adc-b8e6-30f58589a89e","","1002","",""
"1002","1002","8000421552302622","default","2026-01-08 13:46:53","","2026-01-08 13:47:07","14","0","NORMAL_CLEARING","ff8950ac-02eb-4836-ba36-9b8dd84c0374","","1002","",""
"1002","1002","8000421552302622","default","2026-01-08 13:46:53","","2026-01-08 13:47:07","14","0","NORMAL_CLEARING","1f3ac41c-c2f5-435c-9df1-a74f5f6da5ac","","1002","",""
"1002","1002","8000972567301988","default","2026-01-08 13:46:53","","2026-01-08 13:47:07","14","0","NORMAL_CLEARING","f8c0cdb9-08bd-4822-9236-32271bfc78bc","","1002","",""
"1002","1002","8000421552302622","default","2026-01-08 13:46:54","","2026-01-08 13:47:07","13","0","NORMAL_CLEARING","65b2034f-1311-4df8-8815-83acb0ee5c65","","1002","",""
"1002","1002","8000972567301988","default","2026-01-08 13:46:54","","2026-01-08 13:47:08","14","0","NORMAL_CLEARING","f4b0cb83-ee13-4f98-a44f-d4084531b3c2","","1002","",""
"1002","1002","8000421552302622","default","2026-01-08 13:46:55","","2026-01-08 13:47:09","14","0","NORMAL_CLEARING","c5a2438f-0815-44ef-b8c8-25e030a95e15","","1002","",""
"1002","1002","8000972567301988","default","2026-01-08 13:46:55","","2026-01-08 13:47:09","14","0","NORMAL_CLEARING","8aab2a61-35a4-46e7-aad6-6affd3a67da0","","1002","",""
"1002","1002","8000972567301988","default","2026-01-08 13:46:57","","2026-01-08 13:47:10","13","0","NORMAL_CLEARING","afbb0e44-bfa8-4d61-95b6-4122968f9d72","","1002","",""
"1002","1002","8000421552302622","default","2026-01-08 13:46:57","","2026-01-08 13:47:10","13","0","NORMAL_CLEARING","7d6a6730-1d88-4c55-ae39-53fc76acf1ea","","1002","",""
"1002","1002","7000972567301988","default","2026-01-08 13:47:15","","2026-01-08 13:47:28","13","0","NORMAL_CLEARING","c93f8a1d-7fe6-4365-9095-72985f635924","","1002","",""
"1002","1002","7000972567301988","default","2026-01-08 13:47:15","","2026-01-08 13:47:28","13","0","NORMAL_CLEARING","dba936ae-9b1c-4e52-996b-affa3ed6ed53","","1002","",""
"1002","1002","7000421552302622","default","2026-01-08 13:47:15","","2026-01-08 13:47:28","13","0","NORMAL_CLEARING","608bf7ab-bde7-4a72-9c92-55303c713ed0","","1002","",""
"1002","1002","7000421552302622","default","2026-01-08 13:47:15","","2026-01-08 13:47:28","13","0","NORMAL_CLEARING","29c784ba-bd3e-4927-8ad4-7aa1f5111690","","1002","",""
"1002","1002","7000972567301988","default","2026-01-08 13:47:16","","2026-01-08 13:47:29","13","0","NORMAL_CLEARING","fbfe4a11-0d97-4b6a-9708-962b5ba50161","","1002","",""
"1002","1002","7000421552302622","default","2026-01-08 13:47:16","","2026-01-08 13:47:29","13","0","NORMAL_CLEARING","bde5d2c9-b5ed-457e-bae2-bcbd75c7039b","","1002","",""
"1002","1002","7000421552302622","default","2026-01-08 13:47:17","","2026-01-08 13:47:30","13","0","NORMAL_CLEARING","a80773ef-3a97-4f87-8eeb-b46d7ad379ab","","1002","",""
"1002","1002","7000972567301988","default","2026-01-08 13:47:17","","2026-01-08 13:47:30","13","0","NORMAL_CLEARING","d9540cdc-04eb-48ee-8a20-41cd8bcabcad","","1002","",""
"1002","1002","7000421552302622","default","2026-01-08 13:47:20","","2026-01-08 13:47:32","12","0","NORMAL_CLEARING","a5bada14-60a0-4266-8a10-de71a7050b65","","1002","",""
"1002","1002","7000972567301988","default","2026-01-08 13:47:20","","2026-01-08 13:47:32","12","0","NORMAL_CLEARING","3fa85d7e-8216-4ff3-8406-009efbe46c03","","1002","",""
"1002","1002","1000972567301988","default","2026-01-08 13:47:38","","2026-01-08 13:47:50","12","0","NORMAL_CLEARING","38379cde-bdc6-4967-80d6-f3590e5d9a66","","1002","",""
"1002","1002","1000421552302622","default","2026-01-08 13:47:38","","2026-01-08 13:47:50","12","0","NORMAL_CLEARING","f4225055-2e7d-44b1-863a-98c24c537e5b","","1002","",""
"1002","1002","1000972567301988","default","2026-01-08 13:47:38","","2026-01-08 13:47:50","12","0","NORMAL_CLEARING","b0d22637-0a9c-4194-b84c-352dd61e58e0","","1002","",""
"1002","1002","1000421552302622","default","2026-01-08 13:47:38","","2026-01-08 13:47:50","12","0","NORMAL_CLEARING","91d0b3df-485c-4fd4-9b85-c14c76b754c0","","1002","",""
"1002","1002","1000972567301988","default","2026-01-08 13:47:39","","2026-01-08 13:47:51","12","0","NORMAL_CLEARING","b6c2546a-9ded-4527-a4c4-9a0abf06ef6b","","1002","",""
"1002","1002","1000421552302622","default","2026-01-08 13:47:39","","2026-01-08 13:47:51","12","0","NORMAL_CLEARING","78b66205-4a6b-4333-93f9-284a17dbd478","","1002","",""
"1002","1002","1000421552302622","default","2026-01-08 13:47:40","","2026-01-08 13:47:52","12","0","NORMAL_CLEARING","dd5d883f-ee59-45cc-81ac-38ac3f211939","","1002","",""
"1002","1002","1000972567301988","default","2026-01-08 13:47:40","","2026-01-08 13:47:52","12","0","NORMAL_CLEARING","6f4d3c2f-cfeb-4ce8-9564-8e98ff44230e","","1002","",""
"1002","1002","1000421552302622","default","2026-01-08 13:47:42","","2026-01-08 13:47:54","12","0","NORMAL_CLEARING","4a8cd060-8aa3-40d4-bfc7-67449b5c9355","","1002","",""
"1002","1002","1000972567301988","default","2026-01-08 13:47:42","","2026-01-08 13:47:54","12","0","NORMAL_CLEARING","41939fa5-387f-4ae7-98f0-feac065c2d2f","","1002","",""
"1002","1002","0.421552302622","default","2026-01-08 13:48:00","","2026-01-08 13:48:11","11","0","NORMAL_CLEARING","94ba341e-fb9c-46ca-a829-e75b20d5f851","","1002","",""
"1002","1002","0.972567301988","default","2026-01-08 13:48:00","","2026-01-08 13:48:12","12","0","NORMAL_CLEARING","cfe56023-fffe-423f-8467-e7704f03fe8e","","1002","",""
"1002","1002","0.972567301988","default","2026-01-08 13:48:00","","2026-01-08 13:48:12","12","0","NORMAL_CLEARING","821e2e9a-6b8e-434b-ba55-3c4cbe7bf2c9","","1002","",""
"1002","1002","0.421552302622","default","2026-01-08 13:48:00","","2026-01-08 13:48:12","12","0","NORMAL_CLEARING","c718cf51-9712-43ec-8932-584431bbdebe","","1002","",""
"1002","1002","0.421552302622","default","2026-01-08 13:48:01","","2026-01-08 13:48:12","11","0","NORMAL_CLEARING","27c938d7-bbb5-457a-a759-ffc6bf14ed3c","","1002","",""
"1002","1002","0.972567301988","default","2026-01-08 13:48:01","","2026-01-08 13:48:12","11","0","NORMAL_CLEARING","773d07d5-6f1a-4eec-a94e-ff62ef59775e","","1002","",""
"1002","1002","0.972567301988","default","2026-01-08 13:48:02","","2026-01-08 13:48:14","12","0","NORMAL_CLEARING","2fe8d07f-dcf0-43f8-b89a-9ce7f42a4fd7","","1002","",""
"1002","1002","0.421552302622","default","2026-01-08 13:48:02","","2026-01-08 13:48:14","12","0","NORMAL_CLEARING","0d278464-b41c-48d9-8634-3867386f8245","","1002","",""
"1002","1002","0.421552302622","default","2026-01-08 13:48:04","","2026-01-08 13:48:16","12","0","NORMAL_CLEARING","743fd099-90be-4cd9-ac6b-84f52198c7e2","","1002","",""
"1002","1002","0.972567301988","default","2026-01-08 13:48:04","","2026-01-08 13:48:16","12","0","NORMAL_CLEARING","bea3ba97-f5a8-41bd-a8fb-513cdfba51d9","","1002","",""
"1002","1002","9421552302622","default","2026-01-08 13:48:22","","2026-01-08 13:48:36","14","0","UNALLOCATED_NUMBER","b28533d7-1924-4261-913e-1752c7aec5bc","","1002","",""
"1002","1002","9972567301988","default","2026-01-08 13:48:22","","2026-01-08 13:48:36","14","0","UNALLOCATED_NUMBER","c3e4a60b-4a12-4767-b4f1-187067f0e5be","","1002","",""
"1002","1002","9972567301988","default","2026-01-08 13:48:22","","2026-01-08 13:48:36","14","0","UNALLOCATED_NUMBER","a601a513-4b68-41b1-904e-4e7b9b168f5e","","1002","",""
"1002","1002","9421552302622","default","2026-01-08 13:48:22","","2026-01-08 13:48:36","14","0","UNALLOCATED_NUMBER","01aa74c4-548f-4435-975b-46a0ebe5c667","","1002","",""
"1002","1002","9972567301988","default","2026-01-08 13:48:23","","2026-01-08 13:48:37","14","0","UNALLOCATED_NUMBER","1e371bb1-bd03-4be8-8714-f8014894d64a","","1002","",""
"1002","1002","9421552302622","default","2026-01-08 13:48:23","","2026-01-08 13:48:37","14","0","UNALLOCATED_NUMBER","246c5b80-fedc-4ab0-9557-ebe76670c977","","1002","",""
"1002","1002","9421552302622","default","2026-01-08 13:48:24","","2026-01-08 13:48:38","14","0","UNALLOCATED_NUMBER","8d1c8b6b-d18a-40bd-ac28-91b3527b0cff","","1002","",""
"1002","1002","9972567301988","default","2026-01-08 13:48:24","","2026-01-08 13:48:38","14","0","UNALLOCATED_NUMBER","d91179a6-bbe9-41fb-8cbb-25c84852c671","","1002","",""
"1002","1002","9972567301988","default","2026-01-08 13:48:26","","2026-01-08 13:48:40","14","0","UNALLOCATED_NUMBER","768c177b-6e60-4c2d-bf7b-fdc965b5d681","","1002","",""
"1002","1002","9421552302622","default","2026-01-08 13:48:26","","2026-01-08 13:48:40","14","0","UNALLOCATED_NUMBER","ef5c84b4-acc2-4636-bf64-5eaac9bd9a2f","","1002","",""
"1002","1002","8972567301988","default","2026-01-08 13:48:44","","2026-01-08 13:48:57","13","0","UNALLOCATED_NUMBER","4bfe3204-c832-4638-b080-6828c2d52970","","1002","",""
"1002","1002","8421552302622","default","2026-01-08 13:48:44","","2026-01-08 13:48:57","13","0","UNALLOCATED_NUMBER","bb812180-868b-4e9f-8fbb-dc61aa50a0f6","","1002","",""
"1002","1002","8421552302622","default","2026-01-08 13:48:45","","2026-01-08 13:48:57","12","0","UNALLOCATED_NUMBER","4460653b-c031-4195-a473-2d146959885c","","1002","",""
"1002","1002","8972567301988","default","2026-01-08 13:48:45","","2026-01-08 13:48:57","12","0","UNALLOCATED_NUMBER","4969a27c-bae6-42a9-a957-82c2048d4ba6","","1002","",""
"1002","1002","8972567301988","default","2026-01-08 13:48:45","","2026-01-08 13:48:57","12","0","UNALLOCATED_NUMBER","fa25d75d-8a4a-4153-90a8-946e9cf127cf","","1002","",""
"1002","1002","8421552302622","default","2026-01-08 13:48:45","","2026-01-08 13:48:57","12","0","UNALLOCATED_NUMBER","0923bc04-a9c0-4f02-a88f-c2e027a4754e","","1002","",""
"1002","1002","8972567301988","default","2026-01-08 13:48:46","","2026-01-08 13:48:58","12","0","UNALLOCATED_NUMBER","9f0b6c0c-c084-471b-8916-014c8705d94d","","1002","",""
"1002","1002","8421552302622","default","2026-01-08 13:48:46","","2026-01-08 13:48:58","12","0","UNALLOCATED_NUMBER","1cf2db13-6a5e-472c-85c7-4c02bc57bd42","","1002","",""
"1002","1002","8421552302622","default","2026-01-08 13:48:49","","2026-01-08 13:49:00","11","0","UNALLOCATED_NUMBER","cd2d005c-538a-4448-ad35-98c208027717","","1002","",""
"1002","1002","8972567301988","default","2026-01-08 13:48:49","","2026-01-08 13:49:00","11","0","UNALLOCATED_NUMBER","16754b55-1c14-4f10-b0a6-d596e1b40a2c","","1002","",""
"1002","1002","7421552302622","default","2026-01-08 13:49:06","","2026-01-08 13:49:27","21","0","UNALLOCATED_NUMBER","9a206e76-94ac-42de-85b2-b80b5d46d53c","","1002","",""
"1002","1002","7972567301988","default","2026-01-08 13:49:06","","2026-01-08 13:49:27","21","0","UNALLOCATED_NUMBER","694524bb-3a2c-4734-933c-684c8a2b99cc","","1002","",""
"1002","1002","7972567301988","default","2026-01-08 13:49:07","","2026-01-08 13:49:27","20","0","UNALLOCATED_NUMBER","96152dcf-1b99-49f3-abef-dbd6fb0d8c3e","","1002","",""
"1002","1002","7421552302622","default","2026-01-08 13:49:07","","2026-01-08 13:49:28","21","0","UNALLOCATED_NUMBER","813b3f97-1f87-41e6-b745-b4777ddd2823","","1002","",""
"1002","1002","7421552302622","default","2026-01-08 13:49:08","","2026-01-08 13:49:29","21","0","UNALLOCATED_NUMBER","31dca382-2adf-414b-9199-9d5e3e0cd1bb","","1002","",""
"1002","1002","7972567301988","default","2026-01-08 13:49:08","","2026-01-08 13:49:29","21","0","UNALLOCATED_NUMBER","39d5a1bc-a814-4def-ae0b-5f7ad7cba279","","1002","",""
"1002","1002","7421552302622","default","2026-01-08 13:49:08","","2026-01-08 13:49:30","22","0","UNALLOCATED_NUMBER","48a1a425-98f5-4d4b-ad8b-155d4ae9b6ee","","1002","",""
"1002","1002","7972567301988","default","2026-01-08 13:49:08","","2026-01-08 13:49:30","22","0","UNALLOCATED_NUMBER","12500c20-7f7c-425f-b1ee-522ab3b44aeb","","1002","",""
"1002","1002","7421552302622","default","2026-01-08 13:49:11","","2026-01-08 13:49:33","22","0","UNALLOCATED_NUMBER","902d306a-65ac-4e6c-a536-849547cc5def","","1002","",""
"1002","1002","7972567301988","default","2026-01-08 13:49:11","","2026-01-08 13:49:33","22","0","UNALLOCATED_NUMBER","26fd19a2-d67b-4c26-b44a-1c0d02cefe34","","1002","",""
"1002","1002","0011972567301988","default","2026-01-08 13:49:28","","2026-01-08 13:49:51","23","0","NORMAL_CLEARING","f40514c5-709e-4fd5-9d0b-ea18fd57ce9c","","1002","",""
"1002","1002","0011421552302622","default","2026-01-08 13:49:28","","2026-01-08 13:49:52","24","0","NORMAL_CLEARING","b85d989a-624a-4c5f-b7eb-e0a1a342bbe5","","1002","",""
"1002","1002","0011972567301988","default","2026-01-08 13:49:28","","2026-01-08 13:49:52","24","0","NORMAL_CLEARING","44e8ec2e-9924-4e4f-ab77-e8cdfa5346ae","","1002","",""
"1002","1002","0011421552302622","default","2026-01-08 13:49:28","","2026-01-08 13:49:52","24","0","NORMAL_CLEARING","74d9e522-3c97-445e-a165-1e63242dadb9","","1002","",""
"1002","1002","0011421552302622","default","2026-01-08 13:49:29","","2026-01-08 13:49:52","23","0","NORMAL_CLEARING","5263613d-5644-4c1d-8048-44eb3fb03706","","1002","",""
"1002","1002","0011972567301988","default","2026-01-08 13:49:29","","2026-01-08 13:49:53","24","0","NORMAL_CLEARING","84c62ed4-dec2-4ae0-978c-b8c5f2cbe38e","","1002","",""
"1002","1002","0011421552302622","default","2026-01-08 13:49:30","","2026-01-08 13:49:53","23","0","NORMAL_CLEARING","d3fb8720-9a5e-464f-84d4-e7aa965dc90c","","1002","",""
"1002","1002","0011972567301988","default","2026-01-08 13:49:30","","2026-01-08 13:49:54","24","0","NORMAL_CLEARING","3de295b0-bf33-4f0b-8986-0197b558ae5c","","1002","",""
"1002","1002","0011972567301988","default","2026-01-08 13:49:34","","2026-01-08 13:49:57","23","0","NORMAL_CLEARING","266a5734-abdd-451d-9576-7ca91dced3ec","","1002","",""
"1002","1002","0011421552302622","default","2026-01-08 13:49:34","","2026-01-08 13:49:57","23","0","NORMAL_CLEARING","8f4f9a95-a5a1-434b-9d4e-3e7b9950d17a","","1002","",""
"1002","1002","00011421552302622","default","2026-01-08 13:49:51","","2026-01-08 13:50:12","21","0","NORMAL_CLEARING","dbdd5d52-063d-4e57-b997-301fdda5375a","","1002","",""
"1002","1002","00011972567301988","default","2026-01-08 13:49:51","","2026-01-08 13:50:12","21","0","NORMAL_CLEARING","39e064f2-b411-41fe-88b8-4b454309b8b4","","1002","",""
"1002","1002","00011972567301988","default","2026-01-08 13:49:51","","2026-01-08 13:50:12","21","0","NORMAL_CLEARING","8ce13d5f-13a1-4ae1-902d-6429c81f65d3","","1002","",""
"1002","1002","00011421552302622","default","2026-01-08 13:49:51","","2026-01-08 13:50:12","21","0","NORMAL_CLEARING","578668df-9ca2-47a3-89c5-3f3e572fcbcd","","1002","",""
"1002","1002","00011421552302622","default","2026-01-08 13:49:52","","2026-01-08 13:50:13","21","0","NORMAL_CLEARING","82c1849a-462d-46d7-b17f-f8dea00a6559","","1002","",""
"1002","1002","00011972567301988","default","2026-01-08 13:49:52","","2026-01-08 13:50:13","21","0","NORMAL_CLEARING","ecb35b68-8cce-422b-b543-9a0a8e23e264","","1002","",""
"1002","1002","00011972567301988","default","2026-01-08 13:49:52","","2026-01-08 13:50:13","21","0","NORMAL_CLEARING","b76691e5-c42a-4615-be12-7f1103f55ce8","","1002","",""
"1002","1002","00011421552302622","default","2026-01-08 13:49:52","","2026-01-08 13:50:13","21","0","NORMAL_CLEARING","4c90992b-6c40-49d5-882e-340566ffb56b","","1002","",""
"1002","1002","00011421552302622","default","2026-01-08 13:49:56","","2026-01-08 13:50:17","21","0","NORMAL_CLEARING","3cdaa547-fd54-4d21-b3c6-8490c612fb65","","1002","",""
"1002","1002","00011972567301988","default","2026-01-08 13:49:56","","2026-01-08 13:50:17","21","0","NORMAL_CLEARING","f1ce7115-3961-46a6-b99c-268464077bf2","","1002","",""
"1002","1002","100972567301988","default","2026-01-08 13:50:14","","2026-01-08 13:50:33","19","0","NORMAL_CLEARING","9b535ac2-5953-4725-afe5-026da9156dbe","","1002","",""
"1002","1002","100421552302622","default","2026-01-08 13:50:14","","2026-01-08 13:50:34","20","0","NORMAL_CLEARING","c448b6da-c737-40d9-b4de-9ae1e57ab3e7","","1002","",""
"1002","1002","100421552302622","default","2026-01-08 13:50:14","","2026-01-08 13:50:34","20","0","NORMAL_CLEARING","03068b40-779e-4274-b8a2-52589f60f7e6","","1002","",""
"1002","1002","100421552302622","default","2026-01-08 13:50:14","","2026-01-08 13:50:34","20","0","NORMAL_CLEARING","6dbde4aa-cd97-42c5-87a4-757d0fa6b57f","","1002","",""
"1002","1002","100972567301988","default","2026-01-08 13:50:14","","2026-01-08 13:50:34","20","0","NORMAL_CLEARING","4c2c12c2-a9ff-45c7-af53-dddaea9f18a6","","1002","",""
"1002","1002","100972567301988","default","2026-01-08 13:50:14","","2026-01-08 13:50:34","20","0","NORMAL_CLEARING","0f643b9c-0b01-4bd5-99e2-8e8aa199acd4","","1002","",""
"1002","1002","100421552302622","default","2026-01-08 13:50:14","","2026-01-08 13:50:34","20","0","NORMAL_CLEARING","cf46adcd-bf08-4576-9792-97eb06a46125","","1002","",""
"1002","1002","100972567301988","default","2026-01-08 13:50:15","","2026-01-08 13:50:34","19","0","NORMAL_CLEARING","cf893a46-4d29-40e7-88be-3a04a8003252","","1002","",""
"1002","1002","100972567301988","default","2026-01-08 13:50:20","","2026-01-08 13:50:39","19","0","NORMAL_CLEARING","3b4f11ec-b9d9-45c6-b190-44e3a99d3605","","1002","",""
"1002","1002","100421552302622","default","2026-01-08 13:50:20","","2026-01-08 13:50:40","20","0","NORMAL_CLEARING","f1dced31-d0c2-499f-8e80-97c13b2766a9","","1002","",""
"1002","1002","200972567301988","default","2026-01-08 13:50:37","","2026-01-08 13:50:57","20","0","UNALLOCATED_NUMBER","edcf6d95-3da2-4dd0-843a-d6b37f918ea8","","1002","",""
"1002","1002","200421552302622","default","2026-01-08 13:50:37","","2026-01-08 13:50:57","20","0","UNALLOCATED_NUMBER","3e90e682-7e98-4e69-9d82-7d4e1752940a","","1002","",""
"1002","1002","200421552302622","default","2026-01-08 13:50:37","","2026-01-08 13:50:58","21","0","UNALLOCATED_NUMBER","0f25a0d0-6995-466c-bf71-50a4b1409c04","","1002","",""
"1002","1002","200421552302622","default","2026-01-08 13:50:37","","2026-01-08 13:50:58","21","0","UNALLOCATED_NUMBER","a80849ab-671c-4e50-aa29-722e727d7071","","1002","",""
"1002","1002","200972567301988","default","2026-01-08 13:50:37","","2026-01-08 13:50:58","21","0","UNALLOCATED_NUMBER","5a877013-46d4-49d2-a4da-d552cffdd8cd","","1002","",""
"1002","1002","200972567301988","default","2026-01-08 13:50:37","","2026-01-08 13:50:58","21","0","UNALLOCATED_NUMBER","2bfb0915-00eb-481f-88df-775f8c8e21ae","","1002","",""
"1002","1002","200421552302622","default","2026-01-08 13:50:37","","2026-01-08 13:50:58","21","0","UNALLOCATED_NUMBER","c8f42aec-0c37-4cae-b798-5a3b4ec889af","","1002","",""
"1002","1002","200972567301988","default","2026-01-08 13:50:37","","2026-01-08 13:50:59","22","0","UNALLOCATED_NUMBER","daa44a83-705f-4280-b6f8-7ffacf92f95a","","1002","",""
"1002","1002","200972567301988","default","2026-01-08 13:50:42","","2026-01-08 13:51:03","21","0","UNALLOCATED_NUMBER","8042d070-0d9b-47f5-8c03-525543476198","","1002","",""
"1002","1002","200421552302622","default","2026-01-08 13:50:42","","2026-01-08 13:51:03","21","0","UNALLOCATED_NUMBER","aba85cc4-6ea8-461a-8659-8b7bc89e1abd","","1002","",""
"1002","1002","300972567301988","default","2026-01-08 13:50:59","","2026-01-08 13:51:21","22","0","UNALLOCATED_NUMBER","541a2402-bea4-4a1e-8eb7-30cec3b37d51","","1002","",""
"1002","1002","300972567301988","default","2026-01-08 13:50:59","","2026-01-08 13:51:21","22","0","UNALLOCATED_NUMBER","8bede2c3-1c8a-4b50-a28b-47b7503d68c8","","1002","",""
"1002","1002","300421552302622","default","2026-01-08 13:50:59","","2026-01-08 13:51:21","22","0","UNALLOCATED_NUMBER","67dfda10-ffcb-489f-9b42-22d681b05441","","1002","",""
"1002","1002","300421552302622","default","2026-01-08 13:50:59","","2026-01-08 13:51:21","22","0","UNALLOCATED_NUMBER","ab1a2f15-acf1-4ade-a192-7f87c77ceacc","","1002","",""
"1002","1002","300421552302622","default","2026-01-08 13:50:59","","2026-01-08 13:51:21","22","0","UNALLOCATED_NUMBER","76161cbf-5f3b-4d50-b1ac-79ccd96b9044","","1002","",""
"1002","1002","300421552302622","default","2026-01-08 13:51:00","","2026-01-08 13:51:21","21","0","UNALLOCATED_NUMBER","34768136-57f9-4b41-bf20-3974a3941e40","","1002","",""
"1002","1002","300972567301988","default","2026-01-08 13:50:59","","2026-01-08 13:51:22","23","0","UNALLOCATED_NUMBER","fda86b7e-d504-4395-a287-28c427abcb7e","","1002","",""
"1002","1002","300972567301988","default","2026-01-08 13:51:00","","2026-01-08 13:51:22","22","0","UNALLOCATED_NUMBER","cb6448fa-2375-42ff-8c5b-0b55de9fe696","","1002","",""
"1002","1002","300972567301988","default","2026-01-08 13:51:05","","2026-01-08 13:51:26","21","0","UNALLOCATED_NUMBER","acf3145e-7411-4f36-92f3-9c7d3c70d837","","1002","",""
"1002","1002","300421552302622","default","2026-01-08 13:51:05","","2026-01-08 13:51:26","21","0","UNALLOCATED_NUMBER","3238f996-a91d-4503-95ba-39d86b897559","","1002","",""
"1002","1002","400972567301988","default","2026-01-08 13:51:22","","2026-01-08 13:51:43","21","0","UNALLOCATED_NUMBER","27d6541a-9eac-43a7-8545-91fb24198fca","","1002","",""
"1002","1002","400972567301988","default","2026-01-08 13:51:22","","2026-01-08 13:51:43","21","0","UNALLOCATED_NUMBER","a829f318-93e8-4210-b20a-b3b6f28a02a7","","1002","",""
"1002","1002","400421552302622","default","2026-01-08 13:51:22","","2026-01-08 13:51:43","21","0","UNALLOCATED_NUMBER","30b8ca10-e274-477f-8e72-3b4dcf4b5cc6","","1002","",""
"1002","1002","400972567301988","default","2026-01-08 13:51:22","","2026-01-08 13:51:43","21","0","UNALLOCATED_NUMBER","21de6ef6-211b-4a1d-96e9-ecac38fa7082","","1002","",""
"1002","1002","400421552302622","default","2026-01-08 13:51:22","","2026-01-08 13:51:43","21","0","UNALLOCATED_NUMBER","c69dc166-a33e-4b75-aef5-a5a39cd1cec0","","1002","",""
"1002","1002","400421552302622","default","2026-01-08 13:51:22","","2026-01-08 13:51:43","21","0","UNALLOCATED_NUMBER","2bc524da-c7e9-4683-a207-3601a9a09a3a","","1002","",""
"1002","1002","400421552302622","default","2026-01-08 13:51:23","","2026-01-08 13:51:44","21","0","UNALLOCATED_NUMBER","658291e1-669e-4f11-ba8d-c17bdbfed693","","1002","",""
"1002","1002","400972567301988","default","2026-01-08 13:51:23","","2026-01-08 13:51:44","21","0","UNALLOCATED_NUMBER","33dd8425-e8e0-4116-984d-5002c202585f","","1002","",""
"1002","1002","400421552302622","default","2026-01-08 13:51:28","","2026-01-08 13:51:49","21","0","UNALLOCATED_NUMBER","e6357b0b-1c48-41a2-a807-d9be3a09539a","","1002","",""
"1002","1002","400972567301988","default","2026-01-08 13:51:28","","2026-01-08 13:51:49","21","0","UNALLOCATED_NUMBER","37ea149a-294a-4430-97b5-a292fc1379f7","","1002","",""
"1002","1002","500421552302622","default","2026-01-08 13:51:43","","2026-01-08 13:52:05","22","0","UNALLOCATED_NUMBER","2ae07e32-f0f1-4847-9ea2-c63173d589f4","","1002","",""
"1002","1002","500421552302622","default","2026-01-08 13:51:43","","2026-01-08 13:52:05","22","0","UNALLOCATED_NUMBER","e216d317-c83a-4794-b806-fcb6e6e121db","","1002","",""
"1002","1002","500972567301988","default","2026-01-08 13:51:43","","2026-01-08 13:52:05","22","0","UNALLOCATED_NUMBER","65618270-3e70-43f0-b495-4943b9065eba","","1002","",""
"1002","1002","500972567301988","default","2026-01-08 13:51:43","","2026-01-08 13:52:06","23","0","UNALLOCATED_NUMBER","633c795a-1072-4788-9545-f769d1e5d66d","","1002","",""
"1002","1002","500421552302622","default","2026-01-08 13:51:44","","2026-01-08 13:52:07","23","0","UNALLOCATED_NUMBER","41c7912a-f8f3-491e-ae4b-94521537f96b","","1002","",""
"1002","1002","500972567301988","default","2026-01-08 13:51:44","","2026-01-08 13:52:07","23","0","UNALLOCATED_NUMBER","d056621e-ff10-42ce-91fc-da0c56122dbe","","1002","",""
"1002","1002","500421552302622","default","2026-01-08 13:51:45","","2026-01-08 13:52:07","22","0","UNALLOCATED_NUMBER","a5af672f-126f-405d-9fa9-63ff732c3602","","1002","",""
"1002","1002","500972567301988","default","2026-01-08 13:51:45","","2026-01-08 13:52:08","23","0","UNALLOCATED_NUMBER","8bb6f97f-607e-440b-a9b0-120ff2e3c8de","","1002","",""
"1002","1002","500972567301988","default","2026-01-08 13:51:50","","2026-01-08 13:52:13","23","0","UNALLOCATED_NUMBER","0fd211ea-08fe-41ed-93c7-423f361aab15","","1002","",""
"1002","1002","500421552302622","default","2026-01-08 13:51:50","","2026-01-08 13:52:13","23","0","UNALLOCATED_NUMBER","63f44f4e-2bdb-43af-b833-2db8d200639d","","1002","",""
"1002","1002","600421552302622","default","2026-01-08 13:52:06","","2026-01-08 13:52:30","24","0","UNALLOCATED_NUMBER","8bc8d7fb-ab92-4587-ae82-60f59208ee26","","1002","",""
"1002","1002","600972567301988","default","2026-01-08 13:52:06","","2026-01-08 13:52:30","24","0","UNALLOCATED_NUMBER","592ecdb5-1b24-49fd-b733-c59d5ad8b3c5","","1002","",""
"1002","1002","600421552302622","default","2026-01-08 13:52:06","","2026-01-08 13:52:30","24","0","UNALLOCATED_NUMBER","98828ddf-5ca8-4795-bf53-c083958752be","","1002","",""
"1002","1002","600972567301988","default","2026-01-08 13:52:06","","2026-01-08 13:52:30","24","0","UNALLOCATED_NUMBER","261c4419-e49d-4bd7-a2f0-78df754d9de5","","1002","",""
"1002","1002","600972567301988","default","2026-01-08 13:52:07","","2026-01-08 13:52:32","25","0","UNALLOCATED_NUMBER","1eb358ac-6653-4c67-b6f8-f22321e26d51","","1002","",""
"1002","1002","600421552302622","default","2026-01-08 13:52:07","","2026-01-08 13:52:32","25","0","UNALLOCATED_NUMBER","9e6f8aff-4e82-4df5-b369-6478147d0bb8","","1002","",""
"1002","1002","600421552302622","default","2026-01-08 13:52:08","","2026-01-08 13:52:32","24","0","UNALLOCATED_NUMBER","33347370-c930-4d96-b6dc-df101947dd01","","1002","",""
"1002","1002","600972567301988","default","2026-01-08 13:52:08","","2026-01-08 13:52:33","25","0","UNALLOCATED_NUMBER","696099ad-f4cc-40d8-98fc-c1336b154904","","1002","",""
"1002","1002","600421552302622","default","2026-01-08 13:52:13","","2026-01-08 13:52:37","24","0","UNALLOCATED_NUMBER","ce418d13-751c-43ae-8aa9-bbb3a4b3bf5d","","1002","",""
"1002","1002","600972567301988","default","2026-01-08 13:52:13","","2026-01-08 13:52:37","24","0","UNALLOCATED_NUMBER","d7b89892-f078-4b9b-ab79-dc3da4cf6134","","1002","",""
"1002","1002","003972567301988","default","2026-01-08 13:52:29","","2026-01-08 13:52:53","24","0","NORMAL_CLEARING","fa467060-ccca-45fb-89c3-3631372b56be","","1002","",""
"1002","1002","003421552302622","default","2026-01-08 13:52:29","","2026-01-08 13:52:53","24","0","NORMAL_CLEARING","413c4c69-d31f-4da8-b443-83591db7b7db","","1002","",""
"1002","1002","003972567301988","default","2026-01-08 13:52:31","","2026-01-08 13:52:54","23","0","NORMAL_CLEARING","2165b8c6-3afb-4915-a60a-ff6aeeca1bdf","","1002","",""
"1002","1002","003421552302622","default","2026-01-08 13:52:31","","2026-01-08 13:52:54","23","0","NORMAL_CLEARING","83e86344-d482-425e-a19a-1b37c5792f36","","1002","",""
"1002","1002","003421552302622","default","2026-01-08 13:52:36","","2026-01-08 13:52:59","23","0","NORMAL_CLEARING","fa1932eb-d4ea-4641-845a-63584f25b0bb","","1002","",""
"1002","1002","003972567301988","default","2026-01-08 13:52:36","","2026-01-08 13:52:59","23","0","NORMAL_CLEARING","4b346362-d077-46ca-a2a7-797983e17f42","","1002","",""
"1002","1002","004972567301988","default","2026-01-08 13:52:49","","2026-01-08 13:53:11","22","0","NORMAL_CLEARING","c367cf29-2d0a-4562-bc0a-a9053ce488ef","","1002","",""
"1002","1002","004421552302622","default","2026-01-08 13:52:49","","2026-01-08 13:53:11","22","0","NORMAL_CLEARING","5b9fc29b-48c2-4c89-86b1-933d60e5ddad","","1002","",""
"1002","1002","004421552302622","default","2026-01-08 13:52:50","","2026-01-08 13:53:12","22","0","NORMAL_CLEARING","fc207087-8276-47df-8d59-84d7e9c98d68","","1002","",""
"1002","1002","004972567301988","default","2026-01-08 13:52:50","","2026-01-08 13:53:12","22","0","NORMAL_CLEARING","c5732983-2669-4fd1-b480-f99b29dc1a06","","1002","",""
"1002","1002","004972567301988","default","2026-01-08 13:52:52","","2026-01-08 13:53:13","21","0","NORMAL_CLEARING","c62c0a8a-98b9-4cb4-8ded-d199e2c09509","","1002","",""
"1002","1002","004421552302622","default","2026-01-08 13:52:52","","2026-01-08 13:53:13","21","0","NORMAL_CLEARING","9c0cec31-0bc2-4152-b004-9e1a79d6c4b6","","1002","",""
"1002","1002","004421552302622","default","2026-01-08 13:52:54","","2026-01-08 13:53:15","21","0","NORMAL_CLEARING","750b87a9-e6f2-4272-b6b5-9dc392ad2899","","1002","",""
"1002","1002","004972567301988","default","2026-01-08 13:52:54","","2026-01-08 13:53:15","21","0","NORMAL_CLEARING","09bb4ce2-eb7e-4416-af91-776b4dac79b6","","1002","",""
"1002","1002","004972567301988","default","2026-01-08 13:52:58","","2026-01-08 13:53:20","22","0","NORMAL_CLEARING","57879b32-2845-40d8-b270-1f25365e7eb0","","1002","",""
"1002","1002","004421552302622","default","2026-01-08 13:52:58","","2026-01-08 13:53:21","23","0","NORMAL_CLEARING","237d4079-983a-44e5-9dac-7916057ecb1d","","1002","",""
"1002","1002","005972567301988","default","2026-01-08 13:53:12","","2026-01-08 13:53:33","21","0","NORMAL_CLEARING","3d5b8f90-a89e-419c-b093-805f0d69fcdf","","1002","",""
"1002","1002","005421552302622","default","2026-01-08 13:53:12","","2026-01-08 13:53:34","22","0","NORMAL_CLEARING","4375beb1-2b26-4ad3-bb52-83c1d6103575","","1002","",""
"1002","1002","005972567301988","default","2026-01-08 13:53:13","","2026-01-08 13:53:34","21","0","NORMAL_CLEARING","7a961584-433e-4eac-a445-b5b71c18a139","","1002","",""
"1002","1002","005421552302622","default","2026-01-08 13:53:13","","2026-01-08 13:53:34","21","0","NORMAL_CLEARING","5ff922aa-56ca-4936-bed2-9ab32fc173a7","","1002","",""
"1002","1002","005972567301988","default","2026-01-08 13:53:14","","2026-01-08 13:53:35","21","0","NORMAL_CLEARING","419f6464-b871-4c3f-97cd-636dffae9dd0","","1002","",""
"1002","1002","005421552302622","default","2026-01-08 13:53:14","","2026-01-08 13:53:36","22","0","NORMAL_CLEARING","870607fd-03fe-43f1-b07b-fe7eee56adb4","","1002","",""
"1002","1002","005972567301988","default","2026-01-08 13:53:16","","2026-01-08 13:53:38","22","0","NORMAL_CLEARING","461a4495-1ecc-49d6-a1b9-e87caa8b4994","","1002","",""
"1002","1002","005421552302622","default","2026-01-08 13:53:16","","2026-01-08 13:53:38","22","0","NORMAL_CLEARING","f04ffd72-7990-4052-a854-03844378a5b1","","1002","",""
"1002","1002","005421552302622","default","2026-01-08 13:53:22","","2026-01-08 13:53:42","20","0","NORMAL_CLEARING","e6e0c70c-dc8f-428f-92d6-d85497f2c3f9","","1002","",""
"1002","1002","005972567301988","default","2026-01-08 13:53:22","","2026-01-08 13:53:42","20","0","NORMAL_CLEARING","250c2047-3d6f-464b-ab0d-2e96358aef6a","","1002","",""
"1002","1002","006972567301988","default","2026-01-08 13:53:35","","2026-01-08 13:53:54","19","0","NORMAL_CLEARING","99f3724b-5d79-4673-826d-2e386e585f7a","","1002","",""
"1002","1002","006421552302622","default","2026-01-08 13:53:34","","2026-01-08 13:53:54","20","0","NORMAL_CLEARING","93ef2b5f-28c1-4ed7-ba6e-0ef6f2e726f2","","1002","",""
"1002","1002","006421552302622","default","2026-01-08 13:53:35","","2026-01-08 13:53:54","19","0","NORMAL_CLEARING","6bbdfc34-5bf5-4e7c-a313-8acb810f0477","","1002","",""
"1002","1002","006972567301988","default","2026-01-08 13:53:35","","2026-01-08 13:53:55","20","0","NORMAL_CLEARING","70ffd0a9-8022-4714-9ddf-240a6edce06f","","1002","",""
"1002","1002","006421552302622","default","2026-01-08 13:53:37","","2026-01-08 13:53:56","19","0","NORMAL_CLEARING","760dbc5d-c87e-4a18-aa0b-96f10ac446df","","1002","",""
"1002","1002","006972567301988","default","2026-01-08 13:53:37","","2026-01-08 13:53:56","19","0","NORMAL_CLEARING","53dd9532-f224-4134-9424-635908d8a837","","1002","",""
"1002","1002","006421552302622","default","2026-01-08 13:53:39","","2026-01-08 13:53:58","19","0","NORMAL_CLEARING","0bacc819-6476-468f-ade6-edf953818ded","","1002","",""
"1002","1002","006972567301988","default","2026-01-08 13:53:39","","2026-01-08 13:53:58","19","0","NORMAL_CLEARING","19af5ce3-c0da-488e-a2de-68e9d5a1afae","","1002","",""
"1002","1002","006972567301988","default","2026-01-08 13:53:44","","2026-01-08 13:54:03","19","0","NORMAL_CLEARING","1e64c2f5-5643-41f0-829d-203435b1a890","","1002","",""
"1002","1002","006421552302622","default","2026-01-08 13:53:44","","2026-01-08 13:54:03","19","0","NORMAL_CLEARING","4a662348-a7f8-418f-8b9c-5b7e79a1f5be","","1002","",""
"1002","1002","008421552302622","default","2026-01-08 13:53:57","","2026-01-08 13:54:16","19","0","NORMAL_CLEARING","324ee593-46ee-4b3c-88d2-b93cd24fe0b2","","1002","",""
"1002","1002","008421552302622","default","2026-01-08 13:53:57","","2026-01-08 13:54:16","19","0","NORMAL_CLEARING","da4a3c78-8b2e-48be-86dd-d2a2288e06cf","","1002","",""
"1002","1002","008972567301988","default","2026-01-08 13:53:57","","2026-01-08 13:54:16","19","0","NORMAL_CLEARING","ed82b2df-2046-4be0-8f34-ab606c349ca4","","1002","",""
"1002","1002","008972567301988","default","2026-01-08 13:53:57","","2026-01-08 13:54:16","19","0","NORMAL_CLEARING","33a4c8cf-c015-463f-a6ee-f50e6d7db668","","1002","",""
"1002","1002","008421552302622","default","2026-01-08 13:54:00","","2026-01-08 13:54:19","19","0","NORMAL_CLEARING","372cde0e-2802-4f0a-94cd-3bd520611711","","1002","",""
"1002","1002","008972567301988","default","2026-01-08 13:54:00","","2026-01-08 13:54:19","19","0","NORMAL_CLEARING","8b4dc554-20ac-45af-aadf-0add652bd375","","1002","",""
"1002","1002","008421552302622","default","2026-01-08 13:54:02","","2026-01-08 13:54:21","19","0","NORMAL_CLEARING","999b2323-3423-4c0a-badc-ff51d7858370","","1002","",""
"1002","1002","008972567301988","default","2026-01-08 13:54:02","","2026-01-08 13:54:21","19","0","NORMAL_CLEARING","18021c9e-bf43-470c-aecf-e334ebccc097","","1002","",""
"1002","1002","008972567301988","default","2026-01-08 13:54:07","","2026-01-08 13:54:27","20","0","NORMAL_CLEARING","89b83927-8457-4fa7-a1e8-448b8665b38d","","1002","",""
"1002","1002","008421552302622","default","2026-01-08 13:54:07","","2026-01-08 13:54:28","21","0","NORMAL_CLEARING","3660cfc1-4949-4471-801b-bb9bd9fa004b","","1002","",""
"1002","1002","9001421552302622","default","2026-01-08 13:54:20","","2026-01-08 13:54:40","20","0","NORMAL_CLEARING","7ec3f111-6fb2-444c-9ba2-9118d5dfcb17","","1002","",""
"1002","1002","9001972567301988","default","2026-01-08 13:54:20","","2026-01-08 13:54:41","21","0","NORMAL_CLEARING","db71390d-0a79-4c38-812a-d5c97894af4c","","1002","",""
"1002","1002","9001972567301988","default","2026-01-08 13:54:20","","2026-01-08 13:54:41","21","0","NORMAL_CLEARING","c09a5945-5b28-4684-824f-95251942da72","","1002","",""
"1002","1002","9001421552302622","default","2026-01-08 13:54:20","","2026-01-08 13:54:41","21","0","NORMAL_CLEARING","2980f8b7-e245-485b-855d-e0bdaf41217c","","1002","",""
"1002","1002","9001421552302622","default","2026-01-08 13:54:22","","2026-01-08 13:54:43","21","0","NORMAL_CLEARING","1bf16e3a-e8c1-4a9f-94d9-6c0159f0d9ac","","1002","",""
"1002","1002","9001972567301988","default","2026-01-08 13:54:22","","2026-01-08 13:54:43","21","0","NORMAL_CLEARING","6cf61e67-1230-4f9d-bdec-0cbedbece9e2","","1002","",""
"1002","1002","9001972567301988","default","2026-01-08 13:54:24","","2026-01-08 13:54:45","21","0","NORMAL_CLEARING","c8cbb7fb-5ccf-4b2c-8fde-b3986317bb49","","1002","",""
"1002","1002","9001421552302622","default","2026-01-08 13:54:24","","2026-01-08 13:54:45","21","0","NORMAL_CLEARING","10b4add2-4b3d-4c90-a462-de2bee5b515f","","1002","",""
"1002","1002","9001972567301988","default","2026-01-08 13:54:30","","2026-01-08 13:54:50","20","0","NORMAL_CLEARING","50dbf185-84b6-46f5-b648-f1db50df086a","","1002","",""
"1002","1002","9001421552302622","default","2026-01-08 13:54:30","","2026-01-08 13:54:50","20","0","NORMAL_CLEARING","9f827037-daf8-4fa1-802a-ab36833b5758","","1002","",""
"1002","1002","9002972567301988","default","2026-01-08 13:54:42","","2026-01-08 13:55:02","20","0","NORMAL_CLEARING","b510ebb7-a8c9-4875-9161-a308055feeaf","","1002","",""
"1002","1002","9002972567301988","default","2026-01-08 13:54:42","","2026-01-08 13:55:02","20","0","NORMAL_CLEARING","a15c9dbd-5d71-4671-a7db-5686b373ec48","","1002","",""
"1002","1002","9002421552302622","default","2026-01-08 13:54:42","","2026-01-08 13:55:02","20","0","NORMAL_CLEARING","d1244e07-1d92-47e7-ba4b-f4c906485b9f","","1002","",""
"1002","1002","9002421552302622","default","2026-01-08 13:54:43","","2026-01-08 13:55:02","19","0","NORMAL_CLEARING","5ba0c0a0-d959-4d78-966f-0b2523fb81af","","1002","",""
"1002","1002","9002972567301988","default","2026-01-08 13:54:45","","2026-01-08 13:55:04","19","0","NORMAL_CLEARING","71ef054e-30be-4577-b537-c201dc22f71d","","1002","",""
"1002","1002","9002421552302622","default","2026-01-08 13:54:45","","2026-01-08 13:55:04","19","0","NORMAL_CLEARING","8a851281-4efd-4c07-8c5a-7e0fad64f56b","","1002","",""
"1002","1002","9002421552302622","default","2026-01-08 13:54:47","","2026-01-08 13:55:05","18","0","NORMAL_CLEARING","68fddf7d-faca-447b-bf15-9615c30da84c","","1002","",""
"1002","1002","9002972567301988","default","2026-01-08 13:54:47","","2026-01-08 13:55:05","18","0","NORMAL_CLEARING","9912975b-0b6e-4e67-b730-13fa0eeecc03","","1002","",""
"1002","1002","9002421552302622","default","2026-01-08 13:54:52","","2026-01-08 13:55:09","17","0","NORMAL_CLEARING","c8d86a94-4775-41de-aecd-d693d7919700","","1002","",""
"1002","1002","9002972567301988","default","2026-01-08 13:54:52","","2026-01-08 13:55:09","17","0","NORMAL_CLEARING","ed5fa6d9-40e3-4174-839b-4ba739d93a7a","","1002","",""
"1002","1002","9003972567301988","default","2026-01-08 13:55:05","","2026-01-08 13:55:17","12","0","NORMAL_CLEARING","c04fac62-ebfc-42c9-bf7a-7fb13492e5bb","","1002","",""
"1002","1002","9003421552302622","default","2026-01-08 13:55:05","","2026-01-08 13:55:18","13","0","NORMAL_CLEARING","d9bb771e-88bc-4e71-b0c9-7503c11e59c8","","1002","",""
"1002","1002","9003421552302622","default","2026-01-08 13:55:05","","2026-01-08 13:55:18","13","0","NORMAL_CLEARING","a05c3065-d4d5-41fa-94d3-85d23225bed8","","1002","",""
"1002","1002","9003972567301988","default","2026-01-08 13:55:05","","2026-01-08 13:55:18","13","0","NORMAL_CLEARING","5209ef92-ae35-415b-8638-d37f37ca517f","","1002","",""
"1002","1002","9003972567301988","default","2026-01-08 13:55:08","","2026-01-08 13:55:20","12","0","NORMAL_CLEARING","5b6473ba-5401-4255-a352-433343b572ac","","1002","",""
"1002","1002","9003421552302622","default","2026-01-08 13:55:08","","2026-01-08 13:55:20","12","0","NORMAL_CLEARING","bc754dc5-347a-4304-ba26-1ddf3f5c73b5","","1002","",""
"1002","1002","9003972567301988","default","2026-01-08 13:55:10","","2026-01-08 13:55:22","12","0","NORMAL_CLEARING","c762457e-308c-48e4-a5a5-505843b37e84","","1002","",""
"1002","1002","9003421552302622","default","2026-01-08 13:55:10","","2026-01-08 13:55:22","12","0","NORMAL_CLEARING","cf2b3e7b-f8eb-4c57-ad11-57f3793b3439","","1002","",""
"1002","1002","9003972567301988","default","2026-01-08 13:55:15","","2026-01-08 13:55:28","13","0","NORMAL_CLEARING","34d6a797-471a-4123-b17a-944b9436605e","","1002","",""
"1002","1002","9003421552302622","default","2026-01-08 13:55:15","","2026-01-08 13:55:28","13","0","NORMAL_CLEARING","9274c432-fd9e-444c-85cf-33c133388f5b","","1002","",""
"1002","1002","9004972567301988","default","2026-01-08 13:55:27","","2026-01-08 13:55:41","14","0","NORMAL_CLEARING","bd5ad1f6-f65d-4ed4-97e7-67ba9f9e3235","","1002","",""
"1002","1002","9004421552302622","default","2026-01-08 13:55:27","","2026-01-08 13:55:41","14","0","NORMAL_CLEARING","7b09d1c6-042f-4aa5-a648-f69926919ee0","","1002","",""
"1002","1002","9004972567301988","default","2026-01-08 13:55:28","","2026-01-08 13:55:41","13","0","NORMAL_CLEARING","b1e8cc65-536f-45e0-b783-a721d7c98764","","1002","",""
"1002","1002","9004421552302622","default","2026-01-08 13:55:28","","2026-01-08 13:55:41","13","0","NORMAL_CLEARING","61d02e6a-7d61-4536-8153-b7dfee8625df","","1002","",""
"1002","1002","9004421552302622","default","2026-01-08 13:55:30","","2026-01-08 13:55:43","13","0","NORMAL_CLEARING","f1e3de70-720c-4103-8a8a-0c5be1d3ab68","","1002","",""
"1002","1002","9004972567301988","default","2026-01-08 13:55:30","","2026-01-08 13:55:43","13","0","NORMAL_CLEARING","ad0b953f-fbd5-4e27-a23e-d17478728ebe","","1002","",""
"1002","1002","9004421552302622","default","2026-01-08 13:55:32","","2026-01-08 13:55:45","13","0","NORMAL_CLEARING","9bbaf91f-1ef6-447e-9b43-8015cd45e6e1","","1002","",""
"1002","1002","9004972567301988","default","2026-01-08 13:55:32","","2026-01-08 13:55:45","13","0","NORMAL_CLEARING","10f815be-3fe2-477c-9349-89d42ee710ff","","1002","",""
"1002","1002","9004972567301988","default","2026-01-08 13:55:38","","2026-01-08 13:55:51","13","0","NORMAL_CLEARING","93660924-f583-4443-b190-40ed3cae21b5","","1002","",""
"1002","1002","9004421552302622","default","2026-01-08 13:55:38","","2026-01-08 13:55:51","13","0","NORMAL_CLEARING","ede1f71c-ab14-4599-832b-ae2996af6405","","1002","",""
"1002","1002","9005421552302622","default","2026-01-08 13:55:50","","2026-01-08 13:56:04","14","0","NORMAL_CLEARING","d4ea5975-c46a-4037-ba15-e1e5be38033a","","1002","",""
"1002","1002","9005421552302622","default","2026-01-08 13:55:50","","2026-01-08 13:56:04","14","0","NORMAL_CLEARING","dbc6de9d-2a05-4d56-883b-8eafd882a06e","","1002","",""
"1002","1002","9005972567301988","default","2026-01-08 13:55:50","","2026-01-08 13:56:04","14","0","NORMAL_CLEARING","9ff78bcf-bba3-4c1b-993c-766bf74fa853","","1002","",""
"1002","1002","9005972567301988","default","2026-01-08 13:55:50","","2026-01-08 13:56:04","14","0","NORMAL_CLEARING","15168f9e-5a55-44dc-bd17-1d13c36f1fa1","","1002","",""
"1002","1002","9005972567301988","default","2026-01-08 13:55:53","","2026-01-08 13:56:06","13","0","NORMAL_CLEARING","c64a6415-d69f-4256-853a-351e62c35e7c","","1002","",""
"1002","1002","9005421552302622","default","2026-01-08 13:55:53","","2026-01-08 13:56:07","14","0","NORMAL_CLEARING","1067d3a7-9799-40cb-b916-09ad0b90ca10","","1002","",""
"1002","1002","9005972567301988","default","2026-01-08 13:55:55","","2026-01-08 13:56:08","13","0","NORMAL_CLEARING","a1d0a696-9817-4524-8de4-acf4764e2ecb","","1002","",""
"1002","1002","9005421552302622","default","2026-01-08 13:55:55","","2026-01-08 13:56:09","14","0","NORMAL_CLEARING","d8893cbf-be26-4075-853f-36c0b8d5674d","","1002","",""
"1002","1002","9005421552302622","default","2026-01-08 13:56:00","","2026-01-08 13:56:13","13","0","NORMAL_CLEARING","61eec098-4e1a-4aab-973d-c3b72a82b898","","1002","",""
"1002","1002","9005972567301988","default","2026-01-08 13:56:00","","2026-01-08 13:56:14","14","0","NORMAL_CLEARING","ecec546e-2fd1-413f-ba27-39903751ba8a","","1002","",""
"1002","1002","9006421552302622","default","2026-01-08 13:56:13","","2026-01-08 13:56:26","13","0","NORMAL_CLEARING","048429f8-6d72-4db9-a20e-be89a3c9a956","","1002","",""
"1002","1002","9006972567301988","default","2026-01-08 13:56:13","","2026-01-08 13:56:26","13","0","NORMAL_CLEARING","94f1f315-d533-48a7-b1e8-06139838c5a6","","1002","",""
"1002","1002","9006421552302622","default","2026-01-08 13:56:13","","2026-01-08 13:56:26","13","0","NORMAL_CLEARING","05498350-c3c8-4bb6-9129-9d398bae58db","","1002","",""
"1002","1002","9006972567301988","default","2026-01-08 13:56:13","","2026-01-08 13:56:26","13","0","NORMAL_CLEARING","bb7d7783-bd37-4eda-99ab-316f209d06e8","","1002","",""
"1002","1002","9006972567301988","default","2026-01-08 13:56:15","","2026-01-08 13:56:28","13","0","NORMAL_CLEARING","04944654-6cec-449d-ba5b-9acc401420ea","","1002","",""
"1002","1002","9006421552302622","default","2026-01-08 13:56:15","","2026-01-08 13:56:28","13","0","NORMAL_CLEARING","e6bc0d86-4008-4cfa-9cb7-e7e3455c61cb","","1002","",""
"1002","1002","9006972567301988","default","2026-01-08 13:56:17","","2026-01-08 13:56:30","13","0","NORMAL_CLEARING","625e4dca-e616-412c-b170-260f5e709dba","","1002","",""
"1002","1002","9006421552302622","default","2026-01-08 13:56:17","","2026-01-08 13:56:30","13","0","NORMAL_CLEARING","83a77f21-946b-4273-9cf7-400e77a8b74e","","1002","",""
"1002","1002","9006421552302622","default","2026-01-08 13:56:22","","2026-01-08 13:56:35","13","0","NORMAL_CLEARING","dc89e84b-5e6d-46f7-9a9a-892976a10320","","1002","",""
"1002","1002","9006972567301988","default","2026-01-08 13:56:22","","2026-01-08 13:56:35","13","0","NORMAL_CLEARING","7734119d-3198-4c13-ba6a-78724eb7e43a","","1002","",""
"1002","1002","9007421552302622","default","2026-01-08 13:56:35","","2026-01-08 13:56:48","13","0","NORMAL_CLEARING","7953c487-43db-42c7-a303-7f7de9a78687","","1002","",""
"1002","1002","9007972567301988","default","2026-01-08 13:56:35","","2026-01-08 13:56:48","13","0","NORMAL_CLEARING","b4a5693d-2e00-4e8c-9b9b-9465046a915e","","1002","",""
"1002","1002","9007972567301988","default","2026-01-08 13:56:35","","2026-01-08 13:56:48","13","0","NORMAL_CLEARING","4e2186b0-0739-43cf-9408-789f7ef386a3","","1002","",""
"1002","1002","9007421552302622","default","2026-01-08 13:56:35","","2026-01-08 13:56:48","13","0","NORMAL_CLEARING","817f482b-baec-497e-ad21-53bbf1b96d5a","","1002","",""
"1002","1002","9007972567301988","default","2026-01-08 13:56:36","","2026-01-08 13:56:49","13","0","NORMAL_CLEARING","6c7e2164-0c86-4c0b-831b-462ab2b4d876","","1002","",""
"1002","1002","9007421552302622","default","2026-01-08 13:56:36","","2026-01-08 13:56:49","13","0","NORMAL_CLEARING","b239dd66-3c4f-47ca-8cd9-d810d0114e96","","1002","",""
"1002","1002","9007972567301988","default","2026-01-08 13:56:39","","2026-01-08 13:56:53","14","0","NORMAL_CLEARING","3848ba26-181e-4bdb-b399-852b16259f65","","1002","",""
"1002","1002","9007421552302622","default","2026-01-08 13:56:39","","2026-01-08 13:56:53","14","0","NORMAL_CLEARING","6a824126-a55b-4dd1-ad1c-2b58abbb3877","","1002","",""
"1002","1002","9007421552302622","default","2026-01-08 13:56:45","","2026-01-08 13:56:58","13","0","NORMAL_CLEARING","22321dce-e71e-45fa-bda8-27b4db7d0026","","1002","",""
"1002","1002","9007972567301988","default","2026-01-08 13:56:45","","2026-01-08 13:56:59","14","0","NORMAL_CLEARING","2dbe2951-20f6-48d7-a5a0-2850f1628009","","1002","",""
"1002","1002","9008972567301988","default","2026-01-08 13:56:57","","2026-01-08 13:57:11","14","0","NORMAL_CLEARING","dd24ac84-c5c6-4734-bc50-ef016c4418b7","","1002","",""
"1002","1002","9008421552302622","default","2026-01-08 13:56:57","","2026-01-08 13:57:11","14","0","NORMAL_CLEARING","3fccfa9c-a33b-4f25-b7b3-16cdaedc460a","","1002","",""
"1002","1002","9008421552302622","default","2026-01-08 13:56:57","","2026-01-08 13:57:11","14","0","NORMAL_CLEARING","35ca72c5-a885-4bb3-baf1-0fd67e9e1870","","1002","",""
"1002","1002","9008972567301988","default","2026-01-08 13:56:57","","2026-01-08 13:57:11","14","0","NORMAL_CLEARING","637f799d-ea2a-43b3-a689-f66e918c8e7e","","1002","",""
"1002","1002","9008972567301988","default","2026-01-08 13:56:58","","2026-01-08 13:57:11","13","0","NORMAL_CLEARING","47029656-f921-4274-815b-ff93e9b82f0f","","1002","",""
"1002","1002","9008421552302622","default","2026-01-08 13:56:58","","2026-01-08 13:57:11","13","0","NORMAL_CLEARING","b4a666b9-0746-4d17-b688-fab3a18fe007","","1002","",""
"1002","1002","9008972567301988","default","2026-01-08 13:57:02","","2026-01-08 13:57:15","13","0","NORMAL_CLEARING","acf1d256-8193-47a3-a11e-6cc25d1d4ca7","","1002","",""
"1002","1002","9008421552302622","default","2026-01-08 13:57:02","","2026-01-08 13:57:15","13","0","NORMAL_CLEARING","559ff491-c13a-4814-b3fd-ca42eed3068a","","1002","",""
"1002","1002","9008972567301988","default","2026-01-08 13:57:07","","2026-01-08 13:57:20","13","0","NORMAL_CLEARING","47c7c4ea-41c8-478b-a595-42098acb6dab","","1002","",""
"1002","1002","9008421552302622","default","2026-01-08 13:57:07","","2026-01-08 13:57:20","13","0","NORMAL_CLEARING","e8e90923-3c52-4df8-88aa-ea2c25be372d","","1002","",""
"1002","1002","9009972567301988","default","2026-01-08 13:57:20","","2026-01-08 13:57:32","12","0","NORMAL_CLEARING","de14eb8a-5e91-430f-860f-e77f794b5923","","1002","",""
"1002","1002","9009421552302622","default","2026-01-08 13:57:20","","2026-01-08 13:57:33","13","0","NORMAL_CLEARING","99bcb96a-f4a8-46fb-86ad-a577a60a0c48","","1002","",""
"1002","1002","9009972567301988","default","2026-01-08 13:57:20","","2026-01-08 13:57:33","13","0","NORMAL_CLEARING","42f0ed9f-131b-4172-8400-248c5bddebd6","","1002","",""
"1002","1002","9009421552302622","default","2026-01-08 13:57:20","","2026-01-08 13:57:33","13","0","NORMAL_CLEARING","8949803a-2f8d-4ea2-af78-be273c6e5379","","1002","",""
"1002","1002","9009972567301988","default","2026-01-08 13:57:20","","2026-01-08 13:57:33","13","0","NORMAL_CLEARING","c51f57de-9619-4452-96a4-622ddb0f01f9","","1002","",""
"1002","1002","9009421552302622","default","2026-01-08 13:57:20","","2026-01-08 13:57:33","13","0","NORMAL_CLEARING","b7306099-5f83-41a2-8c89-44dff6c9c6f9","","1002","",""
"1002","1002","9009421552302622","default","2026-01-08 13:57:24","","2026-01-08 13:57:37","13","0","NORMAL_CLEARING","6fc77f2b-e0ba-44c8-b1f7-8419e11de712","","1002","",""
"1002","1002","9009972567301988","default","2026-01-08 13:57:24","","2026-01-08 13:57:37","13","0","NORMAL_CLEARING","da3de59a-94b6-4fc5-b62d-9500c2d3f8e4","","1002","",""
"1002","1002","9009421552302622","default","2026-01-08 13:57:29","","2026-01-08 13:57:42","13","0","NORMAL_CLEARING","bf660b1b-649f-44ae-8d55-a84a034cea4e","","1002","",""
"1002","1002","9009972567301988","default","2026-01-08 13:57:29","","2026-01-08 13:57:42","13","0","NORMAL_CLEARING","a0d7f084-1001-4050-b8ca-b40af5928a93","","1002","",""
"1002","1002","012972567301988","default","2026-01-08 13:57:42","","2026-01-08 13:57:55","13","0","NORMAL_CLEARING","ebcde1ec-9a6c-47da-b4da-1e185f22cb94","","1002","",""
"1002","1002","012421552302622","default","2026-01-08 13:57:42","","2026-01-08 13:57:55","13","0","NORMAL_CLEARING","fe9b9d41-634a-497a-9c25-c77a8cf22938","","1002","",""
"1002","1002","012972567301988","default","2026-01-08 13:57:42","","2026-01-08 13:57:55","13","0","NORMAL_CLEARING","5ae6f024-4387-4959-aa2f-f9d9aadfd170","","1002","",""
"1002","1002","012421552302622","default","2026-01-08 13:57:42","","2026-01-08 13:57:55","13","0","NORMAL_CLEARING","1bf379f0-254b-449e-910f-1c6965419c76","","1002","",""
"1002","1002","012972567301988","default","2026-01-08 13:57:42","","2026-01-08 13:57:55","13","0","NORMAL_CLEARING","2db92386-64a9-4759-bac9-34ad6190d1ac","","1002","",""
"1002","1002","012421552302622","default","2026-01-08 13:57:42","","2026-01-08 13:57:55","13","0","NORMAL_CLEARING","c83ef951-7e8a-445b-93de-7df46964a8e9","","1002","",""
"1002","1002","012421552302622","default","2026-01-08 13:57:46","","2026-01-08 13:57:59","13","0","NORMAL_CLEARING","abfb8566-ab36-4461-a40c-26174d331209","","1002","",""
"1002","1002","012972567301988","default","2026-01-08 13:57:46","","2026-01-08 13:57:59","13","0","NORMAL_CLEARING","5389624b-d67b-472e-9dbb-a31f29eba269","","1002","",""
"1002","1002","012421552302622","default","2026-01-08 13:57:51","","2026-01-08 13:58:04","13","0","NORMAL_CLEARING","0a186d17-7c67-4c8d-9a23-8879d72e4d39","","1002","",""
"1002","1002","012972567301988","default","2026-01-08 13:57:51","","2026-01-08 13:58:04","13","0","NORMAL_CLEARING","a530a123-43b3-473b-90f5-522b7d3260e8","","1002","",""
"1002","1002","013421552302622","default","2026-01-08 13:58:04","","2026-01-08 13:58:17","13","0","NORMAL_CLEARING","bb395e68-d6ae-47a6-95c5-ebf2a29934f4","","1002","",""
"1002","1002","013972567301988","default","2026-01-08 13:58:04","","2026-01-08 13:58:17","13","0","NORMAL_CLEARING","71c25a3a-22bf-45b2-892c-76efa528bd79","","1002","",""
"1002","1002","013972567301988","default","2026-01-08 13:58:04","","2026-01-08 13:58:17","13","0","NORMAL_CLEARING","0c9f34cb-3449-4a45-899b-8e2d7805c9c2","","1002","",""
"1002","1002","013421552302622","default","2026-01-08 13:58:04","","2026-01-08 13:58:17","13","0","NORMAL_CLEARING","12394ac7-5b69-4eae-b15f-9c6c69c26200","","1002","",""
"1002","1002","013972567301988","default","2026-01-08 13:58:05","","2026-01-08 13:58:17","12","0","NORMAL_CLEARING","81aadb22-7da8-4130-8ba0-39632a82036d","","1002","",""
"1002","1002","013421552302622","default","2026-01-08 13:58:05","","2026-01-08 13:58:17","12","0","NORMAL_CLEARING","ed84fd5d-bac5-4650-9cee-5c2e581b0c2b","","1002","",""
"1002","1002","013972567301988","default","2026-01-08 13:58:09","","2026-01-08 13:58:21","12","0","NORMAL_CLEARING","d8b1e84e-3435-4d61-8b84-c25a00877c5c","","1002","",""
"1002","1002","013421552302622","default","2026-01-08 13:58:09","","2026-01-08 13:58:21","12","0","NORMAL_CLEARING","ba38309a-efea-4182-a907-d6773f0a89f5","","1002","",""
"1002","1002","013972567301988","default","2026-01-08 13:58:14","","2026-01-08 13:58:26","12","0","NORMAL_CLEARING","f665d3a7-f34f-4dd8-84d7-61f816d6dee0","","1002","",""
"1002","1002","013421552302622","default","2026-01-08 13:58:14","","2026-01-08 13:58:26","12","0","NORMAL_CLEARING","504100e6-e94a-4379-a318-97f257f2a32c","","1002","",""
"1002","1002","014421552302622","default","2026-01-08 13:58:26","","2026-01-08 13:58:38","12","0","NORMAL_CLEARING","4cfc396f-7fdc-40bd-8727-4abb262d6415","","1002","",""
"1002","1002","014972567301988","default","2026-01-08 13:58:26","","2026-01-08 13:58:39","13","0","NORMAL_CLEARING","0aee54fb-abba-4bde-82fa-c9baf357705e","","1002","",""
"1002","1002","014421552302622","default","2026-01-08 13:58:27","","2026-01-08 13:58:39","12","0","NORMAL_CLEARING","588abc34-3d23-4dc1-9f6b-a8f7d3dfaf80","","1002","",""
"1002","1002","014421552302622","default","2026-01-08 13:58:27","","2026-01-08 13:58:39","12","0","NORMAL_CLEARING","65963b85-2abb-482f-b63d-a13b99a432e5","","1002","",""
"1002","1002","014972567301988","default","2026-01-08 13:58:27","","2026-01-08 13:58:39","12","0","NORMAL_CLEARING","48efc737-a1a7-4453-a0a3-b2774555ff58","","1002","",""
"1002","1002","014972567301988","default","2026-01-08 13:58:27","","2026-01-08 13:58:39","12","0","NORMAL_CLEARING","026c99a4-309c-4b15-8f3b-5687eb68dac3","","1002","",""
"1002","1002","014972567301988","default","2026-01-08 13:58:31","","2026-01-08 13:58:43","12","0","NORMAL_CLEARING","df5cbf09-0bc5-49a2-9241-4a8593440bb6","","1002","",""
"1002","1002","014421552302622","default","2026-01-08 13:58:31","","2026-01-08 13:58:43","12","0","NORMAL_CLEARING","ad3b9751-6fea-48c6-9227-214f73485af5","","1002","",""
"1002","1002","014421552302622","default","2026-01-08 13:58:36","","2026-01-08 13:58:49","13","0","NORMAL_CLEARING","4084ea37-0e96-4635-a062-9b5d8392c88a","","1002","",""
"1002","1002","014972567301988","default","2026-01-08 13:58:36","","2026-01-08 13:58:49","13","0","NORMAL_CLEARING","47b34a3d-9183-43b0-a716-d5dac547d3f5","","1002","",""
"1002","1002","015421552302622","default","2026-01-08 13:58:48","","2026-01-08 13:59:01","13","0","NORMAL_CLEARING","a85f75ae-63d2-49cf-9317-314cf1211ed1","","1002","",""
"1002","1002","015972567301988","default","2026-01-08 13:58:48","","2026-01-08 13:59:01","13","0","NORMAL_CLEARING","c794cc03-6b47-4526-817f-cfdcd4637df4","","1002","",""
"1002","1002","015421552302622","default","2026-01-08 13:58:49","","2026-01-08 13:59:02","13","0","NORMAL_CLEARING","369519c7-dc2a-4f3f-b723-fd0612792f06","","1002","",""
"1002","1002","015972567301988","default","2026-01-08 13:58:49","","2026-01-08 13:59:02","13","0","NORMAL_CLEARING","774b7c13-b6c7-45a8-b26d-626edfc850d6","","1002","",""
"1002","1002","015972567301988","default","2026-01-08 13:58:49","","2026-01-08 13:59:02","13","0","NORMAL_CLEARING","9348b9cd-fdb4-4935-9318-821660b0b9a6","","1002","",""
"1002","1002","015421552302622","default","2026-01-08 13:58:49","","2026-01-08 13:59:02","13","0","NORMAL_CLEARING","e33146d0-b0cd-49a8-b675-12068de63428","","1002","",""
"1002","1002","015972567301988","default","2026-01-08 13:58:53","","2026-01-08 13:59:06","13","0","NORMAL_CLEARING","48c22d00-8496-4b6f-a582-e681f5e977ea","","1002","",""
"1002","1002","015421552302622","default","2026-01-08 13:58:53","","2026-01-08 13:59:06","13","0","NORMAL_CLEARING","16178629-45ea-4ff4-afef-19cfce08e159","","1002","",""
"1002","1002","015421552302622","default","2026-01-08 13:58:58","","2026-01-08 13:59:12","14","0","NORMAL_CLEARING","30b15061-34a4-417f-91d4-dbe9c760871f","","1002","",""
"1002","1002","015972567301988","default","2026-01-08 13:58:58","","2026-01-08 13:59:12","14","0","NORMAL_CLEARING","9a0a72ba-cd21-491c-b99c-0cb1cce78935","","1002","",""
"1002","1002","016421552302622","default","2026-01-08 13:59:11","","2026-01-08 13:59:23","12","0","NORMAL_CLEARING","2d483e21-e6fb-4ba7-ab34-7a7139dd98f1","","1002","",""
"1002","1002","016972567301988","default","2026-01-08 13:59:11","","2026-01-08 13:59:24","13","0","NORMAL_CLEARING","2062dee0-cf42-40f5-9227-c2c0a51366c7","","1002","",""
"1002","1002","016972567301988","default","2026-01-08 13:59:11","","2026-01-08 13:59:24","13","0","NORMAL_CLEARING","5ee4e169-c660-49d1-8bf5-07c39a290df3","","1002","",""
"1002","1002","016421552302622","default","2026-01-08 13:59:11","","2026-01-08 13:59:24","13","0","NORMAL_CLEARING","ecefc71b-deac-44f0-b19f-6c591cff3c44","","1002","",""
"1002","1002","016421552302622","default","2026-01-08 13:59:11","","2026-01-08 13:59:24","13","0","NORMAL_CLEARING","1e94da82-d1bc-42f5-ad4c-7e071ee594a0","","1002","",""
"1002","1002","016972567301988","default","2026-01-08 13:59:11","","2026-01-08 13:59:24","13","0","NORMAL_CLEARING","a1bef930-63d0-4517-ae36-b0168bd8ee7d","","1002","",""
"1002","1002","016421552302622","default","2026-01-08 13:59:15","","2026-01-08 13:59:28","13","0","NORMAL_CLEARING","056cb4b8-ad79-42a9-a764-7a4edb175027","","1002","",""
"1002","1002","016972567301988","default","2026-01-08 13:59:15","","2026-01-08 13:59:28","13","0","NORMAL_CLEARING","e0d5ac1a-256e-4080-bf0d-f6604d021bff","","1002","",""
"1002","1002","016972567301988","default","2026-01-08 13:59:20","","2026-01-08 13:59:33","13","0","NORMAL_CLEARING","9bcf6cb7-dd96-4070-97ef-7c22ae99a29e","","1002","",""
"1002","1002","016421552302622","default","2026-01-08 13:59:20","","2026-01-08 13:59:33","13","0","NORMAL_CLEARING","9b84d4d3-1431-424b-9775-922e5de5f523","","1002","",""
"1002","1002","017421552302622","default","2026-01-08 13:59:33","","2026-01-08 13:59:46","13","0","NORMAL_CLEARING","02cb0e5c-41ae-42f2-88ce-fd958895a4b8","","1002","",""
"1002","1002","017972567301988","default","2026-01-08 13:59:33","","2026-01-08 13:59:46","13","0","NORMAL_CLEARING","2cdb7664-9b7f-495c-adf3-30393f7d713e","","1002","",""
"1002","1002","017972567301988","default","2026-01-08 13:59:34","","2026-01-08 13:59:46","12","0","NORMAL_CLEARING","1b8416e3-ded1-40e0-a5ef-4e76e8c33e1c","","1002","",""
"1002","1002","017421552302622","default","2026-01-08 13:59:34","","2026-01-08 13:59:46","12","0","NORMAL_CLEARING","97ee8949-d37b-4663-8de2-405ae9949729","","1002","",""
"1002","1002","017972567301988","default","2026-01-08 13:59:33","","2026-01-08 13:59:46","13","0","NORMAL_CLEARING","9f2e795d-4075-44b5-8331-4805c023e3df","","1002","",""
"1002","1002","017421552302622","default","2026-01-08 13:59:33","","2026-01-08 13:59:46","13","0","NORMAL_CLEARING","d4f15363-f69f-4cd6-8b79-358c442e5d26","","1002","",""
"1002","1002","017972567301988","default","2026-01-08 13:59:38","","2026-01-08 13:59:51","13","0","NORMAL_CLEARING","c0b52342-db9b-4abd-90a8-6bc31f7a7985","","1002","",""
"1002","1002","017421552302622","default","2026-01-08 13:59:38","","2026-01-08 13:59:51","13","0","NORMAL_CLEARING","6df4ae01-bb81-48c2-a89d-5e8fe2f523ba","","1002","",""
"1002","1002","017972567301988","default","2026-01-08 13:59:43","","2026-01-08 13:59:56","13","0","NORMAL_CLEARING","945dcdba-986d-4b8f-8c7a-75ee98996146","","1002","",""
"1002","1002","017421552302622","default","2026-01-08 13:59:43","","2026-01-08 13:59:56","13","0","NORMAL_CLEARING","e493deab-a449-4187-a5e4-d5904f8e123e","","1002","",""
"1002","1002","018972567301988","default","2026-01-08 13:59:55","","2026-01-08 14:00:11","16","0","NORMAL_CLEARING","735a2019-0fa4-4f38-9980-9b651368e03d","","1002","",""
"1002","1002","018421552302622","default","2026-01-08 13:59:55","","2026-01-08 14:00:11","16","0","NORMAL_CLEARING","bf8042c5-787a-4bc3-90af-3cf148bddb96","","1002","",""
"1002","1002","018972567301988","default","2026-01-08 13:59:56","","2026-01-08 14:00:11","15","0","NORMAL_CLEARING","587be86a-9aef-4dcb-8f46-b0ade22cb697","","1002","",""
"1002","1002","018972567301988","default","2026-01-08 13:59:56","","2026-01-08 14:00:11","15","0","NORMAL_CLEARING","1f69cf2e-f919-42ed-9fbc-20cc88eb22ec","","1002","",""
"1002","1002","018421552302622","default","2026-01-08 13:59:56","","2026-01-08 14:00:11","15","0","NORMAL_CLEARING","ef42af8a-88fa-4626-9eb1-0b00ebbd3e74","","1002","",""
"1002","1002","018421552302622","default","2026-01-08 13:59:56","","2026-01-08 14:00:11","15","0","NORMAL_CLEARING","610feabf-563b-4c91-9dc1-100805dfbc8d","","1002","",""
"1002","1002","018421552302622","default","2026-01-08 14:00:00","","2026-01-08 14:00:15","15","0","NORMAL_CLEARING","ad06fa02-15b7-4b3a-b3bc-60c276e11a9f","","1002","",""
"1002","1002","018972567301988","default","2026-01-08 14:00:00","","2026-01-08 14:00:15","15","0","NORMAL_CLEARING","f4d69923-e794-42a8-bc76-8573be1b9363","","1002","",""
"1002","1002","018972567301988","default","2026-01-08 14:00:05","","2026-01-08 14:00:19","14","0","NORMAL_CLEARING","ba8f08ca-0285-41ff-b6d6-2f44e555fda3","","1002","",""
"1002","1002","018421552302622","default","2026-01-08 14:00:05","","2026-01-08 14:00:19","14","0","NORMAL_CLEARING","2dd4b15a-5734-47c1-9406-dde17e96c0ec","","1002","",""
"1002","1002","019421552302622","default","2026-01-08 14:00:19","","2026-01-08 14:00:31","12","0","NORMAL_CLEARING","3eae856b-0bbf-4a80-95ca-97a6c0e46957","","1002","",""
"1002","1002","019421552302622","default","2026-01-08 14:00:19","","2026-01-08 14:00:32","13","0","NORMAL_CLEARING","67e83e20-2683-48d4-b4d2-9a6fa36a8daa","","1002","",""
"1002","1002","019421552302622","default","2026-01-08 14:00:19","","2026-01-08 14:00:32","13","0","NORMAL_CLEARING","1a621c6a-8747-4d50-b4b3-0a2d590e609b","","1002","",""
"1002","1002","019972567301988","default","2026-01-08 14:00:19","","2026-01-08 14:00:32","13","0","NORMAL_CLEARING","a1390af8-4f55-4518-bd21-18c4b0af65ae","","1002","",""
"1002","1002","019972567301988","default","2026-01-08 14:00:19","","2026-01-08 14:00:32","13","0","NORMAL_CLEARING","97ede1e2-eb78-4d70-9086-a0dbf760710f","","1002","",""
"1002","1002","019972567301988","default","2026-01-08 14:00:19","","2026-01-08 14:00:32","13","0","NORMAL_CLEARING","96da319a-43f3-46cc-a93a-213344116ad0","","1002","",""
"1002","1002","019972567301988","default","2026-01-08 14:00:23","","2026-01-08 14:00:35","12","0","NORMAL_CLEARING","850aa7b4-d596-4547-8998-417a184d90e0","","1002","",""
"1002","1002","019421552302622","default","2026-01-08 14:00:23","","2026-01-08 14:00:36","13","0","NORMAL_CLEARING","178b7bd2-1880-4cf3-84aa-366c6bf35ee8","","1002","",""
"1002","1002","019421552302622","default","2026-01-08 14:00:28","","2026-01-08 14:00:41","13","0","NORMAL_CLEARING","bf9aeee6-70ec-4b87-b014-0c0282a68211","","1002","",""
"1002","1002","019972567301988","default","2026-01-08 14:00:28","","2026-01-08 14:00:41","13","0","NORMAL_CLEARING","da17df06-0349-4a89-9a07-8ce87e404876","","1002","",""
"1002","1002","0010421552302622","default","2026-01-08 14:00:41","","2026-01-08 14:00:53","12","0","NORMAL_CLEARING","a37ce3bf-60ac-42f4-9748-d1e96f9bbb9a","","1002","",""
"1002","1002","0010972567301988","default","2026-01-08 14:00:41","","2026-01-08 14:00:53","12","0","NORMAL_CLEARING","f8b73c10-21d4-4305-bc52-8ea4bad06f11","","1002","",""
"1002","1002","0010972567301988","default","2026-01-08 14:00:41","","2026-01-08 14:00:53","12","0","NORMAL_CLEARING","811ca84c-4058-46f9-91c5-f3fdadc4ab0e","","1002","",""
"1002","1002","0010972567301988","default","2026-01-08 14:00:41","","2026-01-08 14:00:53","12","0","NORMAL_CLEARING","e2889b6c-8653-410c-9b40-be88481f5eb4","","1002","",""
"1002","1002","0010421552302622","default","2026-01-08 14:00:41","","2026-01-08 14:00:53","12","0","NORMAL_CLEARING","1a241f26-95a2-4e80-ade6-f38f6ac1c081","","1002","",""
"1002","1002","0010421552302622","default","2026-01-08 14:00:41","","2026-01-08 14:00:53","12","0","NORMAL_CLEARING","56b0a032-5780-4b4c-8091-7128c156168f","","1002","",""
"1002","1002","0010972567301988","default","2026-01-08 14:00:45","","2026-01-08 14:00:57","12","0","NORMAL_CLEARING","3de85f42-4bde-4fd8-beae-146fc5de8f62","","1002","",""
"1002","1002","0010421552302622","default","2026-01-08 14:00:45","","2026-01-08 14:00:57","12","0","NORMAL_CLEARING","c302885e-70b9-4951-aad1-b08e6d0b1e69","","1002","",""
"1002","1002","0010421552302622","default","2026-01-08 14:00:51","","2026-01-08 14:01:03","12","0","NORMAL_CLEARING","41620a12-42bd-4f67-8143-a24681cacd3a","","1002","",""
"1002","1002","0010972567301988","default","2026-01-08 14:00:51","","2026-01-08 14:01:03","12","0","NORMAL_CLEARING","e58b60f7-67ea-4b8f-8eb7-43fb8eda8278","","1002","",""
"1002","1002","0012972567301988","default","2026-01-08 14:01:04","","2026-01-08 14:01:16","12","0","NORMAL_CLEARING","8766361b-6afd-427b-8ae6-497243031586","","1002","",""
"1002","1002","0012421552302622","default","2026-01-08 14:01:04","","2026-01-08 14:01:16","12","0","NORMAL_CLEARING","c3a48d0c-e029-4e13-b7a3-4cdfba7ac47c","","1002","",""
"1002","1002","0012972567301988","default","2026-01-08 14:01:04","","2026-01-08 14:01:16","12","0","NORMAL_CLEARING","0fbc72e7-0b8b-480d-90bf-1929f7fa121b","","1002","",""
"1002","1002","0012421552302622","default","2026-01-08 14:01:04","","2026-01-08 14:01:16","12","0","NORMAL_CLEARING","76d3e238-00d7-4c32-882d-024738a632f1","","1002","",""
"1002","1002","0012421552302622","default","2026-01-08 14:01:04","","2026-01-08 14:01:16","12","0","NORMAL_CLEARING","2aac89d5-7ede-4c84-8bf8-a924f3e2e1cf","","1002","",""
"1002","1002","0012972567301988","default","2026-01-08 14:01:04","","2026-01-08 14:01:16","12","0","NORMAL_CLEARING","8d6cf0ed-49ac-4be8-ae1f-e1911dc19e88","","1002","",""
"1002","1002","0012421552302622","default","2026-01-08 14:01:08","","2026-01-08 14:01:20","12","0","NORMAL_CLEARING","230ad0da-84a5-4f66-a198-7a3abdc504a3","","1002","",""
"1002","1002","0012972567301988","default","2026-01-08 14:01:08","","2026-01-08 14:01:20","12","0","NORMAL_CLEARING","89ac9c82-e0f1-45a7-93b5-9cec857154d6","","1002","",""
"1002","1002","0012972567301988","default","2026-01-08 14:01:13","","2026-01-08 14:01:26","13","0","NORMAL_CLEARING","a4aa2950-04f4-4af0-a15d-44d8f52fe2f4","","1002","",""
"1002","1002","0012421552302622","default","2026-01-08 14:01:13","","2026-01-08 14:01:26","13","0","NORMAL_CLEARING","1b99272c-a8c0-4213-858b-f635a0a31bdf","","1002","",""
"1002","1002","0013421552302622","default","2026-01-08 14:01:26","","2026-01-08 14:01:38","12","0","NORMAL_CLEARING","31df5f3f-8b23-4bce-a5fe-f35259605feb","","1002","",""
"1002","1002","0013972567301988","default","2026-01-08 14:01:26","","2026-01-08 14:01:38","12","0","NORMAL_CLEARING","de985e30-2f08-49d7-bcb8-c59a67187781","","1002","",""
"1002","1002","0013972567301988","default","2026-01-08 14:01:26","","2026-01-08 14:01:38","12","0","NORMAL_CLEARING","d6dcf9eb-2fe2-4197-a4d3-a56eee3e5099","","1002","",""
"1002","1002","0013421552302622","default","2026-01-08 14:01:26","","2026-01-08 14:01:39","13","0","NORMAL_CLEARING","ef97b401-0fbb-4784-b42c-7fcf51ec1080","","1002","",""
"1002","1002","0013421552302622","default","2026-01-08 14:01:26","","2026-01-08 14:01:39","13","0","NORMAL_CLEARING","d6f6c943-463d-4a06-80d6-febc5ad22f06","","1002","",""
"1002","1002","0013972567301988","default","2026-01-08 14:01:26","","2026-01-08 14:01:39","13","0","NORMAL_CLEARING","ced791ec-a57c-4296-9a0a-4a4ffdc67454","","1002","",""
"1002","1002","0013972567301988","default","2026-01-08 14:01:30","","2026-01-08 14:01:43","13","0","NORMAL_CLEARING","6f529458-de6f-4f87-ae52-bf24407cbfb6","","1002","",""
"1002","1002","0013421552302622","default","2026-01-08 14:01:30","","2026-01-08 14:01:43","13","0","NORMAL_CLEARING","d6af6fdd-9f4c-42fb-8165-7035da3a9cd5","","1002","",""
"1002","1002","0013972567301988","default","2026-01-08 14:01:36","","2026-01-08 14:01:48","12","0","NORMAL_CLEARING","2db5f52b-fccb-4ebc-be17-5a1bb0b185e7","","1002","",""
"1002","1002","0013421552302622","default","2026-01-08 14:01:36","","2026-01-08 14:01:48","12","0","NORMAL_CLEARING","078536a1-a47b-4146-b1fc-ef24ee36aa1f","","1002","",""
"1002","1002","0014972567301988","default","2026-01-08 14:01:48","","2026-01-08 14:02:01","13","0","NORMAL_CLEARING","ae4acc40-bd45-4dee-a3f2-c0326c721e82","","1002","",""
"1002","1002","0014421552302622","default","2026-01-08 14:01:48","","2026-01-08 14:02:01","13","0","NORMAL_CLEARING","93acec06-e36d-44d1-8fbe-b63ab866166c","","1002","",""
"1002","1002","0014972567301988","default","2026-01-08 14:01:48","","2026-01-08 14:02:01","13","0","NORMAL_CLEARING","ef3eb93e-12fb-42b5-a225-f8467a3785c5","","1002","",""
"1002","1002","0014421552302622","default","2026-01-08 14:01:48","","2026-01-08 14:02:01","13","0","NORMAL_CLEARING","4c4bf92f-00ba-499b-8027-cecbe3a45b5f","","1002","",""
"1002","1002","0014972567301988","default","2026-01-08 14:01:49","","2026-01-08 14:02:01","12","0","NORMAL_CLEARING","a76b5aa2-f0a1-475e-8892-b8c61d3463f6","","1002","",""
"1002","1002","0014421552302622","default","2026-01-08 14:01:49","","2026-01-08 14:02:01","12","0","NORMAL_CLEARING","822d497f-bcf1-471b-b9fd-cdc54993b1b7","","1002","",""
"1002","1002","0014972567301988","default","2026-01-08 14:01:53","","2026-01-08 14:02:05","12","0","NORMAL_CLEARING","7d61e8de-7098-4b08-b996-952422fd7ba7","","1002","",""
"1002","1002","0014421552302622","default","2026-01-08 14:01:53","","2026-01-08 14:02:05","12","0","NORMAL_CLEARING","711fff4a-cc76-4663-ab92-8830e18c56d1","","1002","",""
"1002","1002","0014972567301988","default","2026-01-08 14:01:58","","2026-01-08 14:02:11","13","0","NORMAL_CLEARING","aad47bfc-d6c5-4b96-9c98-bc4ec061bb7d","","1002","",""
"1002","1002","0014421552302622","default","2026-01-08 14:01:58","","2026-01-08 14:02:11","13","0","NORMAL_CLEARING","80c29d52-0c52-4b49-9611-919181c12a5d","","1002","",""
"1002","1002","0015421552302622","default","2026-01-08 14:02:11","","2026-01-08 14:02:23","12","0","NORMAL_CLEARING","111555ac-52c9-4512-a219-474ee5425432","","1002","",""
"1002","1002","0015421552302622","default","2026-01-08 14:02:11","","2026-01-08 14:02:23","12","0","NORMAL_CLEARING","02a45b17-c2d0-4556-a8ba-c3a6f4b80eeb","","1002","",""
"1002","1002","0015972567301988","default","2026-01-08 14:02:11","","2026-01-08 14:02:23","12","0","NORMAL_CLEARING","e85fffef-f7a8-4bdf-90e5-9d339a6d0406","","1002","",""
"1002","1002","0015972567301988","default","2026-01-08 14:02:11","","2026-01-08 14:02:24","13","0","NORMAL_CLEARING","8e6be82c-fab8-4eda-b9a6-e6386cd8f8b0","","1002","",""
"1002","1002","0015421552302622","default","2026-01-08 14:02:11","","2026-01-08 14:02:24","13","0","NORMAL_CLEARING","83020d5b-8655-4319-83b1-dc99d4834529","","1002","",""
"1002","1002","0015972567301988","default","2026-01-08 14:02:11","","2026-01-08 14:02:24","13","0","NORMAL_CLEARING","618d86d9-2ca8-4947-b8ba-dc930cd9c98b","","1002","",""
"1002","1002","0015972567301988","default","2026-01-08 14:02:15","","2026-01-08 14:02:27","12","0","NORMAL_CLEARING","a02edfdf-18c4-4196-802c-31693fb93622","","1002","",""
"1002","1002","0015421552302622","default","2026-01-08 14:02:15","","2026-01-08 14:02:27","12","0","NORMAL_CLEARING","bdad92ac-907c-4e81-be8f-fd1bc957611e","","1002","",""
"1002","1002","0015972567301988","default","2026-01-08 14:02:20","","2026-01-08 14:02:32","12","0","NORMAL_CLEARING","134fe58a-03c5-44bb-930b-947d09d0b2f9","","1002","",""
"1002","1002","0015421552302622","default","2026-01-08 14:02:20","","2026-01-08 14:02:32","12","0","NORMAL_CLEARING","f59c3af2-befe-408a-ade9-5eb53ea57cc7","","1002","",""
"1002","1002","0016972567301988","default","2026-01-08 14:02:32","","2026-01-08 14:02:45","13","0","NORMAL_CLEARING","f8ff645e-d977-4200-992f-c38e05afee98","","1002","",""
"1002","1002","0016421552302622","default","2026-01-08 14:02:32","","2026-01-08 14:02:45","13","0","NORMAL_CLEARING","fb6df87a-6163-48e8-8128-8bffd3bbc031","","1002","",""
"1002","1002","0016421552302622","default","2026-01-08 14:02:33","","2026-01-08 14:02:46","13","0","NORMAL_CLEARING","9556bb8d-58c5-466c-a855-186179d392c7","","1002","",""
"1002","1002","0016972567301988","default","2026-01-08 14:02:33","","2026-01-08 14:02:46","13","0","NORMAL_CLEARING","7778ae5e-3182-4f60-baa0-1873f0ee812e","","1002","",""
"1002","1002","0016421552302622","default","2026-01-08 14:02:33","","2026-01-08 14:02:46","13","0","NORMAL_CLEARING","626e7870-6710-44ed-a7fe-43c423c8521b","","1002","",""
"1002","1002","0016972567301988","default","2026-01-08 14:02:33","","2026-01-08 14:02:46","13","0","NORMAL_CLEARING","7dddd581-9d26-49d3-91d2-df188e683b09","","1002","",""
"1002","1002","0016972567301988","default","2026-01-08 14:02:37","","2026-01-08 14:02:50","13","0","NORMAL_CLEARING","0de68086-22da-4d5d-9cc6-c080f67e3ed6","","1002","",""
"1002","1002","0016421552302622","default","2026-01-08 14:02:37","","2026-01-08 14:02:50","13","0","NORMAL_CLEARING","2bed8e90-b0e4-4a17-97f4-6fb6cee379a0","","1002","",""
"1002","1002","0016972567301988","default","2026-01-08 14:02:42","","2026-01-08 14:02:56","14","0","NORMAL_CLEARING","aedabc0b-c5bf-4102-bff6-ccdde1b5097b","","1002","",""
"1002","1002","0016421552302622","default","2026-01-08 14:02:42","","2026-01-08 14:02:56","14","0","NORMAL_CLEARING","4fc5472a-aea9-4c40-9422-646beed2e660","","1002","",""
"1002","1002","0017972567301988","default","2026-01-08 14:02:54","","2026-01-08 14:03:07","13","0","NORMAL_CLEARING","6f4f44dd-29fb-4d34-a3fc-bbbfa862a402","","1002","",""
"1002","1002","0017421552302622","default","2026-01-08 14:02:54","","2026-01-08 14:03:08","14","0","NORMAL_CLEARING","86bbfc56-96ec-4438-821e-7ee81e5e5ea8","","1002","",""
"1002","1002","0017972567301988","default","2026-01-08 14:02:55","","2026-01-08 14:03:08","13","0","NORMAL_CLEARING","53b12213-8844-4861-a065-f579b53a9b64","","1002","",""
"1002","1002","0017421552302622","default","2026-01-08 14:02:55","","2026-01-08 14:03:08","13","0","NORMAL_CLEARING","05da0e05-8ea6-43e2-960e-43a1aadf9fa0","","1002","",""
"1002","1002","0017421552302622","default","2026-01-08 14:02:56","","2026-01-08 14:03:09","13","0","NORMAL_CLEARING","fecf3ec5-3c1d-4278-aa9d-bf2c659aca81","","1002","",""
"1002","1002","0017972567301988","default","2026-01-08 14:02:56","","2026-01-08 14:03:09","13","0","NORMAL_CLEARING","3d70de60-415c-483e-a7bc-576bf5b6e9ca","","1002","",""
"1002","1002","0017421552302622","default","2026-01-08 14:02:59","","2026-01-08 14:03:13","14","0","NORMAL_CLEARING","7929b5b6-7de5-4c68-9f00-1b0cb15584fc","","1002","",""
"1002","1002","0017972567301988","default","2026-01-08 14:02:59","","2026-01-08 14:03:13","14","0","NORMAL_CLEARING","d9c0e918-5a23-4e1b-9c4f-21cc19484d99","","1002","",""
"1002","1002","0017421552302622","default","2026-01-08 14:03:05","","2026-01-08 14:03:18","13","0","NORMAL_CLEARING","93454b95-8a20-472b-ac7e-cd013ec456d3","","1002","",""
"1002","1002","0017972567301988","default","2026-01-08 14:03:05","","2026-01-08 14:03:18","13","0","NORMAL_CLEARING","62ad90be-5a63-469e-9ee3-cabecb22200b","","1002","",""
"1002","1002","0018421552302622","default","2026-01-08 14:03:17","","2026-01-08 14:03:30","13","0","NORMAL_CLEARING","c2e3da4a-9a05-4708-b2a3-028705881411","","1002","",""
"1002","1002","0018972567301988","default","2026-01-08 14:03:17","","2026-01-08 14:03:30","13","0","NORMAL_CLEARING","9d689b87-2d7f-464d-9090-f626bb7934ed","","1002","",""
"1002","1002","0018972567301988","default","2026-01-08 14:03:18","","2026-01-08 14:03:30","12","0","NORMAL_CLEARING","38d3eb62-913c-44f8-90d6-3e0d1e1cff98","","1002","",""
"1002","1002","0018421552302622","default","2026-01-08 14:03:18","","2026-01-08 14:03:30","12","0","NORMAL_CLEARING","0de34e59-4179-4110-aa6e-b83ff42f7c06","","1002","",""
"1002","1002","0018421552302622","default","2026-01-08 14:03:18","","2026-01-08 14:03:31","13","0","NORMAL_CLEARING","b37b7eb2-7047-4e31-8a19-bfd45a3850f5","","1002","",""
"1002","1002","0018972567301988","default","2026-01-08 14:03:18","","2026-01-08 14:03:31","13","0","NORMAL_CLEARING","60f81aeb-34d6-43b6-bf7b-af2b100bcf27","","1002","",""
"1002","1002","0018972567301988","default","2026-01-08 14:03:22","","2026-01-08 14:03:35","13","0","NORMAL_CLEARING","c894346b-9de3-4146-bc71-04943e9f4f26","","1002","",""
"1002","1002","0018421552302622","default","2026-01-08 14:03:22","","2026-01-08 14:03:35","13","0","NORMAL_CLEARING","db158ca9-8431-4722-89ac-40f959f66dc4","","1002","",""
"1002","1002","0018421552302622","default","2026-01-08 14:03:27","","2026-01-08 14:03:40","13","0","NORMAL_CLEARING","593785fd-99e2-468a-b627-3c0b54c7df77","","1002","",""
"1002","1002","0018972567301988","default","2026-01-08 14:03:27","","2026-01-08 14:03:40","13","0","NORMAL_CLEARING","ca2065ca-9ba8-4916-8be6-c150196cb9d2","","1002","",""
"1002","1002","0019421552302622","default","2026-01-08 14:03:39","","2026-01-08 14:03:52","13","0","NORMAL_CLEARING","8ce68cb8-7799-4a13-94a9-cac0de580d6c","","1002","",""
"1002","1002","0019972567301988","default","2026-01-08 14:03:39","","2026-01-08 14:03:52","13","0","NORMAL_CLEARING","2de07615-7b25-4f07-815d-e2ee4ea13731","","1002","",""
"1002","1002","0019421552302622","default","2026-01-08 14:03:40","","2026-01-08 14:03:52","12","0","NORMAL_CLEARING","e4810cf2-abd0-412f-bb52-beb93e026061","","1002","",""
"1002","1002","0019972567301988","default","2026-01-08 14:03:40","","2026-01-08 14:03:52","12","0","NORMAL_CLEARING","5e90ad29-e204-43d3-bc64-7dee4a8b1acb","","1002","",""
"1002","1002","0019972567301988","default","2026-01-08 14:03:40","","2026-01-08 14:03:53","13","0","NORMAL_CLEARING","3af28903-32ba-4545-8e2e-c3e7660c39aa","","1002","",""
"1002","1002","0019421552302622","default","2026-01-08 14:03:40","","2026-01-08 14:03:53","13","0","NORMAL_CLEARING","4d5679b8-191d-4b46-836b-3f944de1694f","","1002","",""
"1002","1002","0019421552302622","default","2026-01-08 14:03:44","","2026-01-08 14:03:57","13","0","NORMAL_CLEARING","a968e1e8-42e0-49d9-9580-0ae0d2ed3fed","","1002","",""
"1002","1002","0019972567301988","default","2026-01-08 14:03:44","","2026-01-08 14:03:57","13","0","NORMAL_CLEARING","27d298cf-26ed-4219-b0ae-31789ccbc11a","","1002","",""
"1002","1002","0019972567301988","default","2026-01-08 14:03:50","","2026-01-08 14:04:03","13","0","NORMAL_CLEARING","74f3d551-5705-4d7c-b17e-a9e74dac1c4f","","1002","",""
"1002","1002","0019421552302622","default","2026-01-08 14:03:50","","2026-01-08 14:04:03","13","0","NORMAL_CLEARING","cc5a57ae-d74c-4d39-9ca5-e274cc4c4ddd","","1002","",""
"1002","1002","00+421552302622","default","2026-01-08 14:04:01","","2026-01-08 14:04:14","13","0","NORMAL_CLEARING","38dd0c3c-b86e-4496-b87c-d9c125e90366","","1002","",""
"1002","1002","00+972567301988","default","2026-01-08 14:04:01","","2026-01-08 14:04:14","13","0","NORMAL_CLEARING","fe6b7020-c27d-471b-a38c-af52b8a9d24f","","1002","",""
"1002","1002","00+972567301988","default","2026-01-08 14:04:02","","2026-01-08 14:04:14","12","0","NORMAL_CLEARING","86362de2-bab5-4c67-849c-25de93d0ef14","","1002","",""
"1002","1002","00+421552302622","default","2026-01-08 14:04:02","","2026-01-08 14:04:14","12","0","NORMAL_CLEARING","44ea2d86-155b-4827-b522-f6df964405d1","","1002","",""
"1002","1002","00+421552302622","default","2026-01-08 14:04:03","","2026-01-08 14:04:15","12","0","NORMAL_CLEARING","d72ce172-f149-4d94-b2ec-d367695266b8","","1002","",""
"1002","1002","00+972567301988","default","2026-01-08 14:04:03","","2026-01-08 14:04:15","12","0","NORMAL_CLEARING","f55e9be3-7b54-4c55-a8e3-506e9f522955","","1002","",""
"1002","1002","00+421552302622","default","2026-01-08 14:04:06","","2026-01-08 14:04:18","12","0","NORMAL_CLEARING","f7cc0283-d155-4e0c-b5de-66890ac2a494","","1002","",""
"1002","1002","00+972567301988","default","2026-01-08 14:04:06","","2026-01-08 14:04:18","12","0","NORMAL_CLEARING","d7fca722-10f0-43bf-89b3-b1a33d9d41c4","","1002","",""
"1002","1002","00+421552302622","default","2026-01-08 14:04:12","","2026-01-08 14:04:24","12","0","NORMAL_CLEARING","9e557fc9-1bc5-478b-8890-c48086188e70","","1002","",""
"1002","1002","00+972567301988","default","2026-01-08 14:04:12","","2026-01-08 14:04:24","12","0","NORMAL_CLEARING","69d64fc4-13f1-4fcf-9c0a-2e09a45622a1","","1002","",""
"1002","1002","00-972567301988","default","2026-01-08 14:04:23","","2026-01-08 14:04:35","12","0","NORMAL_CLEARING","40ea830c-a131-41ad-ba8a-a4126f23b92d","","1002","",""
"1002","1002","00-421552302622","default","2026-01-08 14:04:23","","2026-01-08 14:04:35","12","0","NORMAL_CLEARING","1184ddca-2a21-4693-bfe0-b3c41f6c3903","","1002","",""
"1002","1002","00-421552302622","default","2026-01-08 14:04:24","","2026-01-08 14:04:36","12","0","NORMAL_CLEARING","ebc3e7ff-ddf9-4197-869d-f882913492e5","","1002","",""
"1002","1002","00-972567301988","default","2026-01-08 14:04:24","","2026-01-08 14:04:36","12","0","NORMAL_CLEARING","62a916fc-99a4-4ad9-935a-58fb58db1a9a","","1002","",""
"1002","1002","00-421552302622","default","2026-01-08 14:04:25","","2026-01-08 14:04:36","11","0","NORMAL_CLEARING","887fb6d0-b176-4dcc-9a15-058c0ed4477f","","1002","",""
"1002","1002","00-972567301988","default","2026-01-08 14:04:25","","2026-01-08 14:04:37","12","0","NORMAL_CLEARING","28d355ef-8d5c-4c66-9974-3490673cf7cb","","1002","",""
"1002","1002","00-972567301988","default","2026-01-08 14:04:28","","2026-01-08 14:04:40","12","0","NORMAL_CLEARING","40db04f9-c846-4b7d-85c9-1c1638dfcad8","","1002","",""
"1002","1002","00-421552302622","default","2026-01-08 14:04:28","","2026-01-08 14:04:40","12","0","NORMAL_CLEARING","80f3f700-5b9f-44e8-8132-43a10c6b8592","","1002","",""
"1002","1002","00-421552302622","default","2026-01-08 14:04:34","","2026-01-08 14:04:46","12","0","NORMAL_CLEARING","9d65e5c6-c736-4cb9-a3e1-82ff27358763","","1002","",""
"1002","1002","00-972567301988","default","2026-01-08 14:04:34","","2026-01-08 14:04:46","12","0","NORMAL_CLEARING","b9bc13d8-7d65-4de2-88ec-65d936eac6f6","","1002","",""
"1002","1002","-0421552302622","default","2026-01-08 14:04:46","","2026-01-08 14:04:57","11","0","NORMAL_CLEARING","bdafe765-e3e0-4a57-be7f-5b5f2d1cbb75","","1002","",""
"1002","1002","-0972567301988","default","2026-01-08 14:04:46","","2026-01-08 14:04:57","11","0","NORMAL_CLEARING","6a358b45-686f-4a93-bb16-9336565a3326","","1002","",""
"1002","1002","-0972567301988","default","2026-01-08 14:04:47","","2026-01-08 14:04:58","11","0","NORMAL_CLEARING","aecee91c-257a-4231-89ec-f90116ddd937","","1002","",""
"1002","1002","-0421552302622","default","2026-01-08 14:04:47","","2026-01-08 14:04:58","11","0","NORMAL_CLEARING","9acf62c3-7ebc-4ac1-925f-1709686541c6","","1002","",""
"1002","1002","-0972567301988","default","2026-01-08 14:04:47","","2026-01-08 14:04:58","11","0","NORMAL_CLEARING","58e86429-91cc-46e8-b6d9-57d276c973f0","","1002","",""
"1002","1002","-0421552302622","default","2026-01-08 14:04:47","","2026-01-08 14:04:58","11","0","NORMAL_CLEARING","63a2453c-85b7-4e56-9069-bd2b189f2aca","","1002","",""
"1002","1002","-0972567301988","default","2026-01-08 14:04:51","","2026-01-08 14:05:02","11","0","NORMAL_CLEARING","32fa8d4f-1ecb-4b2e-8e46-e8a3c4cd3dcb","","1002","",""
"1002","1002","-0421552302622","default","2026-01-08 14:04:51","","2026-01-08 14:05:03","12","0","NORMAL_CLEARING","7fb2cdd7-043d-448e-b33a-0466eda5a656","","1002","",""
"1002","1002","-0421552302622","default","2026-01-08 14:04:56","","2026-01-08 14:05:08","12","0","NORMAL_CLEARING","4acaf7de-dfa4-4b9c-bbb7-52fa376ade5b","","1002","",""
"1002","1002","-0972567301988","default","2026-01-08 14:04:56","","2026-01-08 14:05:08","12","0","NORMAL_CLEARING","df346335-2c54-4364-9dfe-1946ce9581c0","","1002","",""
"1002","1002","0~421552302622","default","2026-01-08 14:05:08","","2026-01-08 14:05:20","12","0","NORMAL_CLEARING","c3ed2d99-a9b2-40f2-a8cf-1d84ecec9e54","","1002","",""
"1002","1002","0~972567301988","default","2026-01-08 14:05:08","","2026-01-08 14:05:20","12","0","NORMAL_CLEARING","c5f45fc4-548b-4ead-99c1-65ce8a186f8b","","1002","",""
"1002","1002","0~972567301988","default","2026-01-08 14:05:09","","2026-01-08 14:05:21","12","0","NORMAL_CLEARING","9e4d09f2-0263-41bd-a464-50988a8f8dc5","","1002","",""
"1002","1002","0~421552302622","default","2026-01-08 14:05:09","","2026-01-08 14:05:21","12","0","NORMAL_CLEARING","d34afd49-84ec-4588-ae26-326c9e937ae0","","1002","",""
"1002","1002","0~972567301988","default","2026-01-08 14:05:09","","2026-01-08 14:05:22","13","0","NORMAL_CLEARING","bfb8e20a-a164-4f44-982d-683e714f56d9","","1002","",""
"1002","1002","0~421552302622","default","2026-01-08 14:05:09","","2026-01-08 14:05:22","13","0","NORMAL_CLEARING","54c92b1a-6ab9-4c41-9930-9deb1a2f8c9d","","1002","",""
"1002","1002","0~972567301988","default","2026-01-08 14:05:13","","2026-01-08 14:05:26","13","0","NORMAL_CLEARING","7855c5bf-bf2c-420d-aa5f-ae9c94c3e138","","1002","",""
"1002","1002","0~421552302622","default","2026-01-08 14:05:13","","2026-01-08 14:05:26","13","0","NORMAL_CLEARING","191f40b9-bac4-4972-9f5c-c985428b4614","","1002","",""
"1002","1002","0~972567301988","default","2026-01-08 14:05:19","","2026-01-08 14:05:31","12","0","NORMAL_CLEARING","895f3b05-9e6f-4754-b6be-0cdcd25141c1","","1002","",""
"1002","1002","0~421552302622","default","2026-01-08 14:05:19","","2026-01-08 14:05:31","12","0","NORMAL_CLEARING","f9457eed-a996-4d82-a0f0-55925ea7447b","","1002","",""
"1002","1002","011~421552302622","default","2026-01-08 14:05:30","","2026-01-08 14:05:47","17","0","NORMAL_CLEARING","77647dc2-b995-4c75-86dc-c10403bd3fba","","1002","",""
"1002","1002","011~972567301988","default","2026-01-08 14:05:30","","2026-01-08 14:05:47","17","0","NORMAL_CLEARING","ec5bae3f-7194-4217-a885-bd5ff00eb0fb","","1002","",""
"1002","1002","011~421552302622","default","2026-01-08 14:05:31","","2026-01-08 14:05:48","17","0","NORMAL_CLEARING","472a9590-959e-4c92-8d34-5d0f79dc9db5","","1002","",""
"1002","1002","011~972567301988","default","2026-01-08 14:05:31","","2026-01-08 14:05:49","18","0","NORMAL_CLEARING","dba169e2-cda1-4047-a9e5-d7d4959016ba","","1002","",""
"1002","1002","011~421552302622","default","2026-01-08 14:05:32","","2026-01-08 14:05:49","17","0","NORMAL_CLEARING","b7e1028c-4d89-4cba-85b6-e457c6548df7","","1002","",""
"1002","1002","011~972567301988","default","2026-01-08 14:05:32","","2026-01-08 14:05:49","17","0","NORMAL_CLEARING","680f0885-27d1-4561-915d-940dc70592e0","","1002","",""
"1002","1002","011~421552302622","default","2026-01-08 14:05:35","","2026-01-08 14:05:53","18","0","NORMAL_CLEARING","154b83be-6e52-47e2-866a-407cff1fd276","","1002","",""
"1002","1002","011~972567301988","default","2026-01-08 14:05:35","","2026-01-08 14:05:53","18","0","NORMAL_CLEARING","6601f8bd-e6db-4495-9133-b604415d0bc8","","1002","",""
"1002","1002","011~421552302622","default","2026-01-08 14:05:41","","2026-01-08 14:06:00","19","0","NORMAL_CLEARING","61a7937e-c6ae-4a49-ab13-2f31345cc6e4","","1002","",""
"1002","1002","011~972567301988","default","2026-01-08 14:05:41","","2026-01-08 14:06:00","19","0","NORMAL_CLEARING","04cf8580-4518-476f-ad71-079174b14f18","","1002","",""
"1002","1002","-011421552302622","default","2026-01-08 14:05:53","","2026-01-08 14:06:11","18","0","NORMAL_CLEARING","695f7732-b964-4f12-8eaa-20c46548a742","","1002","",""
"1002","1002","-011972567301988","default","2026-01-08 14:05:53","","2026-01-08 14:06:12","19","0","NORMAL_CLEARING","873547fe-447c-43f3-a965-3303f97a846d","","1002","",""
"1002","1002","-011972567301988","default","2026-01-08 14:05:54","","2026-01-08 14:06:12","18","0","NORMAL_CLEARING","2d0a47c1-fd75-41ba-b3ab-d95decf516e3","","1002","",""
"1002","1002","-011421552302622","default","2026-01-08 14:05:54","","2026-01-08 14:06:13","19","0","NORMAL_CLEARING","2136df55-13c7-496c-9772-4df71dfea0f3","","1002","",""
"1002","1002","-011421552302622","default","2026-01-08 14:05:54","","2026-01-08 14:06:13","19","0","NORMAL_CLEARING","6ef64262-9cf9-488b-8a7e-c2715f20ce01","","1002","",""
"1002","1002","-011972567301988","default","2026-01-08 14:05:54","","2026-01-08 14:06:13","19","0","NORMAL_CLEARING","4e1801b9-b00b-4b68-a999-12b4dd2b7eed","","1002","",""
"1002","1002","-011421552302622","default","2026-01-08 14:05:57","","2026-01-08 14:06:16","19","0","NORMAL_CLEARING","0b55fa73-ab79-45f7-a056-d16fe275a725","","1002","",""
"1002","1002","-011972567301988","default","2026-01-08 14:05:57","","2026-01-08 14:06:16","19","0","NORMAL_CLEARING","65a3b669-5a73-491b-a3ad-ac7ed1998679","","1002","",""
"1002","1002","-011972567301988","default","2026-01-08 14:06:03","","2026-01-08 14:06:22","19","0","NORMAL_CLEARING","708e823e-6c73-4ff1-a05e-72f004d623f5","","1002","",""
"1002","1002","-011421552302622","default","2026-01-08 14:06:03","","2026-01-08 14:06:23","20","0","NORMAL_CLEARING","9bbc3a94-8f50-401f-acdb-776c42845045","","1002","",""
"1002","1002","9011~421552302622","default","2026-01-08 14:06:14","","2026-01-08 14:06:31","17","0","NORMAL_CLEARING","c7c93452-89a7-4e6c-bc28-eb238a21a0aa","","1002","",""
"1002","1002","9011~972567301988","default","2026-01-08 14:06:14","","2026-01-08 14:06:31","17","0","NORMAL_CLEARING","8f2d74bc-bfbb-4c0b-83ee-dd2632d4323a","","1002","",""
"1002","1002","9011~421552302622","default","2026-01-08 14:06:15","","2026-01-08 14:06:32","17","0","NORMAL_CLEARING","65197947-0071-43bd-8a8b-a3b494b17b63","","1002","",""
"1002","1002","9011~972567301988","default","2026-01-08 14:06:15","","2026-01-08 14:06:32","17","0","NORMAL_CLEARING","058ef9a0-5b4c-494f-a403-5336a5029e7a","","1002","",""
"1002","1002","9011~972567301988","default","2026-01-08 14:06:16","","2026-01-08 14:06:34","18","0","NORMAL_CLEARING","2770ae73-c784-41f7-ac6f-96949d436d2f","","1002","",""
"1002","1002","9011~421552302622","default","2026-01-08 14:06:16","","2026-01-08 14:06:34","18","0","NORMAL_CLEARING","c3a776e9-2176-4fdf-8d45-7d4285356f3c","","1002","",""
"1002","1002","9011~972567301988","default","2026-01-08 14:06:20","","2026-01-08 14:06:36","16","0","NORMAL_CLEARING","f2b742d0-fbc7-452f-8682-a77478be2526","","1002","",""
"1002","1002","9011~421552302622","default","2026-01-08 14:06:20","","2026-01-08 14:06:36","16","0","NORMAL_CLEARING","ac89ace0-1b3b-457d-b5d6-37365743894f","","1002","",""
"1002","1002","9011~972567301988","default","2026-01-08 14:06:26","","2026-01-08 14:06:42","16","0","NORMAL_CLEARING","8bb3a7d3-9750-4973-b3dc-77b67e37902f","","1002","",""
"1002","1002","9011~421552302622","default","2026-01-08 14:06:26","","2026-01-08 14:06:42","16","0","NORMAL_CLEARING","8ccd598e-5d6d-4877-a091-8a609cc5ecf6","","1002","",""
"1002","1002","0.0+972567301988","default","2026-01-08 14:06:36","","2026-01-08 14:06:52","16","0","NORMAL_CLEARING","092069ca-67dc-4be5-b2d6-bc993e98a09e","","1002","",""
"1002","1002","0.0+421552302622","default","2026-01-08 14:06:36","","2026-01-08 14:06:52","16","0","NORMAL_CLEARING","69f65e9d-a353-4018-8381-67d1bbd70e0c","","1002","",""
"1002","1002","0.0+972567301988","default","2026-01-08 14:06:37","","2026-01-08 14:06:53","16","0","NORMAL_CLEARING","53a488fe-2dc5-4107-8f89-17cbf1c9136c","","1002","",""
"1002","1002","0.0+421552302622","default","2026-01-08 14:06:37","","2026-01-08 14:06:53","16","0","NORMAL_CLEARING","d64d47a3-2822-445c-b3c0-6235bf10499e","","1002","",""
"1002","1002","0.0+421552302622","default","2026-01-08 14:06:39","","2026-01-08 14:06:54","15","0","NORMAL_CLEARING","a4a4188e-2d9f-434d-ba87-c0e1d6232a58","","1002","",""
"1002","1002","0.0+972567301988","default","2026-01-08 14:06:39","","2026-01-08 14:06:55","16","0","NORMAL_CLEARING","d1e73985-531e-49c0-b9dd-aa42b6a52f34","","1002","",""
"1002","1002","0.0+972567301988","default","2026-01-08 14:06:42","","2026-01-08 14:06:58","16","0","NORMAL_CLEARING","7f4e38a3-9865-418b-b9e1-ab0d7e78cdf7","","1002","",""
"1002","1002","0.0+421552302622","default","2026-01-08 14:06:42","","2026-01-08 14:06:58","16","0","NORMAL_CLEARING","2f3928a0-1322-4b70-849f-f671d4e9f4a0","","1002","",""
"1002","1002","0.0+972567301988","default","2026-01-08 14:06:48","","2026-01-08 14:07:04","16","0","NORMAL_CLEARING","0885623f-aa88-4cd3-ab9b-e7a481a20bd2","","1002","",""
"1002","1002","0.0+421552302622","default","2026-01-08 14:06:48","","2026-01-08 14:07:04","16","0","NORMAL_CLEARING","d60ec1bd-f7d0-4313-8899-efca7abb38fc","","1002","",""
"1002","1002","00#972567301988","default","2026-01-08 14:06:59","","2026-01-08 14:07:14","15","0","NORMAL_CLEARING","ddcc0345-8ec9-4475-95c0-9cb21eab9eaf","","1002","",""
"1002","1002","00#421552302622","default","2026-01-08 14:06:59","","2026-01-08 14:07:15","16","0","NORMAL_CLEARING","44eed246-f562-4aa8-a06a-7864436078b9","","1002","",""
"1002","1002","00#972567301988","default","2026-01-08 14:07:00","","2026-01-08 14:07:16","16","0","NORMAL_CLEARING","84c93734-9a56-4a03-b76c-d41d90bd2b8f","","1002","",""
"1002","1002","00#421552302622","default","2026-01-08 14:07:00","","2026-01-08 14:07:16","16","0","NORMAL_CLEARING","00e3e979-1847-4435-9484-801545d626bf","","1002","",""
"1002","1002","00#421552302622","default","2026-01-08 14:07:01","","2026-01-08 14:07:18","17","0","NORMAL_CLEARING","cfa8772e-f9a9-4686-b4b8-ed8f699171fd","","1002","",""
"1002","1002","00#972567301988","default","2026-01-08 14:07:01","","2026-01-08 14:07:18","17","0","NORMAL_CLEARING","a4109d64-97a2-4035-aa92-19face8d41e9","","1002","",""
"1002","1002","00#972567301988","default","2026-01-08 14:07:04","","2026-01-08 14:07:22","18","0","NORMAL_CLEARING","d60d8d3f-c09e-487f-b7f0-b4f99eec1735","","1002","",""
"1002","1002","00#421552302622","default","2026-01-08 14:07:04","","2026-01-08 14:07:22","18","0","NORMAL_CLEARING","6d2a378a-e80e-4762-b3aa-6363a4ce6ea2","","1002","",""
"1002","1002","00#421552302622","default","2026-01-08 14:07:10","","2026-01-08 14:07:27","17","0","NORMAL_CLEARING","bcf2db13-6237-4354-b2ce-4dcd00900b0a","","1002","",""
"1002","1002","00#972567301988","default","2026-01-08 14:07:10","","2026-01-08 14:07:27","17","0","NORMAL_CLEARING","2da65b36-d14b-427a-bd82-dec6ef4f6e3a","","1002","",""
"1002","1002","900.972567301988","default","2026-01-08 14:07:21","","2026-01-08 14:07:37","16","0","NORMAL_CLEARING","391a30cf-de4c-452e-a6a0-e9f1ac783259","","1002","",""
"1002","1002","900.421552302622","default","2026-01-08 14:07:21","","2026-01-08 14:07:37","16","0","NORMAL_CLEARING","78127638-0284-4e8b-85e2-cd10e0f00b48","","1002","",""
"1002","1002","900.421552302622","default","2026-01-08 14:07:22","","2026-01-08 14:07:37","15","0","NORMAL_CLEARING","2d902285-571f-44cb-845c-908e7077cc5b","","1002","",""
"1002","1002","900.972567301988","default","2026-01-08 14:07:22","","2026-01-08 14:07:38","16","0","NORMAL_CLEARING","483f82a4-1400-4367-8465-8b633e8448ff","","1002","",""
"1002","1002","900.972567301988","default","2026-01-08 14:07:23","","2026-01-08 14:07:39","16","0","NORMAL_CLEARING","3f1dac49-9dee-436d-ba75-fade4958e82d","","1002","",""
"1002","1002","900.421552302622","default","2026-01-08 14:07:23","","2026-01-08 14:07:39","16","0","NORMAL_CLEARING","e0f30a18-d9b2-485f-95be-bd863ff7bfbb","","1002","",""
"1002","1002","900.421552302622","default","2026-01-08 14:07:27","","2026-01-08 14:07:42","15","0","NORMAL_CLEARING","b31a3ede-10c1-4941-9cce-cd506335d009","","1002","",""
"1002","1002","900.972567301988","default","2026-01-08 14:07:27","","2026-01-08 14:07:42","15","0","NORMAL_CLEARING","048182d3-b84b-4a08-8a54-93043ec321dc","","1002","",""
"1002","1002","900.421552302622","default","2026-01-08 14:07:33","","2026-01-08 14:07:48","15","0","NORMAL_CLEARING","16674b71-7cfe-4f28-ac25-561c41c46595","","1002","",""
"1002","1002","900.972567301988","default","2026-01-08 14:07:33","","2026-01-08 14:07:48","15","0","NORMAL_CLEARING","a7a570e7-e05b-429b-a9f3-28dc88fd0495","","1002","",""
"1002","1002","900+421552302622","default","2026-01-08 14:07:44","","2026-01-08 14:07:59","15","0","NORMAL_CLEARING","23952a66-7cd1-47f7-ae9f-88af62aeed0c","","1002","",""
"1002","1002","900+972567301988","default","2026-01-08 14:07:44","","2026-01-08 14:07:59","15","0","NORMAL_CLEARING","71bb11dd-6d9c-4f4d-9e78-fe5cb6bef906","","1002","",""
"1002","1002","900+972567301988","default","2026-01-08 14:07:44","","2026-01-08 14:07:59","15","0","NORMAL_CLEARING","0c637d86-3ea9-45d7-8fc9-cf48b410d481","","1002","",""
"1002","1002","900+421552302622","default","2026-01-08 14:07:44","","2026-01-08 14:07:59","15","0","NORMAL_CLEARING","712b0a12-b8df-433a-9459-86b9b48f78ab","","1002","",""
"1002","1002","900+421552302622","default","2026-01-08 14:07:46","","2026-01-08 14:08:01","15","0","NORMAL_CLEARING","026694c3-575f-4bfd-ab01-f29c40291233","","1002","",""
"1002","1002","900+972567301988","default","2026-01-08 14:07:46","","2026-01-08 14:08:01","15","0","NORMAL_CLEARING","31aef05d-6a23-4e9f-a12e-8200855dd892","","1002","",""
"1002","1002","900+972567301988","default","2026-01-08 14:07:49","","2026-01-08 14:08:05","16","0","NORMAL_CLEARING","53306f16-9d4c-4dcb-98ab-e8fccb7c1986","","1002","",""
"1002","1002","900+421552302622","default","2026-01-08 14:07:49","","2026-01-08 14:08:05","16","0","NORMAL_CLEARING","9c561610-b92f-4dcd-b0ca-ab6587ebaee3","","1002","",""
"1002","1002","900+421552302622","default","2026-01-08 14:07:55","","2026-01-08 14:08:10","15","0","NORMAL_CLEARING","f0a37346-89d5-4997-a87a-b19672b1384d","","1002","",""
"1002","1002","900+972567301988","default","2026-01-08 14:07:55","","2026-01-08 14:08:10","15","0","NORMAL_CLEARING","2864b4f6-a87f-4f96-9d57-2c86979993f0","","1002","",""
"1002","1002","9+421552302622","default","2026-01-08 14:08:04","","2026-01-08 14:08:18","14","0","NORMAL_CLEARING","fd0ed502-2879-4c2b-8b8b-52dfae8ee4e7","","1002","",""
"1002","1002","9+972567301988","default","2026-01-08 14:08:04","","2026-01-08 14:08:18","14","0","NORMAL_CLEARING","97ed711b-9e60-4cc5-a8b8-37f2421b23c9","","1002","",""
"1002","1002","9+972567301988","default","2026-01-08 14:08:06","","2026-01-08 14:08:19","13","0","NORMAL_CLEARING","8fc1285f-a72a-4f1a-8a01-81155b244472","","1002","",""
"1002","1002","9+421552302622","default","2026-01-08 14:08:06","","2026-01-08 14:08:19","13","0","NORMAL_CLEARING","e6361810-a6ea-475a-8f84-aa92719f68d4","","1002","",""
"1002","1002","9+421552302622","default","2026-01-08 14:08:07","","2026-01-08 14:08:20","13","0","NORMAL_CLEARING","941ffc9f-ab8f-4bbf-9b31-f2e39b058176","","1002","",""
"1002","1002","9+972567301988","default","2026-01-08 14:08:07","","2026-01-08 14:08:20","13","0","NORMAL_CLEARING","6dcf5689-44da-4939-bb26-6e8c5d2d8c4e","","1002","",""
"1002","1002","9+421552302622","default","2026-01-08 14:08:12","","2026-01-08 14:08:25","13","0","NORMAL_CLEARING","907c464a-8aa9-490e-90ef-713bc7c6650c","","1002","",""
"1002","1002","9+972567301988","default","2026-01-08 14:08:12","","2026-01-08 14:08:25","13","0","NORMAL_CLEARING","210615a2-b6ae-40b0-9556-66c3b6eff979","","1002","",""
"1002","1002","9+421552302622","default","2026-01-08 14:08:18","","2026-01-08 14:08:31","13","0","NORMAL_CLEARING","131c5b87-5438-484c-a406-9a8a8c5b55f7","","1002","",""
"1002","1002","9+972567301988","default","2026-01-08 14:08:18","","2026-01-08 14:08:31","13","0","NORMAL_CLEARING","30fa079d-e212-4967-9c22-6fdea6749d37","","1002","",""
"1002","1002","8+972567301988","default","2026-01-08 14:08:26","","2026-01-08 14:08:39","13","0","NORMAL_CLEARING","04bbe3d8-d7c9-4a3f-8e22-6ba3a80fdad7","","1002","",""
"1002","1002","8+421552302622","default","2026-01-08 14:08:26","","2026-01-08 14:08:40","14","0","NORMAL_CLEARING","24a16ee6-fdac-461e-9ab6-d605597766fa","","1002","",""
"1002","1002","8+972567301988","default","2026-01-08 14:08:28","","2026-01-08 14:08:42","14","0","NORMAL_CLEARING","2dec419c-31b6-4a58-94d7-b7b14957ff3b","","1002","",""
"1002","1002","8+421552302622","default","2026-01-08 14:08:28","","2026-01-08 14:08:42","14","0","NORMAL_CLEARING","0fcb111a-0981-4754-9fbd-3e2dd02cc66a","","1002","",""
"1002","1002","8+421552302622","default","2026-01-08 14:08:29","","2026-01-08 14:08:42","13","0","NORMAL_CLEARING","d829c0c8-a274-49e4-9fa8-db5949faa5e8","","1002","",""
"1002","1002","8+972567301988","default","2026-01-08 14:08:29","","2026-01-08 14:08:42","13","0","NORMAL_CLEARING","eb1fcae7-385b-461a-8442-4d0fb595918d","","1002","",""
"1002","1002","8+421552302622","default","2026-01-08 14:08:34","","2026-01-08 14:08:47","13","0","NORMAL_CLEARING","b9a725e7-52e8-449b-83b5-4985d9185bd7","","1002","",""
"1002","1002","8+972567301988","default","2026-01-08 14:08:34","","2026-01-08 14:08:48","14","0","NORMAL_CLEARING","f3282c76-725a-4bb6-bb36-b42968226f61","","1002","",""
"1002","1002","8+972567301988","default","2026-01-08 14:08:40","","2026-01-08 14:08:54","14","0","NORMAL_CLEARING","6afa76d5-1762-4d96-808a-e54dbd40f645","","1002","",""
"1002","1002","8+421552302622","default","2026-01-08 14:08:40","","2026-01-08 14:08:54","14","0","NORMAL_CLEARING","5ec2561f-18b4-4c33-9e96-ebe6c662da61","","1002","",""
"1002","1002","7+421552302622","default","2026-01-08 14:08:48","","2026-01-08 14:09:02","14","0","NORMAL_CLEARING","0cbf0df7-929f-46f9-842d-328b94d80a64","","1002","",""
"1002","1002","7+972567301988","default","2026-01-08 14:08:48","","2026-01-08 14:09:02","14","0","NORMAL_CLEARING","320549ac-b839-4f8e-b6b6-12e79cb06132","","1002","",""
"1002","1002","7+972567301988","default","2026-01-08 14:08:51","","2026-01-08 14:09:04","13","0","NORMAL_CLEARING","2224ab85-f087-4c52-9d09-83fa071a9ae1","","1002","",""
"1002","1002","7+421552302622","default","2026-01-08 14:08:51","","2026-01-08 14:09:04","13","0","NORMAL_CLEARING","6a0e70ee-7096-4d42-92e4-13a4671be59f","","1002","",""
"1002","1002","7+972567301988","default","2026-01-08 14:08:51","","2026-01-08 14:09:05","14","0","NORMAL_CLEARING","92c688ab-cfa8-49f4-9996-870e5492e05b","","1002","",""
"1002","1002","7+421552302622","default","2026-01-08 14:08:51","","2026-01-08 14:09:05","14","0","NORMAL_CLEARING","22c3ca4b-5567-48f9-9664-627a8dbc08dd","","1002","",""
"1002","1002","7+972567301988","default","2026-01-08 14:08:56","","2026-01-08 14:09:11","15","0","NORMAL_CLEARING","3029ab68-7964-47e5-acaa-17afd4229872","","1002","",""
"1002","1002","7+421552302622","default","2026-01-08 14:08:56","","2026-01-08 14:09:11","15","0","NORMAL_CLEARING","71214ae5-a565-46d9-b9bd-6c7554a7467c","","1002","",""
"1002","1002","7+421552302622","default","2026-01-08 14:09:02","","2026-01-08 14:09:17","15","0","NORMAL_CLEARING","b1559eb9-a969-4509-9dd2-4782eff8e12c","","1002","",""
"1002","1002","7+972567301988","default","2026-01-08 14:09:02","","2026-01-08 14:09:17","15","0","NORMAL_CLEARING","98105aef-7bca-4a65-8fb7-a1af35825876","","1002","",""
"1002","1002","5+421552302622","default","2026-01-08 14:09:11","","2026-01-08 14:09:24","13","0","NORMAL_CLEARING","8f70aa09-7bac-4c53-9718-4b913e4e49b9","","1002","",""
"1002","1002","5+972567301988","default","2026-01-08 14:09:11","","2026-01-08 14:09:24","13","0","NORMAL_CLEARING","e138b4ee-ac51-4adf-a754-0c5b144b22f3","","1002","",""
"1002","1002","5+972567301988","default","2026-01-08 14:09:13","","2026-01-08 14:09:26","13","0","NORMAL_CLEARING","7b39c942-291d-452e-8799-e4b0dd5440e1","","1002","",""
"1002","1002","5+421552302622","default","2026-01-08 14:09:13","","2026-01-08 14:09:26","13","0","NORMAL_CLEARING","2321d700-c129-427b-82bd-49f1371f7a01","","1002","",""
"1002","1002","5+972567301988","default","2026-01-08 14:09:13","","2026-01-08 14:09:27","14","0","NORMAL_CLEARING","f720a0d3-6f53-4074-afad-1293875b5719","","1002","",""
"1002","1002","5+421552302622","default","2026-01-08 14:09:13","","2026-01-08 14:09:27","14","0","NORMAL_CLEARING","e128c467-f5f1-40bf-9082-76cef58a2586","","1002","",""
"1002","1002","5+421552302622","default","2026-01-08 14:09:19","","2026-01-08 14:09:32","13","0","NORMAL_CLEARING","7abea813-f577-4543-b51e-835c5a0e0278","","1002","",""
"1002","1002","5+972567301988","default","2026-01-08 14:09:19","","2026-01-08 14:09:32","13","0","NORMAL_CLEARING","75b096be-e670-4d6f-bdb4-af8c11093c33","","1002","",""
"1002","1002","5+972567301988","default","2026-01-08 14:09:25","","2026-01-08 14:09:38","13","0","NORMAL_CLEARING","b97f0bc6-f0f7-441f-aedf-955e7d0f18b0","","1002","",""
"1002","1002","5+421552302622","default","2026-01-08 14:09:25","","2026-01-08 14:09:38","13","0","NORMAL_CLEARING","b3c46d9d-fbd3-4336-95a7-894b55b11c55","","1002","",""
"1002","1002","3+421552302622","default","2026-01-08 14:09:33","","2026-01-08 14:09:47","14","0","NORMAL_CLEARING","0347faf9-0a4e-4e6d-a71e-ff3339035d82","","1002","",""
"1002","1002","3+972567301988","default","2026-01-08 14:09:33","","2026-01-08 14:09:47","14","0","NORMAL_CLEARING","78a467d2-6bdc-4eef-a50c-04ac63dc7015","","1002","",""
"1002","1002","3+421552302622","default","2026-01-08 14:09:35","","2026-01-08 14:09:49","14","0","NORMAL_CLEARING","5a4067f1-133d-4146-bc80-512c7fe23032","","1002","",""
"1002","1002","3+972567301988","default","2026-01-08 14:09:35","","2026-01-08 14:09:49","14","0","NORMAL_CLEARING","c0ff0b48-02fc-4b52-b716-ffd5e7bcb0eb","","1002","",""
"1002","1002","3+972567301988","default","2026-01-08 14:09:36","","2026-01-08 14:09:50","14","0","NORMAL_CLEARING","856729fe-b115-434d-a8a2-2ac3c9aee112","","1002","",""
"1002","1002","3+421552302622","default","2026-01-08 14:09:36","","2026-01-08 14:09:50","14","0","NORMAL_CLEARING","c139821a-387e-486f-82b7-9f4494a9d189","","1002","",""
"1002","1002","3+421552302622","default","2026-01-08 14:09:41","","2026-01-08 14:09:54","13","0","NORMAL_CLEARING","10e69af3-24f1-4928-9170-7930181abf87","","1002","",""
"1002","1002","3+972567301988","default","2026-01-08 14:09:41","","2026-01-08 14:09:55","14","0","NORMAL_CLEARING","5b127dce-71e2-4bef-ab3b-a70717c4e5ea","","1002","",""
"1002","1002","3+972567301988","default","2026-01-08 14:09:47","","2026-01-08 14:10:01","14","0","NORMAL_CLEARING","b127ba3d-c7cd-4929-b5a9-648b754f9464","","1002","",""
"1002","1002","3+421552302622","default","2026-01-08 14:09:47","","2026-01-08 14:10:01","14","0","NORMAL_CLEARING","07f3225f-88b4-469e-9f20-1b9c11569ed8","","1002","",""
"1002","1002","1+421552302622","default","2026-01-08 14:09:55","","2026-01-08 14:10:09","14","0","NORMAL_CLEARING","48034e3c-d9b7-4d73-9f18-dd6080e22ca2","","1002","",""
"1002","1002","1+972567301988","default","2026-01-08 14:09:55","","2026-01-08 14:10:10","15","0","NORMAL_CLEARING","de482790-b465-4b10-b8da-1159b287e482","","1002","",""
"1002","1002","1+421552302622","default","2026-01-08 14:09:58","","2026-01-08 14:10:12","14","0","NORMAL_CLEARING","75a6839e-7d4e-405d-a51d-ce532a9796ce","","1002","",""
"1002","1002","1+972567301988","default","2026-01-08 14:09:58","","2026-01-08 14:10:12","14","0","NORMAL_CLEARING","06d28e04-f72c-4a0d-92d6-fd3f2dffae06","","1002","",""
"1002","1002","1+972567301988","default","2026-01-08 14:09:58","","2026-01-08 14:10:12","14","0","NORMAL_CLEARING","92bf1944-a8b7-4c5f-98b1-f40286ea1a6b","","1002","",""
"1002","1002","1+421552302622","default","2026-01-08 14:09:58","","2026-01-08 14:10:12","14","0","NORMAL_CLEARING","e2521610-1f65-4ba2-9656-19c91e5c91f2","","1002","",""
"1002","1002","1+972567301988","default","2026-01-08 14:10:04","","2026-01-08 14:10:18","14","0","NORMAL_CLEARING","13c5d87a-b87e-41b6-91b8-8be4b25d621b","","1002","",""
"1002","1002","1+421552302622","default","2026-01-08 14:10:04","","2026-01-08 14:10:18","14","0","NORMAL_CLEARING","f01d30d3-f31d-416a-893d-f473e5ab6f01","","1002","",""
"1002","1002","1+972567301988","default","2026-01-08 14:10:09","","2026-01-08 14:10:24","15","0","NORMAL_CLEARING","4f739323-aa70-42df-a65e-8642c866f262","","1002","",""
"1002","1002","1+421552302622","default","2026-01-08 14:10:09","","2026-01-08 14:10:24","15","0","NORMAL_CLEARING","6f770e86-5734-4b17-ab7e-373ca2affe8a","","1002","",""
"1002","1002","2000972567301988","default","2026-01-08 14:10:18","","2026-01-08 14:10:34","16","0","NORMAL_CLEARING","2c506f30-a21a-4de4-a5c7-d71d6e6c60cd","","1002","",""
"1002","1002","2000421552302622","default","2026-01-08 14:10:18","","2026-01-08 14:10:34","16","0","NORMAL_CLEARING","249f6373-4bb9-408c-b28d-ab8d7ed0a265","","1002","",""
"1002","1002","2000972567301988","default","2026-01-08 14:10:20","","2026-01-08 14:10:36","16","0","NORMAL_CLEARING","d3259514-3787-409f-9cd8-a328c55147af","","1002","",""
"1002","1002","2000972567301988","default","2026-01-08 14:10:21","","2026-01-08 14:10:37","16","0","NORMAL_CLEARING","62239864-7648-4f65-a08f-eadc5ebd6a0e","","1002","",""
"1002","1002","2000421552302622","default","2026-01-08 14:10:21","","2026-01-08 14:10:37","16","0","NORMAL_CLEARING","22330e3d-106c-4667-b7c6-b9da819443dc","","1002","",""
"1002","1002","2000421552302622","default","2026-01-08 14:10:20","","2026-01-08 14:10:37","17","0","NORMAL_CLEARING","35422f41-f845-491c-98d0-565435c12338","","1002","",""
"1002","1002","2000421552302622","default","2026-01-08 14:10:26","","2026-01-08 14:10:42","16","0","NORMAL_CLEARING","7a8de126-cdeb-4d66-a20e-ba288aeb0cac","","1002","",""
"1002","1002","2000972567301988","default","2026-01-08 14:10:26","","2026-01-08 14:10:43","17","0","NORMAL_CLEARING","0436b1cd-d1a1-4a0c-85a3-06272da81662","","1002","",""
"1002","1002","2000972567301988","default","2026-01-08 14:10:32","","2026-01-08 14:10:47","15","0","NORMAL_CLEARING","4a965d92-058e-4c83-b26e-68f9f1f73c3d","","1002","",""
"1002","1002","2000421552302622","default","2026-01-08 14:10:32","","2026-01-08 14:10:48","16","0","NORMAL_CLEARING","d4c908d4-f26e-4b94-8750-96e9d4c5cdff","","1002","",""
"1002","1002","3000972567301988","default","2026-01-08 14:10:40","","2026-01-08 14:10:57","17","0","NORMAL_CLEARING","c1555a36-9c9f-485f-ba4c-9cd7b0413b13","","1002","",""
"1002","1002","3000421552302622","default","2026-01-08 14:10:40","","2026-01-08 14:10:57","17","0","NORMAL_CLEARING","e9e38b6e-f464-4cbe-b2d2-39bbbd6a6dd5","","1002","",""
"1002","1002","3000972567301988","default","2026-01-08 14:10:43","","2026-01-08 14:10:59","16","0","NORMAL_CLEARING","39e5a26f-79d7-4026-9b1d-9ede48ff9905","","1002","",""
"1002","1002","3000421552302622","default","2026-01-08 14:10:43","","2026-01-08 14:10:59","16","0","NORMAL_CLEARING","09d3947c-8ea5-4a03-b919-0b38f0ca269f","","1002","",""
"1002","1002","3000421552302622","default","2026-01-08 14:10:43","","2026-01-08 14:10:59","16","0","NORMAL_CLEARING","f2bcd2c9-cb05-48cd-b190-d75e6618dc81","","1002","",""
"1002","1002","3000972567301988","default","2026-01-08 14:10:43","","2026-01-08 14:10:59","16","0","NORMAL_CLEARING","d8a4d012-b43b-4dbf-b234-3460dc620ff6","","1002","",""
"1002","1002","3000421552302622","default","2026-01-08 14:10:48","","2026-01-08 14:11:04","16","0","NORMAL_CLEARING","dbe2b12b-c497-4766-b6bc-36b2e1c79272","","1002","",""
"1002","1002","3000972567301988","default","2026-01-08 14:10:48","","2026-01-08 14:11:04","16","0","NORMAL_CLEARING","638fe227-eda4-47a4-9457-07b18029d10b","","1002","",""
"1002","1002","3000421552302622","default","2026-01-08 14:10:54","","2026-01-08 14:11:09","15","0","NORMAL_CLEARING","387ed7c9-2972-4729-af76-2322ad43b498","","1002","",""
"1002","1002","3000972567301988","default","2026-01-08 14:10:54","","2026-01-08 14:11:09","15","0","NORMAL_CLEARING","fa32a0e3-03c5-4595-8d53-b1fc833b2e3e","","1002","",""
"1002","1002","4000972567301988","default","2026-01-08 14:11:03","","2026-01-08 14:11:18","15","0","NORMAL_CLEARING","9caf9554-dbe3-45f0-af8d-90e1dcffca7d","","1002","",""
"1002","1002","4000421552302622","default","2026-01-08 14:11:03","","2026-01-08 14:11:18","15","0","NORMAL_CLEARING","4d52e145-a279-46c9-a3e7-d4a8136baa89","","1002","",""
"1002","1002","4000421552302622","default","2026-01-08 14:11:05","","2026-01-08 14:11:19","14","0","NORMAL_CLEARING","42bb6ce9-0e88-455e-82f8-89e1859cf411","","1002","",""
"1002","1002","4000972567301988","default","2026-01-08 14:11:05","","2026-01-08 14:11:19","14","0","NORMAL_CLEARING","88fc4348-f2b3-47d2-b5ef-ec49aa01599e","","1002","",""
"1002","1002","4000421552302622","default","2026-01-08 14:11:05","","2026-01-08 14:11:20","15","0","NORMAL_CLEARING","8ab49582-2b13-4172-a214-a615b2985275","","1002","",""
"1002","1002","4000972567301988","default","2026-01-08 14:11:05","","2026-01-08 14:11:20","15","0","NORMAL_CLEARING","b5934d50-115a-409c-aa61-57daea11cd39","","1002","",""
"1002","1002","4000972567301988","default","2026-01-08 14:11:11","","2026-01-08 14:11:25","14","0","NORMAL_CLEARING","908220bf-b1d1-4db9-833e-2f2ffebbef31","","1002","",""
"1002","1002","4000421552302622","default","2026-01-08 14:11:11","","2026-01-08 14:11:25","14","0","NORMAL_CLEARING","2042c15c-d510-4fbb-95ae-fd5ee3ee0629","","1002","",""
"1002","1002","4000972567301988","default","2026-01-08 14:11:16","","2026-01-08 14:11:31","15","0","NORMAL_CLEARING","fc99e369-b201-4597-82a1-11a492581c1f","","1002","",""
"1002","1002","4000421552302622","default","2026-01-08 14:11:16","","2026-01-08 14:11:31","15","0","NORMAL_CLEARING","acfcf39c-a63b-4afa-b336-981f90a29e0e","","1002","",""
"1002","1002","5000972567301988","default","2026-01-08 14:11:25","","2026-01-08 14:11:40","15","0","NORMAL_CLEARING","cb868e5f-a922-4868-ae7c-c2fa0d754408","","1002","",""
"1002","1002","5000421552302622","default","2026-01-08 14:11:25","","2026-01-08 14:11:40","15","0","NORMAL_CLEARING","db2d428d-b877-4895-a386-af912f41a7ac","","1002","",""
"1002","1002","5000421552302622","default","2026-01-08 14:11:28","","2026-01-08 14:11:42","14","0","NORMAL_CLEARING","d4c02ca6-27e3-4d73-b48d-dc3480214f7e","","1002","",""
"1002","1002","5000972567301988","default","2026-01-08 14:11:27","","2026-01-08 14:11:42","15","0","NORMAL_CLEARING","611774f8-7436-41ed-953c-07ea122cbacd","","1002","",""
"1002","1002","5000421552302622","default","2026-01-08 14:11:27","","2026-01-08 14:11:42","15","0","NORMAL_CLEARING","4abed24e-218a-4c56-9153-7ff26c7862d0","","1002","",""
"1002","1002","5000972567301988","default","2026-01-08 14:11:28","","2026-01-08 14:11:42","14","0","NORMAL_CLEARING","2c58b5fa-1210-499e-a3b5-6f0aff71b918","","1002","",""
"1002","1002","5000972567301988","default","2026-01-08 14:11:33","","2026-01-08 14:11:48","15","0","NORMAL_CLEARING","2f451965-bf9c-4453-aabb-664ab7f10e32","","1002","",""
"1002","1002","5000421552302622","default","2026-01-08 14:11:33","","2026-01-08 14:11:48","15","0","NORMAL_CLEARING","9e1bf23f-0273-4bc2-b166-5296911cac8a","","1002","",""
"1002","1002","5000972567301988","default","2026-01-08 14:11:39","","2026-01-08 14:11:53","14","0","NORMAL_CLEARING","65ea0e78-652e-4bb9-83c2-f072d3342d08","","1002","",""
"1002","1002","5000421552302622","default","2026-01-08 14:11:39","","2026-01-08 14:11:53","14","0","NORMAL_CLEARING","25e2abd8-8add-4283-b884-d532bf9a49e2","","1002","",""
"1002","1002","6000972567301988","default","2026-01-08 14:11:47","","2026-01-08 14:12:03","16","0","NORMAL_CLEARING","92b7481c-942a-46e6-a434-a9d3dffe3ba2","","1002","",""
"1002","1002","6000421552302622","default","2026-01-08 14:11:47","","2026-01-08 14:12:03","16","0","NORMAL_CLEARING","cd80bcfe-687e-4d9c-9319-c34fb771b6dd","","1002","",""
"1002","1002","6000972567301988","default","2026-01-08 14:11:50","","2026-01-08 14:12:05","15","0","NORMAL_CLEARING","24686824-49e6-4aa2-9ebf-894a3a7c51a0","","1002","",""
"1002","1002","6000421552302622","default","2026-01-08 14:11:50","","2026-01-08 14:12:05","15","0","NORMAL_CLEARING","21d2defd-e1a1-4956-a222-5ebf605c6a94","","1002","",""
"1002","1002","6000972567301988","default","2026-01-08 14:11:50","","2026-01-08 14:12:06","16","0","NORMAL_CLEARING","102b6ae0-e143-4f49-8a5a-f367532a473b","","1002","",""
"1002","1002","6000421552302622","default","2026-01-08 14:11:50","","2026-01-08 14:12:06","16","0","NORMAL_CLEARING","6da3cdaa-1825-46a6-bf32-1255e1e0905a","","1002","",""
"1002","1002","6000421552302622","default","2026-01-08 14:11:55","","2026-01-08 14:12:11","16","0","NORMAL_CLEARING","5cde8b05-541e-4416-abdf-edfa5bf14507","","1002","",""
"1002","1002","6000972567301988","default","2026-01-08 14:11:55","","2026-01-08 14:12:11","16","0","NORMAL_CLEARING","d2cdbf7b-bcc8-4e7f-a6e1-8c1c88e3a6bb","","1002","",""
"1002","1002","6000421552302622","default","2026-01-08 14:12:01","","2026-01-08 14:12:17","16","0","NORMAL_CLEARING","c0129168-d31a-4ab5-9385-f8f946d1edbe","","1002","",""
"1002","1002","6000972567301988","default","2026-01-08 14:12:01","","2026-01-08 14:12:17","16","0","NORMAL_CLEARING","3d19c8f4-6202-4eb5-bb56-c03e56afe20e","","1002","",""
"1002","1002","10000972567301988","default","2026-01-08 14:12:10","","2026-01-08 14:12:25","15","0","NORMAL_CLEARING","014a71d2-ab05-4102-8a95-02e2af11c4e0","","1002","",""
"1002","1002","10000421552302622","default","2026-01-08 14:12:10","","2026-01-08 14:12:25","15","0","NORMAL_CLEARING","3b3ed979-8b2d-4934-ae05-16dba21364b3","","1002","",""
"1002","1002","10000972567301988","default","2026-01-08 14:12:12","","2026-01-08 14:12:27","15","0","NORMAL_CLEARING","7c3f7070-f3b9-4ad9-a931-ba857e8217bb","","1002","",""
"1002","1002","10000421552302622","default","2026-01-08 14:12:12","","2026-01-08 14:12:27","15","0","NORMAL_CLEARING","abc0400a-3c11-4c8d-9c56-9355b6b3343b","","1002","",""
"1002","1002","10000972567301988","default","2026-01-08 14:12:12","","2026-01-08 14:12:28","16","0","NORMAL_CLEARING","041c8e32-cdb8-4d80-a643-3594b2afd8f6","","1002","",""
"1002","1002","10000421552302622","default","2026-01-08 14:12:12","","2026-01-08 14:12:28","16","0","NORMAL_CLEARING","2b56fc46-a3de-4f04-8abd-a36bcd56df64","","1002","",""
"1002","1002","10000421552302622","default","2026-01-08 14:12:17","","2026-01-08 14:12:32","15","0","NORMAL_CLEARING","a17f1bd5-a939-47a8-a216-46df639e0485","","1002","",""
"1002","1002","10000972567301988","default","2026-01-08 14:12:17","","2026-01-08 14:12:32","15","0","NORMAL_CLEARING","e997ec21-166d-40f0-9ee7-99f10f929657","","1002","",""
"1002","1002","10000972567301988","default","2026-01-08 14:12:24","","2026-01-08 14:12:39","15","0","NORMAL_CLEARING","1e6aed69-8e7c-4b90-91fe-cb0a6f7a813b","","1002","",""
"1002","1002","10000421552302622","default","2026-01-08 14:12:24","","2026-01-08 14:12:39","15","0","NORMAL_CLEARING","31b201a1-bd5c-4cb6-8b0e-c2c8f7c81362","","1002","",""
"1002","1002","20000972567301988","default","2026-01-08 14:12:32","","2026-01-08 14:12:46","14","0","NORMAL_CLEARING","a0eab72c-8b19-4ede-8f93-d0e52cca68d1","","1002","",""
"1002","1002","20000421552302622","default","2026-01-08 14:12:32","","2026-01-08 14:12:47","15","0","NORMAL_CLEARING","83a3a4c4-71a4-4f80-884d-1a4d7939f8ca","","1002","",""
"1002","1002","20000421552302622","default","2026-01-08 14:12:34","","2026-01-08 14:12:48","14","0","NORMAL_CLEARING","242d7f06-c002-4eb8-848c-451f7ada4092","","1002","",""
"1002","1002","20000972567301988","default","2026-01-08 14:12:34","","2026-01-08 14:12:49","15","0","NORMAL_CLEARING","86a29700-69db-43ab-b029-936f43d5c0de","","1002","",""
"1002","1002","20000421552302622","default","2026-01-08 14:12:35","","2026-01-08 14:12:49","14","0","NORMAL_CLEARING","d0942a64-39ee-4b70-8745-9b698d65b2b3","","1002","",""
"1002","1002","20000972567301988","default","2026-01-08 14:12:35","","2026-01-08 14:12:49","14","0","NORMAL_CLEARING","f17b2131-c7e5-4928-8173-eb55d50cb239","","1002","",""
"1002","1002","20000421552302622","default","2026-01-08 14:12:39","","2026-01-08 14:12:54","15","0","NORMAL_CLEARING","0062282f-4d47-43e0-835e-2ba0fedf019c","","1002","",""
"1002","1002","20000972567301988","default","2026-01-08 14:12:39","","2026-01-08 14:12:54","15","0","NORMAL_CLEARING","1e35098e-fe50-4e16-9b42-499b3847275c","","1002","",""
"1002","1002","20000972567301988","default","2026-01-08 14:12:46","","2026-01-08 14:13:01","15","0","NORMAL_CLEARING","0a0d312a-3097-4419-a2c8-d08f7d7c65e6","","1002","",""
"1002","1002","20000421552302622","default","2026-01-08 14:12:46","","2026-01-08 14:13:01","15","0","NORMAL_CLEARING","a5f1f7af-3338-4bd2-af0f-950d26fbd8cc","","1002","",""
"1002","1002","30000972567301988","default","2026-01-08 14:12:54","","2026-01-08 14:13:08","14","0","NORMAL_CLEARING","85057181-6d38-455f-8db2-ee5552470d27","","1002","",""
"1002","1002","30000421552302622","default","2026-01-08 14:12:54","","2026-01-08 14:13:09","15","0","NORMAL_CLEARING","31c1c060-2401-4d29-a240-9ba9edd07835","","1002","",""
"1002","1002","30000421552302622","default","2026-01-08 14:12:57","","2026-01-08 14:13:12","15","0","NORMAL_CLEARING","0262c9cc-1704-41cc-9952-71c419e80f50","","1002","",""
"1002","1002","30000972567301988","default","2026-01-08 14:12:57","","2026-01-08 14:13:12","15","0","NORMAL_CLEARING","ebbd7ad5-dc3a-4a99-8a56-0dc65be5cb16","","1002","",""
"1002","1002","30000421552302622","default","2026-01-08 14:12:57","","2026-01-08 14:13:13","16","0","NORMAL_CLEARING","66b66cc1-e192-4502-969e-0e2266578188","","1002","",""
"1002","1002","30000972567301988","default","2026-01-08 14:12:57","","2026-01-08 14:13:13","16","0","NORMAL_CLEARING","6aa6431d-ccbd-404a-9306-e2167a45a0ae","","1002","",""
"1002","1002","30000421552302622","default","2026-01-08 14:13:02","","2026-01-08 14:13:18","16","0","NORMAL_CLEARING","899a63e6-bb10-40de-99d1-2b2cd831bf0f","","1002","",""
"1002","1002","30000972567301988","default","2026-01-08 14:13:02","","2026-01-08 14:13:18","16","0","NORMAL_CLEARING","83c52f6e-ed95-4d81-9ce2-0dfbbf00c1b5","","1002","",""
"1002","1002","30000972567301988","default","2026-01-08 14:13:08","","2026-01-08 14:13:24","16","0","NORMAL_CLEARING","16dde846-4df3-4315-8d45-3dc935d4c088","","1002","",""
"1002","1002","30000421552302622","default","2026-01-08 14:13:08","","2026-01-08 14:13:24","16","0","NORMAL_CLEARING","7fa3252d-b3e7-479a-9f55-dbfcb83ab32b","","1002","",""
"1002","1002","40000972567301988","default","2026-01-08 14:13:17","","2026-01-08 14:13:31","14","0","NORMAL_CLEARING","c3018da4-7b3d-42a3-8292-a7fa1ea02dd5","","1002","",""
"1002","1002","40000421552302622","default","2026-01-08 14:13:17","","2026-01-08 14:13:31","14","0","NORMAL_CLEARING","61a82aa4-d389-45a6-801b-8db45739a128","","1002","",""
"1002","1002","40000421552302622","default","2026-01-08 14:13:19","","2026-01-08 14:13:33","14","0","NORMAL_CLEARING","5fded672-95b5-4f49-9bad-f8a96e0cc7cb","","1002","",""
"1002","1002","40000972567301988","default","2026-01-08 14:13:19","","2026-01-08 14:13:33","14","0","NORMAL_CLEARING","60e5359c-7cdc-4524-878e-36738b5c850d","","1002","",""
"1002","1002","40000421552302622","default","2026-01-08 14:13:19","","2026-01-08 14:13:33","14","0","NORMAL_CLEARING","4a6a3990-0b33-4f5a-9e6d-6f4337ed4fb5","","1002","",""
"1002","1002","40000972567301988","default","2026-01-08 14:13:19","","2026-01-08 14:13:33","14","0","NORMAL_CLEARING","e886e54e-953c-422a-b4b8-4ff610a1d3c5","","1002","",""
"1002","1002","40000972567301988","default","2026-01-08 14:13:24","","2026-01-08 14:13:38","14","0","NORMAL_CLEARING","4acc14db-5b80-4999-aafe-41a6a5c205c8","","1002","",""
"1002","1002","40000421552302622","default","2026-01-08 14:13:24","","2026-01-08 14:13:38","14","0","NORMAL_CLEARING","2972d2d5-afcc-46e8-aebf-6b99085c7ab9","","1002","",""
"1002","1002","40000421552302622","default","2026-01-08 14:13:30","","2026-01-08 14:13:43","13","0","NORMAL_CLEARING","5b48a9b1-7bb1-40c3-be3d-4ef89b13a578","","1002","",""
"1002","1002","40000972567301988","default","2026-01-08 14:13:30","","2026-01-08 14:13:44","14","0","NORMAL_CLEARING","cb1bc3bd-29c7-40b0-a949-021cb8497e03","","1002","",""
"1002","1002","50000421552302622","default","2026-01-08 14:13:39","","2026-01-08 14:13:52","13","0","NORMAL_CLEARING","368aedfc-235a-4745-af5b-610d3084319b","","1002","",""
"1002","1002","50000972567301988","default","2026-01-08 14:13:39","","2026-01-08 14:13:52","13","0","NORMAL_CLEARING","5eb72107-ba5f-4293-b51d-fd1ab4bb3f2f","","1002","",""
"1002","1002","50000421552302622","default","2026-01-08 14:13:41","","2026-01-08 14:13:55","14","0","NORMAL_CLEARING","82c46150-0255-4adf-8bb1-93972194240a","","1002","",""
"1002","1002","50000972567301988","default","2026-01-08 14:13:41","","2026-01-08 14:13:55","14","0","NORMAL_CLEARING","67c747f7-45eb-44d9-9ae2-1e238ccd77ff","","1002","",""
"1002","1002","50000972567301988","default","2026-01-08 14:13:42","","2026-01-08 14:13:55","13","0","NORMAL_CLEARING","38ef136c-b208-4ce2-86e7-3ee7a89aaaa3","","1002","",""
"1002","1002","50000421552302622","default","2026-01-08 14:13:42","","2026-01-08 14:13:55","13","0","NORMAL_CLEARING","98c32d50-2740-4f9e-95b7-ac40acce250f","","1002","",""
"1002","1002","50000972567301988","default","2026-01-08 14:13:47","","2026-01-08 14:13:59","12","0","NORMAL_CLEARING","27a29e92-9381-4ac0-9026-9660aab0cdc9","","1002","",""
"1002","1002","50000421552302622","default","2026-01-08 14:13:47","","2026-01-08 14:14:00","13","0","NORMAL_CLEARING","2d395013-4bf4-4975-9bdc-32ce7e1a0cf8","","1002","",""
"1002","1002","50000421552302622","default","2026-01-08 14:13:53","","2026-01-08 14:14:05","12","0","NORMAL_CLEARING","3ddb73d5-855a-4130-bcce-697fd8554271","","1002","",""
"1002","1002","50000972567301988","default","2026-01-08 14:13:53","","2026-01-08 14:14:05","12","0","NORMAL_CLEARING","e8c22026-4dbd-4949-b17d-9f2e00141918","","1002","",""
"1002","1002","60000972567301988","default","2026-01-08 14:14:01","","2026-01-08 14:14:14","13","0","NORMAL_CLEARING","2a55d4c5-1a5a-4107-b051-0cce3a843098","","1002","",""
"1002","1002","60000421552302622","default","2026-01-08 14:14:01","","2026-01-08 14:14:14","13","0","NORMAL_CLEARING","f2aae784-a7c1-4d38-b874-513e3ac3a125","","1002","",""
"1002","1002","60000972567301988","default","2026-01-08 14:14:03","","2026-01-08 14:14:16","13","0","NORMAL_CLEARING","d390c497-72ea-4b11-8005-095eb32eaae7","","1002","",""
"1002","1002","60000421552302622","default","2026-01-08 14:14:03","","2026-01-08 14:14:16","13","0","NORMAL_CLEARING","5b80849d-2a26-49f3-9509-3220ccebafa9","","1002","",""
"1002","1002","60000421552302622","default","2026-01-08 14:14:04","","2026-01-08 14:14:16","12","0","NORMAL_CLEARING","0fe693cc-71ce-4fbd-9dd8-c74d09aa74db","","1002","",""
"1002","1002","60000972567301988","default","2026-01-08 14:14:04","","2026-01-08 14:14:16","12","0","NORMAL_CLEARING","0a54e6ce-7762-47da-97ed-a90101f971a9","","1002","",""
"1002","1002","60000972567301988","default","2026-01-08 14:14:09","","2026-01-08 14:14:20","11","0","NORMAL_CLEARING","a4e5b84b-7adb-4d17-81fb-a1b732625cb6","","1002","",""
"1002","1002","60000421552302622","default","2026-01-08 14:14:09","","2026-01-08 14:14:21","12","0","NORMAL_CLEARING","58734b5e-9480-4ccc-bfb4-348c4f917b8e","","1002","",""
"1002","1002","60000421552302622","default","2026-01-08 14:14:15","","2026-01-08 14:14:26","11","0","NORMAL_CLEARING","e55f7fb9-206c-4b90-b3f3-22eed8e3caf2","","1002","",""
"1002","1002","60000972567301988","default","2026-01-08 14:14:15","","2026-01-08 14:14:26","11","0","NORMAL_CLEARING","bfc74846-a898-4134-b45a-51f70abdf929","","1002","",""
"1002","1002","70000421552302622","default","2026-01-08 14:14:23","","2026-01-08 14:14:36","13","0","NORMAL_CLEARING","1f99650f-20b0-432e-9f66-2e2e5e591377","","1002","",""
"1002","1002","70000972567301988","default","2026-01-08 14:14:23","","2026-01-08 14:14:37","14","0","NORMAL_CLEARING","be842d2a-0dcf-418e-b485-bb97a9b3ab55","","1002","",""
"1002","1002","70000972567301988","default","2026-01-08 14:14:26","","2026-01-08 14:14:40","14","0","NORMAL_CLEARING","840e1da5-9a99-4607-a110-e379fc338536","","1002","",""
"1002","1002","70000421552302622","default","2026-01-08 14:14:26","","2026-01-08 14:14:40","14","0","NORMAL_CLEARING","7475231e-0b1c-4d39-9ef5-34f87dd8ee1d","","1002","",""
"1002","1002","70000972567301988","default","2026-01-08 14:14:26","","2026-01-08 14:14:41","15","0","NORMAL_CLEARING","14c8598a-5113-47d9-9c26-f7d9d0fab7ed","","1002","",""
"1002","1002","70000421552302622","default","2026-01-08 14:14:26","","2026-01-08 14:14:41","15","0","NORMAL_CLEARING","38c52136-f053-4c91-b0c3-bffb486ae792","","1002","",""
"1002","1002","70000972567301988","default","2026-01-08 14:14:31","","2026-01-08 14:14:48","17","0","NORMAL_CLEARING","1468eb55-cc0c-4b41-a8d7-0aaa3ac18d8d","","1002","",""
"1002","1002","70000421552302622","default","2026-01-08 14:14:31","","2026-01-08 14:14:48","17","0","NORMAL_CLEARING","8752b39d-ce45-41fe-b278-0c4d0d864005","","1002","",""
"1002","1002","70000421552302622","default","2026-01-08 14:14:37","","2026-01-08 14:14:54","17","0","NORMAL_CLEARING","6727abde-6f87-4c26-a34a-5784e98eb274","","1002","",""
"1002","1002","70000972567301988","default","2026-01-08 14:14:37","","2026-01-08 14:14:54","17","0","NORMAL_CLEARING","da835dab-acb6-4f82-848b-62cf5a84934e","","1002","",""
"1002","1002","80000972567301988","default","2026-01-08 14:14:46","","2026-01-08 14:15:02","16","0","NORMAL_CLEARING","5ec42021-34af-4712-ba2f-b7e9b4bb92bd","","1002","",""
"1002","1002","80000421552302622","default","2026-01-08 14:14:46","","2026-01-08 14:15:02","16","0","NORMAL_CLEARING","78b26eb5-4def-4244-9789-e56b52f84792","","1002","",""
"1002","1002","80000972567301988","default","2026-01-08 14:14:48","","2026-01-08 14:15:04","16","0","NORMAL_CLEARING","37976412-d41f-49e0-987f-942640332f44","","1002","",""
"1002","1002","80000421552302622","default","2026-01-08 14:14:48","","2026-01-08 14:15:04","16","0","NORMAL_CLEARING","cd4db93a-7235-42a2-b75b-83a74814b48a","","1002","",""
"1002","1002","80000972567301988","default","2026-01-08 14:14:49","","2026-01-08 14:15:05","16","0","NORMAL_CLEARING","d567f5da-2663-44d4-a991-e72c955fe930","","1002","",""
"1002","1002","80000421552302622","default","2026-01-08 14:14:49","","2026-01-08 14:15:05","16","0","NORMAL_CLEARING","be82eef2-bbe0-4434-b6ab-60da7df535c5","","1002","",""
"1002","1002","80000421552302622","default","2026-01-08 14:14:54","","2026-01-08 14:15:10","16","0","NORMAL_CLEARING","c1e9e1a7-9d17-4249-8ba9-624048d9bbf8","","1002","",""
"1002","1002","80000972567301988","default","2026-01-08 14:14:54","","2026-01-08 14:15:10","16","0","NORMAL_CLEARING","76ffe125-05a7-47d0-820e-6db6b9f9a088","","1002","",""
"1002","1002","80000972567301988","default","2026-01-08 14:15:00","","2026-01-08 14:15:16","16","0","NORMAL_CLEARING","436b9734-06b5-4155-b045-682347959fa7","","1002","",""
"1002","1002","80000421552302622","default","2026-01-08 14:15:00","","2026-01-08 14:15:16","16","0","NORMAL_CLEARING","9c685eda-5102-44f8-be20-7e6aefe88aae","","1002","",""
"1002","1002","90000421552302622","default","2026-01-08 14:15:08","","2026-01-08 14:15:26","18","0","NORMAL_CLEARING","6b217afd-a76c-40c9-a603-509dd994cbcc","","1002","",""
"1002","1002","90000972567301988","default","2026-01-08 14:15:08","","2026-01-08 14:15:26","18","0","NORMAL_CLEARING","47e99c77-eee1-4d68-896a-c5af4e34c242","","1002","",""
"1002","1002","90000421552302622","default","2026-01-08 14:15:11","","2026-01-08 14:15:28","17","0","NORMAL_CLEARING","2dcf61c9-8092-4040-864c-9d2643b79af7","","1002","",""
"1002","1002","90000972567301988","default","2026-01-08 14:15:11","","2026-01-08 14:15:28","17","0","NORMAL_CLEARING","eda515ee-b61a-42dc-af14-e8b844a5af05","","1002","",""
"1002","1002","90000972567301988","default","2026-01-08 14:15:11","","2026-01-08 14:15:28","17","0","NORMAL_CLEARING","c98abbf2-736d-4490-8801-185f4c846472","","1002","",""
"1002","1002","90000421552302622","default","2026-01-08 14:15:11","","2026-01-08 14:15:28","17","0","NORMAL_CLEARING","3559cbbe-13e0-47bb-81ab-f240d087a1af","","1002","",""
"1002","1002","90000421552302622","default","2026-01-08 14:15:16","","2026-01-08 14:15:32","16","0","NORMAL_CLEARING","02e155a7-5cc5-4143-8952-0fe26db6a089","","1002","",""
"1002","1002","90000972567301988","default","2026-01-08 14:15:16","","2026-01-08 14:15:32","16","0","NORMAL_CLEARING","d2a1a007-9a19-43dd-abae-0f9c5ad4d6d3","","1002","",""
"1002","1002","90000972567301988","default","2026-01-08 14:15:22","","2026-01-08 14:15:36","14","0","NORMAL_CLEARING","0c13a621-83f5-4817-a8bc-388c2774ce0d","","1002","",""
"1002","1002","90000421552302622","default","2026-01-08 14:15:22","","2026-01-08 14:15:36","14","0","NORMAL_CLEARING","1eabf5fc-8939-41ac-bbd2-67a1ed824913","","1002","",""
"1002","1002","000000421552302622","default","2026-01-08 14:15:31","","2026-01-08 14:15:43","12","0","NORMAL_CLEARING","e8f47d2e-7d4b-4e38-b3a9-a131ca570ec8","","1002","",""
"1002","1002","000000972567301988","default","2026-01-08 14:15:31","","2026-01-08 14:15:43","12","0","NORMAL_CLEARING","f8d1a6b0-0a92-4f7d-ba9c-dac53e54cad5","","1002","",""
"1002","1002","000000972567301988","default","2026-01-08 14:15:33","","2026-01-08 14:15:45","12","0","NORMAL_CLEARING","3f04362a-8409-4fb0-a209-e529a20bf30f","","1002","",""
"1002","1002","000000421552302622","default","2026-01-08 14:15:33","","2026-01-08 14:15:45","12","0","NORMAL_CLEARING","7c90b8b3-ee06-4333-b98e-2cc55519abee","","1002","",""
"1002","1002","000000421552302622","default","2026-01-08 14:15:33","","2026-01-08 14:15:46","13","0","NORMAL_CLEARING","93661733-5bd2-4bd2-ba1d-3fb7e81e8c38","","1002","",""
"1002","1002","000000972567301988","default","2026-01-08 14:15:33","","2026-01-08 14:15:46","13","0","NORMAL_CLEARING","f0e243b0-628b-4d13-811c-ff55a0a97e7b","","1002","",""
"1002","1002","000000421552302622","default","2026-01-08 14:15:38","","2026-01-08 14:15:50","12","0","NORMAL_CLEARING","8884c007-672f-400b-8e3a-abb3517efd47","","1002","",""
"1002","1002","000000972567301988","default","2026-01-08 14:15:38","","2026-01-08 14:15:50","12","0","NORMAL_CLEARING","6103ad18-8801-4325-998a-15abf3d8e7fa","","1002","",""
"1002","1002","000000972567301988","default","2026-01-08 14:15:45","","2026-01-08 14:15:56","11","0","NORMAL_CLEARING","78299fc8-848f-4a5f-a48a-4c6bf64cb607","","1002","",""
"1002","1002","000000421552302622","default","2026-01-08 14:15:45","","2026-01-08 14:15:56","11","0","NORMAL_CLEARING","a5d9e2d8-3ec7-4903-821a-409250a3afc3","","1002","",""
"1002","1002","100000972567301988","default","2026-01-08 14:15:53","","2026-01-08 14:16:04","11","0","NORMAL_CLEARING","2f18db0a-aa79-4491-9683-b29dedb608ca","","1002","",""
"1002","1002","100000421552302622","default","2026-01-08 14:15:53","","2026-01-08 14:16:04","11","0","NORMAL_CLEARING","f370193a-91c4-430f-bed1-8980f74d97bf","","1002","",""
"1002","1002","100000421552302622","default","2026-01-08 14:15:55","","2026-01-08 14:16:07","12","0","NORMAL_CLEARING","579a4e19-f606-42aa-a7d1-eb53d202db91","","1002","",""
"1002","1002","100000972567301988","default","2026-01-08 14:15:55","","2026-01-08 14:16:07","12","0","NORMAL_CLEARING","b12af647-538c-42f8-a50f-b736b62c6504","","1002","",""
"1002","1002","100000972567301988","default","2026-01-08 14:15:56","","2026-01-08 14:16:07","11","0","NORMAL_CLEARING","53c1822f-c211-45a0-8e3e-f50381ee5d88","","1002","",""
"1002","1002","100000421552302622","default","2026-01-08 14:15:56","","2026-01-08 14:16:07","11","0","NORMAL_CLEARING","653607d8-dcbf-4c70-b7d8-37da984a3ef7","","1002","",""
"1002","1002","100000972567301988","default","2026-01-08 14:16:01","","2026-01-08 14:16:12","11","0","NORMAL_CLEARING","f657f028-56c8-411e-80a8-8a7c17668b6e","","1002","",""
"1002","1002","100000421552302622","default","2026-01-08 14:16:01","","2026-01-08 14:16:12","11","0","NORMAL_CLEARING","eb37c8d4-bb25-4391-ab83-dcb2ef737a85","","1002","",""
"1002","1002","100000972567301988","default","2026-01-08 14:16:07","","2026-01-08 14:16:18","11","0","NORMAL_CLEARING","a67eb5d7-ac97-4c70-a342-24e883afd047","","1002","",""
"1002","1002","100000421552302622","default","2026-01-08 14:16:07","","2026-01-08 14:16:18","11","0","NORMAL_CLEARING","3727aab0-d729-4dd8-9ad6-884c41a56ddb","","1002","",""
"1002","1002","200000972567301988","default","2026-01-08 14:16:15","","2026-01-08 14:16:26","11","0","NORMAL_CLEARING","ce5692f3-85ca-42b2-817d-2553fb01c1e8","","1002","",""
"1002","1002","200000421552302622","default","2026-01-08 14:16:15","","2026-01-08 14:16:27","12","0","NORMAL_CLEARING","7c8d50fa-8745-4324-8504-fb53d15213b2","","1002","",""
"1002","1002","200000421552302622","default","2026-01-08 14:16:18","","2026-01-08 14:16:28","10","0","NORMAL_CLEARING","6ad6cfff-3d25-4408-a057-3808edf15b39","","1002","",""
"1002","1002","200000972567301988","default","2026-01-08 14:16:18","","2026-01-08 14:16:29","11","0","NORMAL_CLEARING","57725fa1-4b9a-4ea6-a778-80f724e76e06","","1002","",""
"1002","1002","200000421552302622","default","2026-01-08 14:16:18","","2026-01-08 14:16:29","11","0","NORMAL_CLEARING","e9ef1eda-5e71-42ba-908d-2eae99a08db0","","1002","",""
"1002","1002","200000972567301988","default","2026-01-08 14:16:18","","2026-01-08 14:16:29","11","0","NORMAL_CLEARING","de536a30-b874-4998-b1b8-be36f4f1ff12","","1002","",""
"1002","1002","200000972567301988","default","2026-01-08 14:16:23","","2026-01-08 14:16:34","11","0","NORMAL_CLEARING","17dc5640-af66-44a2-9ce2-47bb75cd411c","","1002","",""
"1002","1002","200000421552302622","default","2026-01-08 14:16:23","","2026-01-08 14:16:34","11","0","NORMAL_CLEARING","c09010cd-be7c-4d39-a847-0ff392594d40","","1002","",""
"1002","1002","200000421552302622","default","2026-01-08 14:16:29","","2026-01-08 14:16:40","11","0","NORMAL_CLEARING","fb68bc15-2570-4fea-ac2c-950e7db8f9c6","","1002","",""
"1002","1002","200000972567301988","default","2026-01-08 14:16:29","","2026-01-08 14:16:40","11","0","NORMAL_CLEARING","f35ba43f-df4e-4d0c-8c74-cd3b3ada8c88","","1002","",""
"1002","1002","300000421552302622","default","2026-01-08 14:16:38","","2026-01-08 14:16:49","11","0","NORMAL_CLEARING","1a729bcc-64ff-4d08-9cf0-fddff4d28ee3","","1002","",""
"1002","1002","300000972567301988","default","2026-01-08 14:16:38","","2026-01-08 14:16:49","11","0","NORMAL_CLEARING","3c38a72f-04b2-4a99-94f0-ec509fbba50b","","1002","",""
"1002","1002","300000972567301988","default","2026-01-08 14:16:40","","2026-01-08 14:16:51","11","0","NORMAL_CLEARING","6a792ef8-79c5-4618-9303-b2be04164c40","","1002","",""
"1002","1002","300000421552302622","default","2026-01-08 14:16:40","","2026-01-08 14:16:51","11","0","NORMAL_CLEARING","7fc9a413-3a69-469d-817c-55fed0809d14","","1002","",""
"1002","1002","300000972567301988","default","2026-01-08 14:16:40","","2026-01-08 14:16:51","11","0","NORMAL_CLEARING","4b5005c6-43e4-4047-bda3-ff912372e5d2","","1002","",""
"1002","1002","300000421552302622","default","2026-01-08 14:16:40","","2026-01-08 14:16:52","12","0","NORMAL_CLEARING","cdf9bc18-b67d-4a72-9ee9-58e57329fd9f","","1002","",""
"1002","1002","300000421552302622","default","2026-01-08 14:16:45","","2026-01-08 14:16:56","11","0","NORMAL_CLEARING","46dd502c-4eb3-41c9-aadb-1bde413e90d2","","1002","",""
"1002","1002","300000972567301988","default","2026-01-08 14:16:45","","2026-01-08 14:16:56","11","0","NORMAL_CLEARING","1cd504ee-485b-4aa2-ac0b-7487f9a3d4a5","","1002","",""
"1002","1002","300000972567301988","default","2026-01-08 14:16:51","","2026-01-08 14:17:03","12","0","NORMAL_CLEARING","fe3b6154-b6ac-4f11-801c-3e4f49d2c41e","","1002","",""
"1002","1002","300000421552302622","default","2026-01-08 14:16:51","","2026-01-08 14:17:03","12","0","NORMAL_CLEARING","6f99f71e-32b1-48cf-ac1a-225d226e1e48","","1002","",""
"1002","1002","400000972567301988","default","2026-01-08 14:17:00","","2026-01-08 14:17:12","12","0","NORMAL_CLEARING","8911601d-23e8-425a-9942-f5941c22fb94","","1002","",""
"1002","1002","400000421552302622","default","2026-01-08 14:17:00","","2026-01-08 14:17:12","12","0","NORMAL_CLEARING","a74a52ab-8629-40ed-823d-9a466c6ceed9","","1002","",""
"1002","1002","400000972567301988","default","2026-01-08 14:17:02","","2026-01-08 14:17:14","12","0","NORMAL_CLEARING","064d7a96-1f1d-424d-a635-8a94c17b145a","","1002","",""
"1002","1002","400000421552302622","default","2026-01-08 14:17:02","","2026-01-08 14:17:15","13","0","NORMAL_CLEARING","e335f8a1-f8f6-47c2-b664-f0bf5fc6ebae","","1002","",""
"1002","1002","400000972567301988","default","2026-01-08 14:17:03","","2026-01-08 14:17:16","13","0","NORMAL_CLEARING","fd8df334-9b79-4b44-8fa3-a5f24d7d250d","","1002","",""
"1002","1002","400000421552302622","default","2026-01-08 14:17:03","","2026-01-08 14:17:16","13","0","NORMAL_CLEARING","410a9fca-1a4a-4593-95ea-f2bf2004aa2a","","1002","",""
"1002","1002","400000421552302622","default","2026-01-08 14:17:08","","2026-01-08 14:17:20","12","0","NORMAL_CLEARING","d63a232c-012c-4436-96bc-9eebe7009b94","","1002","",""
"1002","1002","400000972567301988","default","2026-01-08 14:17:07","","2026-01-08 14:17:20","13","0","NORMAL_CLEARING","93b0ef18-826f-44d2-b9e9-b5956b045894","","1002","",""
"1002","1002","400000972567301988","default","2026-01-08 14:17:14","","2026-01-08 14:17:28","14","0","NORMAL_CLEARING","f6149c31-4ac8-469a-8c37-3bb9492b8d1a","","1002","",""
"1002","1002","400000421552302622","default","2026-01-08 14:17:14","","2026-01-08 14:17:28","14","0","NORMAL_CLEARING","613ad25c-37a9-40a3-b69c-7e2c6a795b71","","1002","",""
"1002","1002","500000421552302622","default","2026-01-08 14:17:22","","2026-01-08 14:17:39","17","0","NORMAL_CLEARING","d92736c4-d68b-4f89-82d6-3eed50453fe6","","1002","",""
"1002","1002","500000972567301988","default","2026-01-08 14:17:22","","2026-01-08 14:17:39","17","0","NORMAL_CLEARING","7b013184-52d0-4bbf-843f-368c0adf731e","","1002","",""
"1002","1002","500000421552302622","default","2026-01-08 14:17:25","","2026-01-08 14:17:41","16","0","NORMAL_CLEARING","eb01334e-9a1f-4fb2-a842-e38bfa910eca","","1002","",""
"1002","1002","500000972567301988","default","2026-01-08 14:17:25","","2026-01-08 14:17:41","16","0","NORMAL_CLEARING","fb403b3d-28ee-4500-8bf1-23bf65e2e9df","","1002","",""
"1002","1002","500000421552302622","default","2026-01-08 14:17:25","","2026-01-08 14:17:42","17","0","NORMAL_CLEARING","8e4c9fa2-4824-4836-a8ae-8c91ee0464b3","","1002","",""
"1002","1002","500000972567301988","default","2026-01-08 14:17:25","","2026-01-08 14:17:42","17","0","NORMAL_CLEARING","c02b47ce-9c92-4be8-ae63-4f54ae863f1d","","1002","",""
"1002","1002","500000972567301988","default","2026-01-08 14:17:30","","2026-01-08 14:17:47","17","0","NORMAL_CLEARING","41d55284-9297-4e75-87b5-da74712c5e33","","1002","",""
"1002","1002","500000421552302622","default","2026-01-08 14:17:30","","2026-01-08 14:17:47","17","0","NORMAL_CLEARING","8f64a1e0-7358-47b4-b2db-abc6b7ab2922","","1002","",""
"1002","1002","500000972567301988","default","2026-01-08 14:17:36","","2026-01-08 14:17:53","17","0","NORMAL_CLEARING","1d6a525d-87a2-4927-8343-770aee96f132","","1002","",""
"1002","1002","500000421552302622","default","2026-01-08 14:17:36","","2026-01-08 14:17:54","18","0","NORMAL_CLEARING","7f3bcf7a-cc17-4980-9d5a-70e2d1c226e9","","1002","",""
"1002","1002","600000972567301988","default","2026-01-08 14:17:45","","2026-01-08 14:18:02","17","0","NORMAL_CLEARING","978bbcf5-3021-41a7-b8e9-6b5c1b13ce54","","1002","",""
"1002","1002","600000421552302622","default","2026-01-08 14:17:45","","2026-01-08 14:18:02","17","0","NORMAL_CLEARING","b290fa92-8d04-43fc-a463-50e0a40b5cd0","","1002","",""
"1002","1002","600000972567301988","default","2026-01-08 14:17:47","","2026-01-08 14:18:04","17","0","NORMAL_CLEARING","98c79618-8713-4aee-8b7f-f3d35ac18a3d","","1002","",""
"1002","1002","600000421552302622","default","2026-01-08 14:17:47","","2026-01-08 14:18:04","17","0","NORMAL_CLEARING","9552e62e-87a2-4058-9021-3f628af34909","","1002","",""
"1002","1002","600000421552302622","default","2026-01-08 14:17:48","","2026-01-08 14:18:05","17","0","NORMAL_CLEARING","628594fe-0eb1-49be-9d73-ff06b14d96ad","","1002","",""
"1002","1002","600000972567301988","default","2026-01-08 14:17:48","","2026-01-08 14:18:05","17","0","NORMAL_CLEARING","7409f4e2-1ddf-43b6-9681-96667eca1008","","1002","",""
"1002","1002","600000421552302622","default","2026-01-08 14:17:52","","2026-01-08 14:18:09","17","0","NORMAL_CLEARING","e5a33a03-056f-42c0-922f-fe31b8844b98","","1002","",""
"1002","1002","600000972567301988","default","2026-01-08 14:17:52","","2026-01-08 14:18:09","17","0","NORMAL_CLEARING","9fe3db58-13cc-449c-b06b-edf0f506511d","","1002","",""
"1002","1002","600000421552302622","default","2026-01-08 14:17:58","","2026-01-08 14:18:15","17","0","NORMAL_CLEARING","30105d83-378f-4e10-b2a6-af25ade018ed","","1002","",""
"1002","1002","600000972567301988","default","2026-01-08 14:17:58","","2026-01-08 14:18:15","17","0","NORMAL_CLEARING","e881de1a-d873-45c7-bb58-d64c239edef3","","1002","",""
"1002","1002","700000972567301988","default","2026-01-08 14:18:07","","2026-01-08 14:18:26","19","0","NORMAL_CLEARING","75f1d0c1-b374-4c79-a615-7daf92078d2c","","1002","",""
"1002","1002","700000421552302622","default","2026-01-08 14:18:07","","2026-01-08 14:18:26","19","0","NORMAL_CLEARING","42c3aec9-76f0-4cfd-9f98-a131efefe284","","1002","",""
"1002","1002","700000421552302622","default","2026-01-08 14:18:10","","2026-01-08 14:18:29","19","0","NORMAL_CLEARING","035fc1b7-95e1-489d-8397-d4de47c83a64","","1002","",""
"1002","1002","700000972567301988","default","2026-01-08 14:18:10","","2026-01-08 14:18:29","19","0","NORMAL_CLEARING","8ffb241b-f126-455a-a123-34d8bf5baeb2","","1002","",""
"1002","1002","700000421552302622","default","2026-01-08 14:18:10","","2026-01-08 14:18:29","19","0","NORMAL_CLEARING","4ab541ef-6079-4473-b2d9-be1f5c86a026","","1002","",""
"1002","1002","700000972567301988","default","2026-01-08 14:18:10","","2026-01-08 14:18:29","19","0","NORMAL_CLEARING","5e2b3cc4-df27-455d-91ce-e9411f6ded57","","1002","",""
"1002","1002","700000421552302622","default","2026-01-08 14:18:15","","2026-01-08 14:18:33","18","0","NORMAL_CLEARING","fafa38da-d94e-4951-9f06-92e9d981ac2b","","1002","",""
"1002","1002","700000972567301988","default","2026-01-08 14:18:15","","2026-01-08 14:18:34","19","0","NORMAL_CLEARING","803d8e71-961b-4691-a189-3abc3c051783","","1002","",""
"1002","1002","700000972567301988","default","2026-01-08 14:18:21","","2026-01-08 14:18:38","17","0","NORMAL_CLEARING","dec83049-085c-40b0-bce9-5cb2e110b930","","1002","",""
"1002","1002","700000421552302622","default","2026-01-08 14:18:21","","2026-01-08 14:18:38","17","0","NORMAL_CLEARING","a5daf0d5-1562-4177-8fd0-1c6876aa2b0e","","1002","",""
"1002","1002","800000421552302622","default","2026-01-08 14:18:30","","2026-01-08 14:18:46","16","0","NORMAL_CLEARING","001f3e9d-61de-4efd-88cb-54e33a943ecd","","1002","",""
"1002","1002","800000972567301988","default","2026-01-08 14:18:30","","2026-01-08 14:18:46","16","0","NORMAL_CLEARING","69b4cc89-677e-44b8-8d9d-f36ce3e821d4","","1002","",""
"1002","1002","800000421552302622","default","2026-01-08 14:18:32","","2026-01-08 14:18:47","15","0","NORMAL_CLEARING","7da3c474-8263-4650-9818-51643b9f5392","","1002","",""
"1002","1002","800000972567301988","default","2026-01-08 14:18:32","","2026-01-08 14:18:48","16","0","NORMAL_CLEARING","01e52d80-6d46-4c25-94d2-b24d69081f1d","","1002","",""
"1002","1002","800000972567301988","default","2026-01-08 14:18:33","","2026-01-08 14:18:48","15","0","NORMAL_CLEARING","9a0883b5-ab66-47b2-901c-7fedc0201be5","","1002","",""
"1002","1002","800000421552302622","default","2026-01-08 14:18:33","","2026-01-08 14:18:48","15","0","NORMAL_CLEARING","7d13e53a-00dd-4be4-81b7-530d3b987399","","1002","",""
"1002","1002","800000972567301988","default","2026-01-08 14:18:37","","2026-01-08 14:18:52","15","0","NORMAL_CLEARING","8910b0c1-57a3-467f-af6a-e8f00f94e76b","","1002","",""
"1002","1002","800000421552302622","default","2026-01-08 14:18:37","","2026-01-08 14:18:52","15","0","NORMAL_CLEARING","075dd64d-cb23-4b9d-a1d1-ed34d06c6c22","","1002","",""
"1002","1002","800000421552302622","default","2026-01-08 14:18:43","","2026-01-08 14:18:58","15","0","NORMAL_CLEARING","420ff92f-41e2-480a-bca1-a3b1446a09ff","","1002","",""
"1002","1002","800000972567301988","default","2026-01-08 14:18:43","","2026-01-08 14:18:58","15","0","NORMAL_CLEARING","354e3c0f-cfa7-4038-a08a-d1ac5c0b6fb6","","1002","",""
"1002","1002","900000421552302622","default","2026-01-08 14:18:52","","2026-01-08 14:19:07","15","0","NORMAL_CLEARING","88ca2d05-5b64-4d7b-a7e1-7a356dc63eb4","","1002","",""
"1002","1002","900000972567301988","default","2026-01-08 14:18:52","","2026-01-08 14:19:07","15","0","NORMAL_CLEARING","c4404b74-7cf4-4d41-b0c0-43b97d665ec4","","1002","",""
"1002","1002","900000972567301988","default","2026-01-08 14:18:54","","2026-01-08 14:19:09","15","0","NORMAL_CLEARING","57abdc30-f7ba-4a25-89f2-2ee82b561360","","1002","",""
"1002","1002","900000421552302622","default","2026-01-08 14:18:55","","2026-01-08 14:19:09","14","0","NORMAL_CLEARING","322b8d55-c895-4498-81c4-d9a784ee846e","","1002","",""
"1002","1002","900000421552302622","default","2026-01-08 14:18:54","","2026-01-08 14:19:09","15","0","NORMAL_CLEARING","8eb85b01-4edd-46e2-9685-d34c2b10e483","","1002","",""
"1002","1002","900000972567301988","default","2026-01-08 14:18:55","","2026-01-08 14:19:09","14","0","NORMAL_CLEARING","61872345-a836-47b4-9d60-bd488aa23a93","","1002","",""
"1002","1002","900000421552302622","default","2026-01-08 14:18:59","","2026-01-08 14:19:14","15","0","NORMAL_CLEARING","7db92c37-b25e-4c6b-a8e1-77cc17ba84ce","","1002","",""
"1002","1002","900000972567301988","default","2026-01-08 14:18:59","","2026-01-08 14:19:14","15","0","NORMAL_CLEARING","a3e4e7b9-6f9d-4f01-9e8f-f295bd02cb79","","1002","",""
"1002","1002","900000421552302622","default","2026-01-08 14:19:06","","2026-01-08 14:19:19","13","0","NORMAL_CLEARING","6f8a6b01-ebf0-4147-a710-32a6558739f3","","1002","",""
"1002","1002","900000972567301988","default","2026-01-08 14:19:06","","2026-01-08 14:19:20","14","0","NORMAL_CLEARING","3413b5d4-b688-4663-8e7c-4c5a1ec393e8","","1002","",""
"1002","1002","0000000972567301988","default","2026-01-08 14:19:15","","2026-01-08 14:19:28","13","0","NORMAL_CLEARING","81737c05-2385-4596-ab4c-73100fffaf64","","1002","",""
"1002","1002","0000000421552302622","default","2026-01-08 14:19:15","","2026-01-08 14:19:28","13","0","NORMAL_CLEARING","b920227a-8882-45d1-b5e4-e24e18e1be5b","","1002","",""
"1002","1002","0000000421552302622","default","2026-01-08 14:19:17","","2026-01-08 14:19:30","13","0","NORMAL_CLEARING","1df06a35-cd15-47b7-9567-8fc0674964ce","","1002","",""
"1002","1002","0000000972567301988","default","2026-01-08 14:19:17","","2026-01-08 14:19:30","13","0","NORMAL_CLEARING","2ffa4e61-6749-4d21-b3d8-e7ee96398ac0","","1002","",""
"1002","1002","0000000972567301988","default","2026-01-08 14:19:17","","2026-01-08 14:19:30","13","0","NORMAL_CLEARING","1e065ed0-e4ca-42b3-b23c-7748cd474548","","1002","",""
"1002","1002","0000000421552302622","default","2026-01-08 14:19:17","","2026-01-08 14:19:30","13","0","NORMAL_CLEARING","38bd346c-672a-4d37-b774-722ac03dacc8","","1002","",""
"1002","1002","0000000972567301988","default","2026-01-08 14:19:22","","2026-01-08 14:19:35","13","0","NORMAL_CLEARING","310cc91e-245d-49cf-9f9a-302f935857e7","","1002","",""
"1002","1002","0000000421552302622","default","2026-01-08 14:19:22","","2026-01-08 14:19:35","13","0","NORMAL_CLEARING","38449236-dc5d-48b6-8664-f0a6e9e84718","","1002","",""
"1002","1002","0000000421552302622","default","2026-01-08 14:19:28","","2026-01-08 14:19:43","15","0","NORMAL_CLEARING","52c8f1a3-c845-4fad-b381-ef03821a0ab1","","1002","",""
"1002","1002","0000000972567301988","default","2026-01-08 14:19:28","","2026-01-08 14:19:43","15","0","NORMAL_CLEARING","c060c00f-0ccd-4e39-b670-90b893970688","","1002","",""
"1002","1002","888972567301988","default","2026-01-08 14:19:37","","2026-01-08 14:19:52","15","0","NORMAL_CLEARING","11881f40-e83f-457b-8676-d2b69f4225f2","","1002","",""
"1002","1002","888421552302622","default","2026-01-08 14:19:37","","2026-01-08 14:19:52","15","0","NORMAL_CLEARING","40ec56b8-f151-465e-bdc8-54aa57c9f580","","1002","",""
"1002","1002","888972567301988","default","2026-01-08 14:19:39","","2026-01-08 14:19:55","16","0","NORMAL_CLEARING","caa9ac45-62c7-474f-99b6-59f7a74428c8","","1002","",""
"1002","1002","888421552302622","default","2026-01-08 14:19:39","","2026-01-08 14:19:55","16","0","NORMAL_CLEARING","7666aaad-4ac0-4ae1-8234-b13b216ae0be","","1002","",""
"1002","1002","888972567301988","default","2026-01-08 14:19:39","","2026-01-08 14:19:55","16","0","NORMAL_CLEARING","4af5e026-f35f-49e5-a6a7-1d2fbe375d94","","1002","",""
"1002","1002","888421552302622","default","2026-01-08 14:19:39","","2026-01-08 14:19:55","16","0","NORMAL_CLEARING","31c9f975-e620-487b-9b69-3e2974dca7ae","","1002","",""
"1002","1002","888421552302622","default","2026-01-08 14:19:44","","2026-01-08 14:20:00","16","0","NORMAL_CLEARING","708809f9-91e2-4b90-a4e5-082b73bbb5d4","","1002","",""
"1002","1002","888972567301988","default","2026-01-08 14:19:44","","2026-01-08 14:20:00","16","0","NORMAL_CLEARING","cbc47775-f5ed-4c56-9122-3021e4faf49d","","1002","",""
"1002","1002","888972567301988","default","2026-01-08 14:19:51","","2026-01-08 14:20:07","16","0","NORMAL_CLEARING","038396f4-33b7-4bf4-bb78-971aa063a1aa","","1002","",""
"1002","1002","888421552302622","default","2026-01-08 14:19:51","","2026-01-08 14:20:07","16","0","NORMAL_CLEARING","3108adf3-f0a7-4886-acd6-f185a3526c2d","","1002","",""
"1002","1002","999421552302622","default","2026-01-08 14:19:59","","2026-01-08 14:20:14","15","0","NORMAL_CLEARING","bf34aab4-3d97-4184-b151-33a2c88d2de0","","1002","",""
"1002","1002","999972567301988","default","2026-01-08 14:19:59","","2026-01-08 14:20:14","15","0","NORMAL_CLEARING","4424d5ba-3072-4ff8-b4cf-eeb01f5e6845","","1002","",""
"1002","1002","999972567301988","default","2026-01-08 14:20:02","","2026-01-08 14:20:16","14","0","NORMAL_CLEARING","a180a7c5-a6c7-470b-935e-7c495b93cb05","","1002","",""
"1002","1002","999972567301988","default","2026-01-08 14:20:02","","2026-01-08 14:20:16","14","0","NORMAL_CLEARING","a00e9c83-9f73-447e-9d26-486ee58dd1c6","","1002","",""
"1002","1002","999421552302622","default","2026-01-08 14:20:02","","2026-01-08 14:20:16","14","0","NORMAL_CLEARING","5f1eaf22-a54a-450b-b890-a1b52c38c671","","1002","",""
"1002","1002","999421552302622","default","2026-01-08 14:20:02","","2026-01-08 14:20:16","14","0","NORMAL_CLEARING","4977322b-1b5b-4b1a-aa03-fc02aecee6ec","","1002","",""
"1002","1002","999972567301988","default","2026-01-08 14:20:07","","2026-01-08 14:20:20","13","0","NORMAL_CLEARING","b2176da1-5de3-4001-a664-adbd7e6afcfd","","1002","",""
"1002","1002","999421552302622","default","2026-01-08 14:20:07","","2026-01-08 14:20:20","13","0","NORMAL_CLEARING","ce8ffb3d-86e3-485b-b7b5-b4771087f16a","","1002","",""
"1002","1002","999972567301988","default","2026-01-08 14:20:14","","2026-01-08 14:20:27","13","0","NORMAL_CLEARING","e53b1432-ea62-47e1-9e89-c967bfd7c356","","1002","",""
"1002","1002","999421552302622","default","2026-01-08 14:20:14","","2026-01-08 14:20:28","14","0","NORMAL_CLEARING","9658a5e6-de9a-4b83-aafa-43bd935cf0ea","","1002","",""
"1002","1002","777421552302622","default","2026-01-08 14:20:22","","2026-01-08 14:20:35","13","0","NORMAL_CLEARING","4a119f23-f61f-4afa-aebe-7555c39aa798","","1002","",""
"1002","1002","777972567301988","default","2026-01-08 14:20:22","","2026-01-08 14:20:36","14","0","NORMAL_CLEARING","71a70dbc-684a-4509-b8ce-3631a136c16c","","1002","",""
"1002","1002","777421552302622","default","2026-01-08 14:20:24","","2026-01-08 14:20:38","14","0","NORMAL_CLEARING","b0c3f36d-949f-497e-92b2-e1562f409ac3","","1002","",""
"1002","1002","777972567301988","default","2026-01-08 14:20:24","","2026-01-08 14:20:38","14","0","NORMAL_CLEARING","a5739c7c-0e84-43ad-91a9-0d64a3753f74","","1002","",""
"1002","1002","777972567301988","default","2026-01-08 14:20:25","","2026-01-08 14:20:38","13","0","NORMAL_CLEARING","13c57823-ae73-4504-82a6-46dece14f288","","1002","",""
"1002","1002","777421552302622","default","2026-01-08 14:20:25","","2026-01-08 14:20:38","13","0","NORMAL_CLEARING","12787f48-d88c-4a04-b24e-7ba4d7da0513","","1002","",""
"1002","1002","777972567301988","default","2026-01-08 14:20:29","","2026-01-08 14:20:44","15","0","NORMAL_CLEARING","02bc88dd-4c05-4342-a1fb-82bfce9343f8","","1002","",""
"1002","1002","777421552302622","default","2026-01-08 14:20:29","","2026-01-08 14:20:44","15","0","NORMAL_CLEARING","3fe19646-609c-427c-b5ac-6e6d6d0a6be2","","1002","",""
"1002","1002","777972567301988","default","2026-01-08 14:20:36","","2026-01-08 14:20:51","15","0","NORMAL_CLEARING","ff724227-c94d-401d-9a1e-0be030d49732","","1002","",""
"1002","1002","777421552302622","default","2026-01-08 14:20:36","","2026-01-08 14:20:51","15","0","NORMAL_CLEARING","b1c2bae8-27e8-47c8-bc1f-7b1a57040650","","1002","",""
"1002","1002","555972567301988","default","2026-01-08 14:20:45","","2026-01-08 14:21:00","15","0","NORMAL_CLEARING","ac24a947-6870-4e31-948a-605c26d5df49","","1002","",""
"1002","1002","555421552302622","default","2026-01-08 14:20:45","","2026-01-08 14:21:00","15","0","NORMAL_CLEARING","aabdbfa8-bc2e-4636-b5e8-cdd609d5bb9c","","1002","",""
"1002","1002","555421552302622","default","2026-01-08 14:20:47","","2026-01-08 14:21:02","15","0","NORMAL_CLEARING","b495b57e-0e69-44d8-81a5-e8feeea2787e","","1002","",""
"1002","1002","555972567301988","default","2026-01-08 14:20:47","","2026-01-08 14:21:03","16","0","NORMAL_CLEARING","3422e712-1e76-4ac8-a3e1-e8c678898615","","1002","",""
"1002","1002","555972567301988","default","2026-01-08 14:20:47","","2026-01-08 14:21:03","16","0","NORMAL_CLEARING","1af0c78f-f665-4a44-b5b8-f44a749e9d90","","1002","",""
"1002","1002","555421552302622","default","2026-01-08 14:20:47","","2026-01-08 14:21:03","16","0","NORMAL_CLEARING","1729c17f-e779-4d46-9e22-e64623c37a1e","","1002","",""
"1002","1002","555972567301988","default","2026-01-08 14:20:52","","2026-01-08 14:21:09","17","0","NORMAL_CLEARING","0c26a5db-cce0-422b-92e7-a119556f0435","","1002","",""
"1002","1002","555421552302622","default","2026-01-08 14:20:52","","2026-01-08 14:21:09","17","0","NORMAL_CLEARING","03a8dbc6-b8a6-493f-8d56-6f6252d9713e","","1002","",""
"1002","1002","555972567301988","default","2026-01-08 14:20:59","","2026-01-08 14:21:16","17","0","NORMAL_CLEARING","77780449-dba2-49b3-9beb-699743bf2785","","1002","",""
"1002","1002","555421552302622","default","2026-01-08 14:20:59","","2026-01-08 14:21:16","17","0","NORMAL_CLEARING","0e359035-e992-4acf-81d9-95f679fea08b","","1002","",""
"1002","1002","5600421552302622","default","2026-01-08 14:21:07","","2026-01-08 14:21:25","18","0","NORMAL_CLEARING","7096f92c-cc6c-411d-9a9d-1cec3e647791","","1002","",""
"1002","1002","5600972567301988","default","2026-01-08 14:21:07","","2026-01-08 14:21:25","18","0","NORMAL_CLEARING","3eab1e83-c258-49ca-9fd9-347c08e6396b","","1002","",""
"1002","1002","5600972567301988","default","2026-01-08 14:21:09","","2026-01-08 14:21:27","18","0","NORMAL_CLEARING","d3994eb9-201e-4fcc-bb41-a201237d9ddf","","1002","",""
"1002","1002","5600421552302622","default","2026-01-08 14:21:09","","2026-01-08 14:21:27","18","0","NORMAL_CLEARING","6e629843-d6c1-4957-8014-21b50fcb70fc","","1002","",""
"1002","1002","5600421552302622","default","2026-01-08 14:21:10","","2026-01-08 14:21:27","17","0","NORMAL_CLEARING","488028b0-3fcf-40f0-a319-fbaae41fc893","","1002","",""
"1002","1002","5600972567301988","default","2026-01-08 14:21:10","","2026-01-08 14:21:28","18","0","NORMAL_CLEARING","302e90b1-99a7-4789-89f2-a1f25d819e02","","1002","",""
"1002","1002","5600972567301988","default","2026-01-08 14:21:14","","2026-01-08 14:21:32","18","0","NORMAL_CLEARING","d55ea408-7e56-404e-a070-d1afc371a517","","1002","",""
"1002","1002","5600421552302622","default","2026-01-08 14:21:14","","2026-01-08 14:21:32","18","0","NORMAL_CLEARING","d13a93af-223c-4c4b-8b4c-4c6fe34e1658","","1002","",""
"1002","1002","5600421552302622","default","2026-01-08 14:21:21","","2026-01-08 14:21:39","18","0","NORMAL_CLEARING","79034592-34ce-4080-aa56-36790e5e2616","","1002","",""
"1002","1002","5600972567301988","default","2026-01-08 14:21:21","","2026-01-08 14:21:39","18","0","NORMAL_CLEARING","08705389-c8a5-4528-816b-aaf7245c2e20","","1002","",""
"1002","1002","5700421552302622","default","2026-01-08 14:21:30","","2026-01-08 14:21:47","17","0","NORMAL_CLEARING","16b62b70-9386-476d-9bd2-2c17684ef00b","","1002","",""
"1002","1002","5700972567301988","default","2026-01-08 14:21:30","","2026-01-08 14:21:47","17","0","NORMAL_CLEARING","c3c3b8e5-f0da-45f4-ad9e-f54576a14053","","1002","",""
"1002","1002","5700421552302622","default","2026-01-08 14:21:32","","2026-01-08 14:21:49","17","0","NORMAL_CLEARING","62ca3657-0b6c-4a30-90b0-cf3b0402f81b","","1002","",""
"1002","1002","5700421552302622","default","2026-01-08 14:21:32","","2026-01-08 14:21:49","17","0","NORMAL_CLEARING","96b4defb-2760-4137-9c7c-e9f710eaa6f2","","1002","",""
"1002","1002","5700972567301988","default","2026-01-08 14:21:32","","2026-01-08 14:21:49","17","0","NORMAL_CLEARING","e89847fb-eb49-44f9-9f10-cd8091db09e2","","1002","",""
"1002","1002","5700972567301988","default","2026-01-08 14:21:32","","2026-01-08 14:21:49","17","0","NORMAL_CLEARING","bce7755e-f762-4e89-8a6d-059543d2fa89","","1002","",""
"1002","1002","5700421552302622","default","2026-01-08 14:21:37","","2026-01-08 14:21:53","16","0","NORMAL_CLEARING","05e7b53e-10df-4ff6-9de8-a72e94a8406a","","1002","",""
"1002","1002","5700972567301988","default","2026-01-08 14:21:37","","2026-01-08 14:21:53","16","0","NORMAL_CLEARING","163554cc-8726-421c-816a-ba994dd71e3e","","1002","",""
"1002","1002","5700972567301988","default","2026-01-08 14:21:44","","2026-01-08 14:21:59","15","0","NORMAL_CLEARING","c980dfe0-1142-48aa-9cdc-44debaa30418","","1002","",""
"1002","1002","5700421552302622","default","2026-01-08 14:21:44","","2026-01-08 14:21:59","15","0","NORMAL_CLEARING","2fbe72f1-eaf8-4bd4-9851-f35f1f29cd0a","","1002","",""
"1002","1002","5800421552302622","default","2026-01-08 14:21:52","","2026-01-08 14:22:06","14","0","NORMAL_CLEARING","4103894d-1112-4244-b79f-27b7468960ea","","1002","",""
"1002","1002","5800972567301988","default","2026-01-08 14:21:52","","2026-01-08 14:22:06","14","0","NORMAL_CLEARING","97e001c1-f15e-495a-b65d-45812e5c3ce0","","1002","",""
"1002","1002","5800421552302622","default","2026-01-08 14:21:54","","2026-01-08 14:22:08","14","0","NORMAL_CLEARING","6023e1e3-50df-409d-8163-26bc5e92a730","","1002","",""
"1002","1002","5800972567301988","default","2026-01-08 14:21:54","","2026-01-08 14:22:08","14","0","NORMAL_CLEARING","377b394a-397a-402d-917a-0586e9a22425","","1002","",""
"1002","1002","5800972567301988","default","2026-01-08 14:21:54","","2026-01-08 14:22:08","14","0","NORMAL_CLEARING","aea7275d-1b0f-4256-856b-fcc8a43428f3","","1002","",""
"1002","1002","5800421552302622","default","2026-01-08 14:21:54","","2026-01-08 14:22:08","14","0","NORMAL_CLEARING","a255f779-62fc-4c15-b94a-00a707f1f0e1","","1002","",""
"1002","1002","5800972567301988","default","2026-01-08 14:21:59","","2026-01-08 14:22:13","14","0","NORMAL_CLEARING","ea5d732a-7940-4f85-8de6-f320d8eb2174","","1002","",""
"1002","1002","5800421552302622","default","2026-01-08 14:21:59","","2026-01-08 14:22:13","14","0","NORMAL_CLEARING","9124730d-40b4-46f0-a90a-9e831999c8e0","","1002","",""
"1002","1002","5800421552302622","default","2026-01-08 14:22:06","","2026-01-08 14:22:21","15","0","NORMAL_CLEARING","b3fb9029-4461-4182-a991-1b725b6a6ad8","","1002","",""
"1002","1002","5800972567301988","default","2026-01-08 14:22:06","","2026-01-08 14:22:21","15","0","NORMAL_CLEARING","85d6540c-a984-4506-b091-c649ec691fe3","","1002","",""
"1002","1002","6300972567301988","default","2026-01-08 14:22:15","","2026-01-08 14:22:28","13","0","NORMAL_CLEARING","d290a7b9-0101-4974-aa6e-3aa772aac259","","1002","",""
"1002","1002","6300421552302622","default","2026-01-08 14:22:15","","2026-01-08 14:22:29","14","0","NORMAL_CLEARING","f70ab6ca-6f36-4f33-87f3-37d67a9a981b","","1002","",""
"1002","1002","6300421552302622","default","2026-01-08 14:22:17","","2026-01-08 14:22:30","13","0","NORMAL_CLEARING","0a870246-d926-412a-a47a-93f060f87ec5","","1002","",""
"1002","1002","6300972567301988","default","2026-01-08 14:22:17","","2026-01-08 14:22:30","13","0","NORMAL_CLEARING","305c423a-caab-4dd6-bc7b-5dd759334948","","1002","",""
"1002","1002","6300421552302622","default","2026-01-08 14:22:17","","2026-01-08 14:22:31","14","0","NORMAL_CLEARING","4808f43e-77c1-41bf-bc3e-cdd7673b061c","","1002","",""
"1002","1002","6300972567301988","default","2026-01-08 14:22:17","","2026-01-08 14:22:31","14","0","NORMAL_CLEARING","e67e9ea0-7646-4b49-8569-ad5ba0d73e0d","","1002","",""
"1002","1002","6300972567301988","default","2026-01-08 14:22:21","","2026-01-08 14:22:35","14","0","NORMAL_CLEARING","52c51500-e7e6-4f6d-836c-00ebd85ef827","","1002","",""
"1002","1002","6300421552302622","default","2026-01-08 14:22:21","","2026-01-08 14:22:35","14","0","NORMAL_CLEARING","fbfa3199-5774-49f7-9fd5-1471167ee21c","","1002","",""
"1002","1002","6300972567301988","default","2026-01-08 14:22:29","","2026-01-08 14:22:42","13","0","NORMAL_CLEARING","9b290fe7-538b-4af3-970d-e43e350e05d9","","1002","",""
"1002","1002","6300421552302622","default","2026-01-08 14:22:29","","2026-01-08 14:22:42","13","0","NORMAL_CLEARING","c0476060-c8f7-4166-ac7f-987a6505bbd0","","1002","",""
"1002","1002","6400421552302622","default","2026-01-08 14:22:37","","2026-01-08 14:22:51","14","0","NORMAL_CLEARING","2c0d0f4b-fc08-4b43-a7a6-9ee2e6671ff5","","1002","",""
"1002","1002","6400972567301988","default","2026-01-08 14:22:37","","2026-01-08 14:22:51","14","0","NORMAL_CLEARING","385ed6e5-bc31-46a6-996e-0b6eac0d6bc5","","1002","",""
"1002","1002","6400421552302622","default","2026-01-08 14:22:39","","2026-01-08 14:22:53","14","0","NORMAL_CLEARING","6eb8430d-2ec3-429b-8183-49c718c0ab02","","1002","",""
"1002","1002","6400972567301988","default","2026-01-08 14:22:39","","2026-01-08 14:22:53","14","0","NORMAL_CLEARING","58c06946-bcac-47b2-b68b-96528f089bc4","","1002","",""
"1002","1002","6400972567301988","default","2026-01-08 14:22:39","","2026-01-08 14:22:53","14","0","NORMAL_CLEARING","658e3e7b-6c5c-4565-b4eb-5319a62e03bf","","1002","",""
"1002","1002","6400421552302622","default","2026-01-08 14:22:39","","2026-01-08 14:22:54","15","0","NORMAL_CLEARING","e4e589e2-7f60-4cbd-9322-179321b836e1","","1002","",""
"1002","1002","6400421552302622","default","2026-01-08 14:22:44","","2026-01-08 14:22:57","13","0","NORMAL_CLEARING","227c33e3-e6de-4e92-8769-e22988fbf981","","1002","",""
"1002","1002","6400972567301988","default","2026-01-08 14:22:44","","2026-01-08 14:22:57","13","0","NORMAL_CLEARING","6566f6d2-4878-4519-8eea-f017484ec907","","1002","",""
"1002","1002","6400421552302622","default","2026-01-08 14:22:51","","2026-01-08 14:23:03","12","0","NORMAL_CLEARING","d043a25d-a682-4bf3-aae7-9599a027a504","","1002","",""
"1002","1002","6400972567301988","default","2026-01-08 14:22:51","","2026-01-08 14:23:03","12","0","NORMAL_CLEARING","c524cd00-3aff-4012-97fa-b0f17c4cbd8c","","1002","",""
"1002","1002","6700972567301988","default","2026-01-08 14:22:59","","2026-01-08 14:23:13","14","0","NORMAL_CLEARING","57054552-44c3-4d6d-8356-bd726a6e3589","","1002","",""
"1002","1002","6700421552302622","default","2026-01-08 14:22:59","","2026-01-08 14:23:13","14","0","NORMAL_CLEARING","9a62fc19-8916-4892-89ad-ca23375a8aae","","1002","",""
"1002","1002","6700972567301988","default","2026-01-08 14:23:01","","2026-01-08 14:23:14","13","0","NORMAL_CLEARING","35521859-e2cc-44f9-bb71-5cb0c535166f","","1002","",""
"1002","1002","6700421552302622","default","2026-01-08 14:23:01","","2026-01-08 14:23:15","14","0","NORMAL_CLEARING","fbf06197-1673-4d29-84e2-b38deab19ace","","1002","",""
"1002","1002","6700421552302622","default","2026-01-08 14:23:02","","2026-01-08 14:23:15","13","0","NORMAL_CLEARING","a0f82288-27d6-48d7-817c-cd12d333ba6c","","1002","",""
"1002","1002","6700972567301988","default","2026-01-08 14:23:02","","2026-01-08 14:23:15","13","0","NORMAL_CLEARING","89115c57-2902-471e-b5bb-dbfc4d49dd07","","1002","",""
"1002","1002","6700972567301988","default","2026-01-08 14:23:06","","2026-01-08 14:23:20","14","0","NORMAL_CLEARING","c9ac6b34-7e19-450d-adc6-f189eda39436","","1002","",""
"1002","1002","6700421552302622","default","2026-01-08 14:23:06","","2026-01-08 14:23:20","14","0","NORMAL_CLEARING","1f97eec4-4a2c-41d5-a647-bb0abbcc79a4","","1002","",""
"1002","1002","6700972567301988","default","2026-01-08 14:23:13","","2026-01-08 14:23:28","15","0","NORMAL_CLEARING","d0d719c8-7d57-4687-82fc-22235155aa12","","1002","",""
"1002","1002","6700421552302622","default","2026-01-08 14:23:13","","2026-01-08 14:23:28","15","0","NORMAL_CLEARING","4a8f3e3d-5be4-42dc-8189-b1debd338f3a","","1002","",""
"1002","1002","6900421552302622","default","2026-01-08 14:23:22","","2026-01-08 14:23:36","14","0","NORMAL_CLEARING","7d49f2f9-936b-444c-8904-300ec46e28a2","","1002","",""
"1002","1002","6900972567301988","default","2026-01-08 14:23:22","","2026-01-08 14:23:36","14","0","NORMAL_CLEARING","e4e5a620-7098-4129-84bd-707e5270fec4","","1002","",""
"1002","1002","6900972567301988","default","2026-01-08 14:23:23","","2026-01-08 14:23:38","15","0","NORMAL_CLEARING","a0f90fa9-83c8-4335-b317-f4dc7a2dff1b","","1002","",""
"1002","1002","6900421552302622","default","2026-01-08 14:23:23","","2026-01-08 14:23:38","15","0","NORMAL_CLEARING","feb9c17c-b99e-44dd-affa-885f7c771e68","","1002","",""
"1002","1002","6900421552302622","default","2026-01-08 14:23:24","","2026-01-08 14:23:39","15","0","NORMAL_CLEARING","4521ffc5-dd36-464f-aff2-04ea2f8635cd","","1002","",""
"1002","1002","6900972567301988","default","2026-01-08 14:23:24","","2026-01-08 14:23:39","15","0","NORMAL_CLEARING","f13a4457-643e-4edf-913f-edc89dba0972","","1002","",""
"1002","1002","6900972567301988","default","2026-01-08 14:23:28","","2026-01-08 14:23:43","15","0","NORMAL_CLEARING","08e5b7bd-4e4c-442e-9ef4-4af8d232a629","","1002","",""
"1002","1002","6900421552302622","default","2026-01-08 14:23:28","","2026-01-08 14:23:43","15","0","NORMAL_CLEARING","fec0ba8d-76e0-4b7c-9386-965d03407c8a","","1002","",""
"1002","1002","6900421552302622","default","2026-01-08 14:23:35","","2026-01-08 14:23:51","16","0","NORMAL_CLEARING","c5f710aa-dc36-48c8-a168-263346172de9","","1002","",""
"1002","1002","6900972567301988","default","2026-01-08 14:23:35","","2026-01-08 14:23:51","16","0","NORMAL_CLEARING","4a733aae-c013-4339-a055-23fbc9dc4752","","1002","",""
"1002","1002","0810972567301988","default","2026-01-08 14:23:44","","2026-01-08 14:24:00","16","0","NORMAL_CLEARING","5b2619b8-a9b4-473e-98d9-4a8490dcf3a3","","1002","",""
"1002","1002","0810421552302622","default","2026-01-08 14:23:44","","2026-01-08 14:24:00","16","0","NORMAL_CLEARING","0a3926d2-5a2e-4a44-b834-bc9a390ad54b","","1002","",""
"1002","1002","0810421552302622","default","2026-01-08 14:23:45","","2026-01-08 14:24:02","17","0","NORMAL_CLEARING","23b46cd5-2425-4f7b-8f5c-79717434fb78","","1002","",""
"1002","1002","0810972567301988","default","2026-01-08 14:23:45","","2026-01-08 14:24:02","17","0","NORMAL_CLEARING","08ac287e-7334-4a57-98b8-f5a801581023","","1002","",""
"1002","1002","0810972567301988","default","2026-01-08 14:23:46","","2026-01-08 14:24:03","17","0","NORMAL_CLEARING","872a9279-1246-408f-b466-80d6ec2bdb64","","1002","",""
"1002","1002","0810421552302622","default","2026-01-08 14:23:46","","2026-01-08 14:24:03","17","0","NORMAL_CLEARING","31fbc305-97e3-4c95-a4ab-17a785b41922","","1002","",""
"1002","1002","0810421552302622","default","2026-01-08 14:23:51","","2026-01-08 14:24:07","16","0","NORMAL_CLEARING","0ce56071-20af-45cb-b03e-74c4f3d96388","","1002","",""
"1002","1002","0810972567301988","default","2026-01-08 14:23:51","","2026-01-08 14:24:07","16","0","NORMAL_CLEARING","11c28f7f-f842-40aa-81ed-930ad0913d9d","","1002","",""
"1002","1002","0810421552302622","default","2026-01-08 14:23:58","","2026-01-08 14:24:13","15","0","NORMAL_CLEARING","1456e156-bab4-4f00-b098-9e09e068076c","","1002","",""
"1002","1002","0810972567301988","default","2026-01-08 14:23:58","","2026-01-08 14:24:13","15","0","NORMAL_CLEARING","ccebaf2b-ab84-4feb-92b4-8f2544860d6b","","1002","",""
"1002","1002","009810972567301988","default","2026-01-08 14:24:06","","2026-01-08 14:24:22","16","0","NORMAL_CLEARING","ec81e5c4-2fd2-472d-bf71-788794ac35e6","","1002","",""
"1002","1002","009810421552302622","default","2026-01-08 14:24:06","","2026-01-08 14:24:22","16","0","NORMAL_CLEARING","8570e8f2-4abc-4170-a74e-c115f39f5c78","","1002","",""
"1002","1002","009810972567301988","default","2026-01-08 14:24:08","","2026-01-08 14:24:23","15","0","NORMAL_CLEARING","4858f9ac-258b-426c-b3d9-724582a17c71","","1002","",""
"1002","1002","009810421552302622","default","2026-01-08 14:24:08","","2026-01-08 14:24:24","16","0","NORMAL_CLEARING","0f9bea31-bcbc-4c33-83bd-519a065b7a92","","1002","",""
"1002","1002","009810421552302622","default","2026-01-08 14:24:08","","2026-01-08 14:24:24","16","0","NORMAL_CLEARING","25405edc-5933-43c8-8dfa-bee150d36cdc","","1002","",""
"1002","1002","009810972567301988","default","2026-01-08 14:24:08","","2026-01-08 14:24:24","16","0","NORMAL_CLEARING","6e68c1be-ae27-4a03-a562-9cff320ff5de","","1002","",""
"1002","1002","009810972567301988","default","2026-01-08 14:24:13","","2026-01-08 14:24:29","16","0","NORMAL_CLEARING","b5653650-e496-4f5a-bedd-ffbd8c50251f","","1002","",""
"1002","1002","009810421552302622","default","2026-01-08 14:24:13","","2026-01-08 14:24:29","16","0","NORMAL_CLEARING","f501b09b-8a5d-4c1f-a80d-72fdb491a5fa","","1002","",""
"1002","1002","009810421552302622","default","2026-01-08 14:24:20","","2026-01-08 14:24:36","16","0","NORMAL_CLEARING","043825fc-44c5-4948-9c32-82ca8f412c88","","1002","",""
"1002","1002","009810972567301988","default","2026-01-08 14:24:20","","2026-01-08 14:24:36","16","0","NORMAL_CLEARING","f4d3b6c6-2a5f-4672-b814-aa34f43b6eab","","1002","",""
"1002","1002","1012972567301988","default","2026-01-08 14:24:29","","2026-01-08 14:24:43","14","0","NORMAL_CLEARING","9b5f10a8-8478-4366-ae5f-6f48d4f1eba3","","1002","",""
"1002","1002","1012421552302622","default","2026-01-08 14:24:29","","2026-01-08 14:24:43","14","0","NORMAL_CLEARING","51700f11-457e-4bde-9024-88c427fd6017","","1002","",""
"1002","1002","1012972567301988","default","2026-01-08 14:24:30","","2026-01-08 14:24:44","14","0","NORMAL_CLEARING","8c04b2c9-9a9f-488c-9556-cb92e61a5877","","1002","",""
"1002","1002","1012421552302622","default","2026-01-08 14:24:30","","2026-01-08 14:24:44","14","0","NORMAL_CLEARING","67ee5167-afae-4bfa-a71b-169ebad52983","","1002","",""
"1002","1002","1012421552302622","default","2026-01-08 14:24:31","","2026-01-08 14:24:44","13","0","NORMAL_CLEARING","be0cbe17-ff5d-442a-a326-3b17e76219e7","","1002","",""
"1002","1002","1012972567301988","default","2026-01-08 14:24:31","","2026-01-08 14:24:45","14","0","NORMAL_CLEARING","930c4952-f7d4-4c15-8db0-ee92afc80cea","","1002","",""
"1002","1002","1012972567301988","default","2026-01-08 14:24:35","","2026-01-08 14:24:49","14","0","NORMAL_CLEARING","610d8e9a-c0e5-4709-8a11-b24d616dc711","","1002","",""
"1002","1002","1012421552302622","default","2026-01-08 14:24:35","","2026-01-08 14:24:49","14","0","NORMAL_CLEARING","46532ea2-baef-4110-99e6-3868280561f3","","1002","",""
"1002","1002","1012421552302622","default","2026-01-08 14:24:42","","2026-01-08 14:24:55","13","0","NORMAL_CLEARING","10dbb68d-939f-4564-ad32-f825fd897f58","","1002","",""
"1002","1002","1012972567301988","default","2026-01-08 14:24:42","","2026-01-08 14:24:55","13","0","NORMAL_CLEARING","2a34442f-366b-4263-a81f-e6b1e45cabaa","","1002","",""
"1002","1002","330421552302622","default","2026-01-08 14:24:51","","2026-01-08 14:25:05","14","0","NORMAL_CLEARING","3bd53462-87aa-48ca-a6cc-f57d8bac7f2b","","1002","",""
"1002","1002","330972567301988","default","2026-01-08 14:24:51","","2026-01-08 14:25:05","14","0","NORMAL_CLEARING","97d6ae0d-aca2-4468-8f86-0f8c6eb27d58","","1002","",""
"1002","1002","330421552302622","default","2026-01-08 14:24:52","","2026-01-08 14:25:06","14","0","NORMAL_CLEARING","6c2ab1d7-f0f4-44fe-aa1b-72aaf9b4baa2","","1002","",""
"1002","1002","330972567301988","default","2026-01-08 14:24:52","","2026-01-08 14:25:06","14","0","NORMAL_CLEARING","98d1de99-ceb9-4130-b239-73502bd84618","","1002","",""
"1002","1002","330972567301988","default","2026-01-08 14:24:53","","2026-01-08 14:25:07","14","0","NORMAL_CLEARING","377f67f8-4fcb-4fc5-9b9f-d062404037eb","","1002","",""
"1002","1002","330421552302622","default","2026-01-08 14:24:53","","2026-01-08 14:25:07","14","0","NORMAL_CLEARING","86ac5546-9dd1-4f94-b21f-8979b5d06f69","","1002","",""
"1002","1002","330972567301988","default","2026-01-08 14:24:56","","2026-01-08 14:25:10","14","0","NORMAL_CLEARING","870ee2d9-89c5-49c6-801a-b5b6b7beea4e","","1002","",""
"1002","1002","330421552302622","default","2026-01-08 14:24:56","","2026-01-08 14:25:10","14","0","NORMAL_CLEARING","4f09b03f-d1b1-497f-b4fb-cbabf7ab8cba","","1002","",""
"1002","1002","330421552302622","default","2026-01-08 14:25:05","","2026-01-08 14:25:19","14","0","NORMAL_CLEARING","c5caa578-99bc-4267-993b-89e0cde7c7b6","","1002","",""
"1002","1002","330972567301988","default","2026-01-08 14:25:05","","2026-01-08 14:25:19","14","0","NORMAL_CLEARING","fcf22328-ec92-4ed6-a887-de659ffba4b1","","1002","",""
"1002","1002","9017421552302622","default","2026-01-08 14:25:13","","2026-01-08 14:25:27","14","0","NORMAL_CLEARING","9b400007-bb69-4fa8-a4a5-694d6cfdb411","","1002","",""
"1002","1002","9017972567301988","default","2026-01-08 14:25:13","","2026-01-08 14:25:27","14","0","NORMAL_CLEARING","8d1b4e98-3726-4d17-b2ec-eadeafa0474a","","1002","",""
"1002","1002","9017421552302622","default","2026-01-08 14:25:15","","2026-01-08 14:25:29","14","0","NORMAL_CLEARING","333a1949-2b08-4c7b-8d7c-ac2ba2a9eb9a","","1002","",""
"1002","1002","9017972567301988","default","2026-01-08 14:25:15","","2026-01-08 14:25:29","14","0","NORMAL_CLEARING","1ea49e01-4525-4a2c-8801-4f9b570b2892","","1002","",""
"1002","1002","9017421552302622","default","2026-01-08 14:25:15","","2026-01-08 14:25:30","15","0","NORMAL_CLEARING","9e996038-9f11-4260-823c-c434aa607418","","1002","",""
"1002","1002","9017972567301988","default","2026-01-08 14:25:15","","2026-01-08 14:25:30","15","0","NORMAL_CLEARING","ea529013-9ba8-4239-8481-b2f3c4e271ae","","1002","",""
"1002","1002","9017421552302622","default","2026-01-08 14:25:19","","2026-01-08 14:25:33","14","0","NORMAL_CLEARING","9336e122-9846-443c-91a9-cce577fd632d","","1002","",""
"1002","1002","9017972567301988","default","2026-01-08 14:25:19","","2026-01-08 14:25:33","14","0","NORMAL_CLEARING","33639168-2f57-41d2-b2a9-781ab0c67b12","","1002","",""
"1002","1002","9017421552302622","default","2026-01-08 14:25:28","","2026-01-08 14:25:41","13","0","NORMAL_CLEARING","b8d8eb55-7b08-49c8-9a62-1b686a93d7ad","","1002","",""
"1002","1002","9017972567301988","default","2026-01-08 14:25:28","","2026-01-08 14:25:42","14","0","NORMAL_CLEARING","f150cb25-c17f-4cf5-811f-e21f8de66748","","1002","",""
"1002","1002","9018421552302622","default","2026-01-08 14:25:36","","2026-01-08 14:25:50","14","0","NORMAL_CLEARING","f47fd44e-7728-419c-bc8d-21970a0b9efb","","1002","",""
"1002","1002","9018972567301988","default","2026-01-08 14:25:36","","2026-01-08 14:25:50","14","0","NORMAL_CLEARING","00aa498d-533d-4d3b-8185-5018930312ad","","1002","",""
"1002","1002","9018421552302622","default","2026-01-08 14:25:38","","2026-01-08 14:25:52","14","0","NORMAL_CLEARING","f4797d24-7f9b-4d67-86ac-a31e4ff93bf1","","1002","",""
"1002","1002","9018421552302622","default","2026-01-08 14:25:38","","2026-01-08 14:25:53","15","0","NORMAL_CLEARING","49d12a18-7c8c-4335-8151-2dbe9f46e12b","","1002","",""
"1002","1002","9018972567301988","default","2026-01-08 14:25:38","","2026-01-08 14:25:53","15","0","NORMAL_CLEARING","45cf02e5-8565-47fe-a8e9-e0b63579ed28","","1002","",""
"1002","1002","9018972567301988","default","2026-01-08 14:25:38","","2026-01-08 14:25:53","15","0","NORMAL_CLEARING","80a02b14-5180-4b40-a9ef-b266fa900819","","1002","",""
"1002","1002","9018972567301988","default","2026-01-08 14:25:41","","2026-01-08 14:25:56","15","0","NORMAL_CLEARING","17ff1b6b-5c8e-49cf-a7d7-20059b5532d2","","1002","",""
"1002","1002","9018421552302622","default","2026-01-08 14:25:41","","2026-01-08 14:25:57","16","0","NORMAL_CLEARING","95db2c3e-4125-4a45-a951-25a921d3a99f","","1002","",""
"1002","1002","9018421552302622","default","2026-01-08 14:25:50","","2026-01-08 14:26:06","16","0","NORMAL_CLEARING","d366596a-9993-4a37-8ce7-eb2b4f7b3095","","1002","",""
"1002","1002","9018972567301988","default","2026-01-08 14:25:50","","2026-01-08 14:26:06","16","0","NORMAL_CLEARING","471b9bbe-4a74-4d80-8b93-913056680f72","","1002","",""
"1002","1002","20421552302622","default","2026-01-08 14:25:58","","2026-01-08 14:26:13","15","0","NORMAL_CLEARING","459c441f-d5a3-4649-bde7-bf86774047e6","","1002","",""
"1002","1002","20972567301988","default","2026-01-08 14:25:58","","2026-01-08 14:26:13","15","0","NORMAL_CLEARING","39ba98a6-573e-4bfd-9016-0cd6826b1edc","","1002","",""
"1002","1002","20421552302622","default","2026-01-08 14:26:00","","2026-01-08 14:26:14","14","0","NORMAL_CLEARING","01facaac-43e0-489b-9284-3877b1c2a6dd","","1002","",""
"1002","1002","20972567301988","default","2026-01-08 14:26:00","","2026-01-08 14:26:14","14","0","NORMAL_CLEARING","4284817d-4c9c-4ff4-bd45-ff49d4a4e3d4","","1002","",""
"1002","1002","20421552302622","default","2026-01-08 14:26:00","","2026-01-08 14:26:14","14","0","NORMAL_CLEARING","73720d0c-1af8-4054-9ede-f3d34a41d33d","","1002","",""
"1002","1002","20972567301988","default","2026-01-08 14:26:00","","2026-01-08 14:26:14","14","0","NORMAL_CLEARING","dbfb3a8f-0859-4c4c-9dc6-ca1fb3d1cf7d","","1002","",""
"1002","1002","20972567301988","default","2026-01-08 14:26:04","","2026-01-08 14:26:18","14","0","NORMAL_CLEARING","2063b4a0-267c-4d00-92a2-e02301d0306e","","1002","",""
"1002","1002","20421552302622","default","2026-01-08 14:26:04","","2026-01-08 14:26:18","14","0","NORMAL_CLEARING","23ad112a-e375-4ea1-aec1-051b5ed4ae4c","","1002","",""
"1002","1002","20972567301988","default","2026-01-08 14:26:13","","2026-01-08 14:26:26","13","0","NORMAL_CLEARING","9d98937c-8318-4aea-87b4-afadcfa29260","","1002","",""
"1002","1002","20421552302622","default","2026-01-08 14:26:13","","2026-01-08 14:26:26","13","0","NORMAL_CLEARING","1382d16e-4661-4b18-ba86-6d0379e32f45","","1002","",""
"1002","1002","30972567301988","default","2026-01-08 14:26:20","","2026-01-08 14:26:34","14","0","NORMAL_CLEARING","ca96b494-2f36-42f7-bb82-7494144f8aa2","","1002","",""
"1002","1002","30421552302622","default","2026-01-08 14:26:20","","2026-01-08 14:26:34","14","0","NORMAL_CLEARING","d0fc6d7b-7e04-473f-83d0-673d87efd24f","","1002","",""
"1002","1002","30421552302622","default","2026-01-08 14:26:22","","2026-01-08 14:26:36","14","0","NORMAL_CLEARING","a565eff3-1d6d-453d-94f6-f54605848e31","","1002","",""
"1002","1002","30421552302622","default","2026-01-08 14:26:22","","2026-01-08 14:26:36","14","0","NORMAL_CLEARING","68ec6dac-4ca9-4cf9-a018-ac8d6cd00291","","1002","",""
"1002","1002","30972567301988","default","2026-01-08 14:26:22","","2026-01-08 14:26:36","14","0","NORMAL_CLEARING","4d200391-a493-49a9-bb67-25f8cfc9d85b","","1002","",""
"1002","1002","30972567301988","default","2026-01-08 14:26:22","","2026-01-08 14:26:36","14","0","NORMAL_CLEARING","9e2e51e4-7acc-47cd-bff7-d614210113e1","","1002","",""
"1002","1002","30421552302622","default","2026-01-08 14:26:26","","2026-01-08 14:26:40","14","0","NORMAL_CLEARING","9ce7d893-a990-4624-85f4-96eec26e8a1f","","1002","",""
"1002","1002","30972567301988","default","2026-01-08 14:26:26","","2026-01-08 14:26:40","14","0","NORMAL_CLEARING","db87bb5d-ef4e-41db-9012-65a0fa36a160","","1002","",""
"1002","1002","30972567301988","default","2026-01-08 14:26:35","","2026-01-08 14:26:48","13","0","NORMAL_CLEARING","a07b5e17-8370-4cd7-897c-524dfa01aa84","","1002","",""
"1002","1002","30421552302622","default","2026-01-08 14:26:35","","2026-01-08 14:26:48","13","0","NORMAL_CLEARING","189b6e84-0604-476a-b39b-8cfd8a341be7","","1002","",""
"1002","1002","50421552302622","default","2026-01-08 14:26:43","","2026-01-08 14:26:56","13","0","NORMAL_CLEARING","5931734f-6cb4-462f-b075-5d0562b3003e","","1002","",""
"1002","1002","50972567301988","default","2026-01-08 14:26:43","","2026-01-08 14:26:56","13","0","NORMAL_CLEARING","5b302ae5-bed3-4733-933c-5735110996b2","","1002","",""
"1002","1002","50972567301988","default","2026-01-08 14:26:44","","2026-01-08 14:26:57","13","0","NORMAL_CLEARING","981fde78-20ff-454d-a168-25db441f0862","","1002","",""
"1002","1002","50972567301988","default","2026-01-08 14:26:44","","2026-01-08 14:26:57","13","0","NORMAL_CLEARING","10b1f652-47db-4da9-ae29-6ae694a963f4","","1002","",""
"1002","1002","50421552302622","default","2026-01-08 14:26:44","","2026-01-08 14:26:57","13","0","NORMAL_CLEARING","51a251ad-2b1a-4741-bfbf-7faf78a0c937","","1002","",""
"1002","1002","50421552302622","default","2026-01-08 14:26:44","","2026-01-08 14:26:57","13","0","NORMAL_CLEARING","c948b68c-dbb5-499a-9563-d0f07b463352","","1002","",""
"1002","1002","50421552302622","default","2026-01-08 14:26:48","","2026-01-08 14:27:01","13","0","NORMAL_CLEARING","37981788-d6ca-4e53-8072-82fbab17842c","","1002","",""
"1002","1002","50972567301988","default","2026-01-08 14:26:48","","2026-01-08 14:27:01","13","0","NORMAL_CLEARING","4504f0ed-b58f-4e49-871a-40ca48771960","","1002","",""
"1002","1002","50972567301988","default","2026-01-08 14:26:57","","2026-01-08 14:27:09","12","0","NORMAL_CLEARING","e09ebc86-4ec4-47a7-85a7-2756bf0b15ea","","1002","",""
"1002","1002","50421552302622","default","2026-01-08 14:26:57","","2026-01-08 14:27:09","12","0","NORMAL_CLEARING","6a5bddf4-13c3-43ac-94c5-d0589c9ab515","","1002","",""
"1002","1002","60421552302622","default","2026-01-08 14:27:05","","2026-01-08 14:27:18","13","0","NORMAL_CLEARING","572f0616-a882-4a7e-8f4c-eaa73bf77296","","1002","",""
"1002","1002","60972567301988","default","2026-01-08 14:27:05","","2026-01-08 14:27:18","13","0","NORMAL_CLEARING","0eafcc8c-51ce-4424-8246-a6cd6ccc5a5b","","1002","",""
"1002","1002","60972567301988","default","2026-01-08 14:27:07","","2026-01-08 14:27:20","13","0","NORMAL_CLEARING","ae984bcf-6583-4c16-a440-dbcfdb4e8071","","1002","",""
"1002","1002","60421552302622","default","2026-01-08 14:27:07","","2026-01-08 14:27:20","13","0","NORMAL_CLEARING","159e3c35-b551-45be-b126-a65db93eac13","","1002","",""
"1002","1002","60421552302622","default","2026-01-08 14:27:07","","2026-01-08 14:27:20","13","0","NORMAL_CLEARING","b948ddc5-f63c-44bd-8edb-2cf45451390d","","1002","",""
"1002","1002","60972567301988","default","2026-01-08 14:27:07","","2026-01-08 14:27:20","13","0","NORMAL_CLEARING","c09aede5-f10d-4a66-a293-9a87dd8fd2e6","","1002","",""
"1002","1002","60421552302622","default","2026-01-08 14:27:11","","2026-01-08 14:27:25","14","0","NORMAL_CLEARING","5eb42d81-23eb-4d6c-ad4b-ffc44c40b5e6","","1002","",""
"1002","1002","60972567301988","default","2026-01-08 14:27:11","","2026-01-08 14:27:25","14","0","NORMAL_CLEARING","de384845-93d8-45bc-b745-4e2f06077840","","1002","",""
"1002","1002","60972567301988","default","2026-01-08 14:27:19","","2026-01-08 14:27:35","16","0","NORMAL_CLEARING","786f7abc-ed5c-4006-973e-55509f765857","","1002","",""
"1002","1002","60421552302622","default","2026-01-08 14:27:19","","2026-01-08 14:27:35","16","0","NORMAL_CLEARING","6cdfeb51-eaee-471b-bb20-2e74cebf187b","","1002","",""
"1002","1002","70421552302622","default","2026-01-08 14:27:33","","2026-01-08 14:27:38","5","0","MANAGER_REQUEST","89995986-61d4-4209-9860-c2d44ec051c2","","1002","",""
"1002","1002","70421552302622","default","2026-01-08 14:27:29","","2026-01-08 14:27:38","9","0","MANAGER_REQUEST","8cbc47aa-bd8b-40d4-b6ff-e9686fa7cece","","1002","",""
"1002","1002","70972567301988","default","2026-01-08 14:27:29","","2026-01-08 14:27:38","9","0","MANAGER_REQUEST","3d2a7206-825f-4cd5-b391-1c86820b27c0","","1002","",""
"1002","1002","70972567301988","default","2026-01-08 14:27:29","","2026-01-08 14:27:38","9","0","MANAGER_REQUEST","b5e497fb-300c-4ed0-a234-86ff8f0e6d93","","1002","",""
"1002","1002","70972567301988","default","2026-01-08 14:27:27","","2026-01-08 14:27:38","11","0","MANAGER_REQUEST","63f3b741-03ac-4dae-9f84-f58a311cc886","","1002","",""
"1002","1002","70972567301988","default","2026-01-08 14:27:33","","2026-01-08 14:27:37","4","0","MANAGER_REQUEST","8028dc9d-c5b6-47cf-83d6-62cb196935f2","","1002","",""
"1002","1002","70421552302622","default","2026-01-08 14:27:29","","2026-01-08 14:27:37","8","0","MANAGER_REQUEST","f0c6c368-e5ff-444b-8f59-5939e153f070","","1002","",""
"1002","1002","70421552302622","default","2026-01-08 14:27:27","","2026-01-08 14:27:38","11","0","MANAGER_REQUEST","0233b3ed-d949-43fc-8b73-1079b3752f99","","1002","",""
