"1003","1003","+442039960205","default","2026-01-08 13:25:15","","2026-01-08 13:25:26","11","0","CALL_REJECTED","04ce7b42-c7da-43db-9af9-1d82282e888a","","1003","",""
"1003","1003","+442039960205","default","2026-01-08 13:25:15","","2026-01-08 13:25:26","11","0","CALL_REJECTED","cabffc38-f0f9-4a3c-ba1b-855d5037d17d","","1003","",""
"1003","1003","+442039960205","default","2026-01-08 13:25:15","","2026-01-08 13:25:26","11","0","CALL_REJECTED","92936ddc-2408-47dd-9374-99a337659202","","1003","",""
"1003","1003","+442039960205","default","2026-01-08 13:25:15","","2026-01-08 13:25:26","11","0","CALL_REJECTED","c24307fa-4bef-4f75-8720-5e97681613ff","","1003","",""
"1003","1003","+442039960205","default","2026-01-08 13:25:15","","2026-01-08 13:25:26","11","0","CALL_REJECTED","ece27279-715f-4837-b4fb-7f970b964a35","","1003","",""
"1003","1003","+421552302622","default","2026-01-08 13:26:32","","2026-01-08 13:26:45","13","0","CALL_REJECTED","f094790f-dbc0-4be5-9557-f86bdb617929","","1003","",""
"1003","1003","+972567301988","default","2026-01-08 13:26:32","","2026-01-08 13:26:45","13","0","CALL_REJECTED","002f64e2-b7e8-454a-af24-1d7d7500fc2a","","1003","",""
"1003","1003","+972567301988","default","2026-01-08 13:26:32","","2026-01-08 13:26:45","13","0","CALL_REJECTED","aab0d562-57f5-4fb8-87d0-0505426e4d0d","","1003","",""
"1003","1003","+972567301988","default","2026-01-08 13:26:32","","2026-01-08 13:26:45","13","0","CALL_REJECTED","9864356b-4c77-410a-94d4-425c9f8f8732","","1003","",""
"1003","1003","+421552302622","default","2026-01-08 13:26:32","","2026-01-08 13:26:45","13","0","CALL_REJECTED","4c059482-671e-4f9a-b9f9-4bbf38d21365","","1003","",""
"1003","1003","+972567301988","default","2026-01-08 13:26:32","","2026-01-08 13:26:45","13","0","CALL_REJECTED","761c9f85-a78f-4ce5-bbe4-af2c2d608533","","1003","",""
"1003","1003","+421552302622","default","2026-01-08 13:26:32","","2026-01-08 13:26:45","13","0","CALL_REJECTED","23b91dfb-539f-448f-bb53-2096b388c2e3","","1003","",""
"1003","1003","+972567301988","default","2026-01-08 13:26:32","","2026-01-08 13:26:45","13","0","CALL_REJECTED","61e59d9a-cd84-487d-bf63-466b02ef20d7","","1003","",""
"1003","1003","+421552302622","default","2026-01-08 13:26:32","","2026-01-08 13:26:45","13","0","CALL_REJECTED","baf291bb-b39b-4da0-ac94-6596c305d517","","1003","",""
"1003","1003","+421552302622","default","2026-01-08 13:26:32","","2026-01-08 13:26:45","13","0","CALL_REJECTED","9fdeaeac-6750-4e81-b040-5724ebd938c2","","1003","",""
"1003","1003","+0421552302622","default","2026-01-08 13:26:54","","2026-01-08 13:27:08","14","0","UNALLOCATED_NUMBER","038e2f21-9ef5-4f9a-83b6-96bbe0460acd","","1003","",""
"1003","1003","+0421552302622","default","2026-01-08 13:26:54","","2026-01-08 13:27:08","14","0","UNALLOCATED_NUMBER","0fa01ae8-f324-4fb4-a9e0-865b7136c3ec","","1003","",""
"1003","1003","+0972567301988","default","2026-01-08 13:26:54","","2026-01-08 13:27:08","14","0","UNALLOCATED_NUMBER","93882a3c-37e4-4501-be16-f5d3bcaf7683","","1003","",""
"1003","1003","+0421552302622","default","2026-01-08 13:26:54","","2026-01-08 13:27:08","14","0","UNALLOCATED_NUMBER","2bcd0fa0-4e0f-452c-9b28-5f33bca9247d","","1003","",""
"1003","1003","+0972567301988","default","2026-01-08 13:26:54","","2026-01-08 13:27:09","15","0","UNALLOCATED_NUMBER","f72854b1-1f82-4856-8f54-8bdd240a9db1","","1003","",""
"1003","1003","+0972567301988","default","2026-01-08 13:26:54","","2026-01-08 13:27:09","15","0","UNALLOCATED_NUMBER","dfce4fef-6b2f-499e-ada7-b4eba8eae0ec","","1003","",""
"1003","1003","+0421552302622","default","2026-01-08 13:26:54","","2026-01-08 13:27:09","15","0","UNALLOCATED_NUMBER","3fbd779e-e369-42d0-84f1-51afa135b079","","1003","",""
"1003","1003","+0972567301988","default","2026-01-08 13:26:54","","2026-01-08 13:27:09","15","0","UNALLOCATED_NUMBER","4177dd43-49ee-4ddd-a099-d2695548a781","","1003","",""
"1003","1003","+0421552302622","default","2026-01-08 13:26:54","","2026-01-08 13:27:09","15","0","UNALLOCATED_NUMBER","0347f607-c8fa-4df6-ba90-8ff8e0bdb302","","1003","",""
"1003","1003","+0972567301988","default","2026-01-08 13:26:54","","2026-01-08 13:27:09","15","0","UNALLOCATED_NUMBER","a942429c-2037-4dd0-a077-cc158d915673","","1003","",""
"1003","1003","0+421552302622","default","2026-01-08 13:27:16","","2026-01-08 13:27:29","13","0","NORMAL_CLEARING","184e0573-db95-4885-991f-1932519990d5","","1003","",""
"1003","1003","0+421552302622","default","2026-01-08 13:27:16","","2026-01-08 13:27:29","13","0","NORMAL_CLEARING","10acb148-4d72-45bc-b6cc-ee870148c52a","","1003","",""
"1003","1003","0+972567301988","default","2026-01-08 13:27:16","","2026-01-08 13:27:29","13","0","NORMAL_CLEARING","4ba991ac-3f2a-4b1c-8016-fa5d46e41313","","1003","",""
"1003","1003","0+972567301988","default","2026-01-08 13:27:16","","2026-01-08 13:27:29","13","0","NORMAL_CLEARING","afac7c92-9bc5-4651-a08b-4291ab2d5e5b","","1003","",""
"1003","1003","0+421552302622","default","2026-01-08 13:27:16","","2026-01-08 13:27:29","13","0","NORMAL_CLEARING","83e467a9-6ae6-4fd8-9ae5-96344bb37eef","","1003","",""
"1003","1003","0+972567301988","default","2026-01-08 13:27:16","","2026-01-08 13:27:29","13","0","NORMAL_CLEARING","8b4353d9-02b9-442c-bdb0-8b59aa79ec14","","1003","",""
"1003","1003","0+972567301988","default","2026-01-08 13:27:17","","2026-01-08 13:27:29","12","0","NORMAL_CLEARING","f4182cd0-fe43-4ecc-a88b-a2365bc93d20","","1003","",""
"1003","1003","0+972567301988","default","2026-01-08 13:27:17","","2026-01-08 13:27:29","12","0","NORMAL_CLEARING","6e05d117-5ed8-470b-909c-bd8bbcc5e6df","","1003","",""
"1003","1003","0+421552302622","default","2026-01-08 13:27:17","","2026-01-08 13:27:29","12","0","NORMAL_CLEARING","00b2f4de-2637-4b35-a720-15ae0620b26b","","1003","",""
"1003","1003","0+421552302622","default","2026-01-08 13:27:17","","2026-01-08 13:27:29","12","0","NORMAL_CLEARING","7de75039-87f4-4c8a-a3b0-1c4e90aa7ef4","","1003","",""
"1003","1003","+00421552302622","default","2026-01-08 13:27:38","","2026-01-08 13:27:50","12","0","UNALLOCATED_NUMBER","3ac56ae4-aab6-4eb8-a3a5-3954fd7ce4d8","","1003","",""
"1003","1003","+00421552302622","default","2026-01-08 13:27:38","","2026-01-08 13:27:50","12","0","UNALLOCATED_NUMBER","f41d7579-2d2b-4d3b-a147-efc2861cdae8","","1003","",""
"1003","1003","+00972567301988","default","2026-01-08 13:27:38","","2026-01-08 13:27:50","12","0","UNALLOCATED_NUMBER","cfed3b02-bbb4-4da3-ba12-50f3af829bb1","","1003","",""
"1003","1003","+00972567301988","default","2026-01-08 13:27:38","","2026-01-08 13:27:50","12","0","UNALLOCATED_NUMBER","7e1956a9-a396-4575-9a60-86fb32cc3481","","1003","",""
"1003","1003","+00972567301988","default","2026-01-08 13:27:38","","2026-01-08 13:27:50","12","0","UNALLOCATED_NUMBER","f0c2f5b6-a724-4636-8530-8eb197f2df9b","","1003","",""
"1003","1003","+00421552302622","default","2026-01-08 13:27:38","","2026-01-08 13:27:50","12","0","UNALLOCATED_NUMBER","2efef734-231c-49a9-af78-d6f219d61838","","1003","",""
"1003","1003","+00972567301988","default","2026-01-08 13:27:39","","2026-01-08 13:27:50","11","0","UNALLOCATED_NUMBER","622c7a3f-7c1b-40b0-bb88-b52814890327","","1003","",""
"1003","1003","+00421552302622","default","2026-01-08 13:27:39","","2026-01-08 13:27:50","11","0","UNALLOCATED_NUMBER","eaef3a5f-2e77-4eb5-b365-e1a07263b4a3","","1003","",""
"1003","1003","+00972567301988","default","2026-01-08 13:27:39","","2026-01-08 13:27:50","11","0","UNALLOCATED_NUMBER","0a7531a7-22d1-4699-9466-68cff9f416ae","","1003","",""
"1003","1003","+00421552302622","default","2026-01-08 13:27:39","","2026-01-08 13:27:50","11","0","UNALLOCATED_NUMBER","22bbf8d7-dade-4e53-b11d-e50864bebc8d","","1003","",""
"1003","1003","421552302622","default","2026-01-08 13:28:00","","2026-01-08 13:28:13","13","0","CALL_REJECTED","dd9b1944-ff96-4826-bb4e-08d0c875fb31","","1003","",""
"1003","1003","421552302622","default","2026-01-08 13:28:00","","2026-01-08 13:28:13","13","0","CALL_REJECTED","e480dd34-8c76-4f3a-8ad8-a69281fa8b26","","1003","",""
"1003","1003","972567301988","default","2026-01-08 13:28:00","","2026-01-08 13:28:13","13","0","CALL_REJECTED","f7408bb7-ebd1-4f19-8f8f-8494dde6711a","","1003","",""
"1003","1003","421552302622","default","2026-01-08 13:28:00","","2026-01-08 13:28:13","13","0","CALL_REJECTED","1021ec73-c32f-467f-92c5-9e7f8196a6b8","","1003","",""
"1003","1003","972567301988","default","2026-01-08 13:28:00","","2026-01-08 13:28:13","13","0","CALL_REJECTED","906b2ea0-34d7-492c-b65c-c0c602271f94","","1003","",""
"1003","1003","972567301988","default","2026-01-08 13:28:00","","2026-01-08 13:28:13","13","0","CALL_REJECTED","c5b98bdb-fb6c-4422-9dae-3b0d47c9287b","","1003","",""
"1003","1003","972567301988","default","2026-01-08 13:28:01","","2026-01-08 13:28:13","12","0","CALL_REJECTED","fa863130-3592-42de-9753-f861703025c0","","1003","",""
"1003","1003","421552302622","default","2026-01-08 13:28:01","","2026-01-08 13:28:13","12","0","CALL_REJECTED","19833c8b-52b7-40e4-a066-d68bc93bf919","","1003","",""
"1003","1003","421552302622","default","2026-01-08 13:28:01","","2026-01-08 13:28:13","12","0","CALL_REJECTED","1d6d343f-84fb-437c-bcaf-717f2fe2a490","","1003","",""
"1003","1003","972567301988","default","2026-01-08 13:28:01","","2026-01-08 13:28:14","13","0","CALL_REJECTED","71254030-5f17-4e32-acba-5d4af0ff66a8","","1003","",""
"1003","1003","*421552302622","default","2026-01-08 13:28:23","","2026-01-08 13:28:34","11","0","NORMAL_CLEARING","24295a2d-e0f9-4b00-b26d-6d59de8f70bb","","1003","",""
"1003","1003","*421552302622","default","2026-01-08 13:28:23","","2026-01-08 13:28:34","11","0","NORMAL_CLEARING","e87cde15-e072-4f40-8566-a0c3353ae0e9","","1003","",""
"1003","1003","*421552302622","default","2026-01-08 13:28:23","","2026-01-08 13:28:34","11","0","NORMAL_CLEARING","1c0340d2-1974-4013-a1f5-edd00b9ac3c3","","1003","",""
"1003","1003","*972567301988","default","2026-01-08 13:28:23","","2026-01-08 13:28:34","11","0","NORMAL_CLEARING","b81e2c42-f20f-42fd-ac17-04d6c54d9ec7","","1003","",""
"1003","1003","*972567301988","default","2026-01-08 13:28:23","","2026-01-08 13:28:34","11","0","NORMAL_CLEARING","4b58a60e-1dbd-4f5f-a06d-a1546b348248","","1003","",""
"1003","1003","*421552302622","default","2026-01-08 13:28:23","","2026-01-08 13:28:34","11","0","NORMAL_CLEARING","261ffbed-e082-4a33-96d7-a298e65d8e6e","","1003","",""
"1003","1003","*972567301988","default","2026-01-08 13:28:23","","2026-01-08 13:28:34","11","0","NORMAL_CLEARING","b6777f85-0ac0-4cec-856d-d52b5d56367c","","1003","",""
"1003","1003","*421552302622","default","2026-01-08 13:28:23","","2026-01-08 13:28:34","11","0","NORMAL_CLEARING","9fb9e711-b583-4bee-aed5-09d0371763ef","","1003","",""
"1003","1003","*972567301988","default","2026-01-08 13:28:23","","2026-01-08 13:28:35","12","0","NORMAL_CLEARING","080c5ca1-e815-4588-97ef-39ec79dc5152","","1003","",""
"1003","1003","*972567301988","default","2026-01-08 13:28:23","","2026-01-08 13:28:35","12","0","NORMAL_CLEARING","1f71573b-0dc0-4fa7-8b6d-72f34eb189c2","","1003","",""
"1003","1003","/972567301988","default","2026-01-08 13:28:43","","2026-01-08 13:28:54","11","0","NORMAL_CLEARING","f2d46de8-636b-4ae9-a012-9bdd467887cc","","1003","",""
"1003","1003","/421552302622","default","2026-01-08 13:28:43","","2026-01-08 13:28:54","11","0","NORMAL_CLEARING","5444d93d-736b-4ec2-ac0f-17b25d01f0ec","","1003","",""
"1003","1003","/421552302622","default","2026-01-08 13:28:44","","2026-01-08 13:28:55","11","0","NORMAL_CLEARING","42e0b893-f70c-4aa5-b9ba-af2a156b1f19","","1003","",""
"1003","1003","/972567301988","default","2026-01-08 13:28:44","","2026-01-08 13:28:55","11","0","NORMAL_CLEARING","fe94fd3c-102b-4450-b682-3a198369556f","","1003","",""
"1003","1003","/421552302622","default","2026-01-08 13:28:45","","2026-01-08 13:28:56","11","0","NORMAL_CLEARING","9c7faa02-3001-4bca-b6d3-feaa3fb79799","","1003","",""
"1003","1003","/972567301988","default","2026-01-08 13:28:45","","2026-01-08 13:28:56","11","0","NORMAL_CLEARING","921483f6-e421-4164-94e6-7eb42fe9e3f6","","1003","",""
"1003","1003","/972567301988","default","2026-01-08 13:28:45","","2026-01-08 13:28:56","11","0","NORMAL_CLEARING","0b561be9-0e2e-4761-97b1-015e176b70a1","","1003","",""
"1003","1003","/972567301988","default","2026-01-08 13:28:45","","2026-01-08 13:28:56","11","0","NORMAL_CLEARING","edf52a30-1d4a-4252-843d-36a3e02e3dc9","","1003","",""
"1003","1003","/421552302622","default","2026-01-08 13:28:45","","2026-01-08 13:28:56","11","0","NORMAL_CLEARING","88b1c7b9-6827-4015-bf19-c49545d01fd1","","1003","",""
"1003","1003","/421552302622","default","2026-01-08 13:28:45","","2026-01-08 13:28:56","11","0","NORMAL_CLEARING","88e9590a-941c-4282-ab06-1669c1a0a01a","","1003","",""
"1003","1003","~421552302622","default","2026-01-08 13:29:05","","2026-01-08 13:29:15","10","0","NORMAL_CLEARING","7cc0a658-3102-41e5-b26e-917da4539f67","","1003","",""
"1003","1003","~972567301988","default","2026-01-08 13:29:05","","2026-01-08 13:29:15","10","0","NORMAL_CLEARING","c8c1e022-5e5d-4f37-8fa4-76cb3d21249f","","1003","",""
"1003","1003","~972567301988","default","2026-01-08 13:29:06","","2026-01-08 13:29:16","10","0","NORMAL_CLEARING","715796e8-44f5-4b6d-b0fc-8965c8e9913d","","1003","",""
"1003","1003","~421552302622","default","2026-01-08 13:29:06","","2026-01-08 13:29:16","10","0","NORMAL_CLEARING","68b0bab6-b187-49eb-9bd7-389e332f7536","","1003","",""
"1003","1003","~421552302622","default","2026-01-08 13:29:07","","2026-01-08 13:29:17","10","0","NORMAL_CLEARING","a67df4be-9741-476e-9f6d-dc8f1a55fe5d","","1003","",""
"1003","1003","~972567301988","default","2026-01-08 13:29:07","","2026-01-08 13:29:17","10","0","NORMAL_CLEARING","fa9e03e6-5eb8-4bc6-823a-db774f6597e7","","1003","",""
"1003","1003","~972567301988","default","2026-01-08 13:29:07","","2026-01-08 13:29:18","11","0","NORMAL_CLEARING","7877b280-76e9-473e-8d6a-8abdcb4d92af","","1003","",""
"1003","1003","~421552302622","default","2026-01-08 13:29:07","","2026-01-08 13:29:18","11","0","NORMAL_CLEARING","f9bc2bf8-3a08-447a-afd9-d2638e59ca9c","","1003","",""
"1003","1003","~972567301988","default","2026-01-08 13:29:07","","2026-01-08 13:29:18","11","0","NORMAL_CLEARING","148599b2-867b-4a6b-8c5f-6cb355033fae","","1003","",""
"1003","1003","~421552302622","default","2026-01-08 13:29:07","","2026-01-08 13:29:18","11","0","NORMAL_CLEARING","b7b0d145-c028-4183-857e-51b49a13dd69","","1003","",""
"1003","1003","!421552302622","default","2026-01-08 13:29:27","","2026-01-08 13:29:37","10","0","NORMAL_CLEARING","f64636f2-6d14-4ce4-afb2-9773fdf94be0","","1003","",""
"1003","1003","!972567301988","default","2026-01-08 13:29:27","","2026-01-08 13:29:37","10","0","NORMAL_CLEARING","192dbba7-9a7d-43bf-9d40-5820c200d0fc","","1003","",""
"1003","1003","!972567301988","default","2026-01-08 13:29:28","","2026-01-08 13:29:38","10","0","NORMAL_CLEARING","9eb32809-127a-4921-b3c7-608ba31459a7","","1003","",""
"1003","1003","!421552302622","default","2026-01-08 13:29:28","","2026-01-08 13:29:39","11","0","NORMAL_CLEARING","4dbdd9ba-041a-440c-8202-895f51b018be","","1003","",""
"1003","1003","!972567301988","default","2026-01-08 13:29:29","","2026-01-08 13:29:39","10","0","NORMAL_CLEARING","48d51b2f-dc9b-4340-ab0e-c8a1a1b963d6","","1003","",""
"1003","1003","!421552302622","default","2026-01-08 13:29:29","","2026-01-08 13:29:39","10","0","NORMAL_CLEARING","407666da-459d-4dd4-8edf-8b219ce10f6e","","1003","",""
"1003","1003","!421552302622","default","2026-01-08 13:29:29","","2026-01-08 13:29:40","11","0","NORMAL_CLEARING","6ebc85e0-0fa7-4357-9aad-808a1c9cdb9e","","1003","",""
"1003","1003","!972567301988","default","2026-01-08 13:29:29","","2026-01-08 13:29:40","11","0","NORMAL_CLEARING","1c16566c-f1d6-4d51-9fab-62f9424f5899","","1003","",""
"1003","1003","!972567301988","default","2026-01-08 13:29:29","","2026-01-08 13:29:40","11","0","NORMAL_CLEARING","e29a58be-f922-434b-b0c3-985a8f015691","","1003","",""
"1003","1003","!421552302622","default","2026-01-08 13:29:29","","2026-01-08 13:29:40","11","0","NORMAL_CLEARING","cc86b827-b740-4437-999e-4d62ba5833b4","","1003","",""
"1003","1003","#972567301988","default","2026-01-08 13:29:49","","2026-01-08 13:30:00","11","0","NORMAL_CLEARING","a0a35635-a85a-4939-b337-dd2713861eeb","","1003","",""
"1003","1003","#421552302622","default","2026-01-08 13:29:49","","2026-01-08 13:30:01","12","0","NORMAL_CLEARING","7448647a-e8d7-414f-b57f-205b4b1cbb57","","1003","",""
"1003","1003","#421552302622","default","2026-01-08 13:29:50","","2026-01-08 13:30:02","12","0","NORMAL_CLEARING","790bc6e3-f89a-46c4-9576-77763957f1aa","","1003","",""
"1003","1003","#972567301988","default","2026-01-08 13:29:50","","2026-01-08 13:30:02","12","0","NORMAL_CLEARING","f3ffd6e7-8648-448d-8d4b-63251264b674","","1003","",""
"1003","1003","#972567301988","default","2026-01-08 13:29:51","","2026-01-08 13:30:03","12","0","NORMAL_CLEARING","0839312d-7915-447c-a4c5-90ee40ea0225","","1003","",""
"1003","1003","#421552302622","default","2026-01-08 13:29:51","","2026-01-08 13:30:03","12","0","NORMAL_CLEARING","824bd59e-e342-48ee-a9db-a498025cc323","","1003","",""
"1003","1003","#972567301988","default","2026-01-08 13:29:51","","2026-01-08 13:30:03","12","0","NORMAL_CLEARING","6c388b47-2f03-41f6-ad49-66e8305f7917","","1003","",""
"1003","1003","#421552302622","default","2026-01-08 13:29:51","","2026-01-08 13:30:03","12","0","NORMAL_CLEARING","5ef7651c-6982-4d1a-90c4-d861da97c743","","1003","",""
"1003","1003","#421552302622","default","2026-01-08 13:29:52","","2026-01-08 13:30:03","11","0","NORMAL_CLEARING","8775312c-f45a-4853-bc7a-ef565e8752b7","","1003","",""
"1003","1003","#972567301988","default","2026-01-08 13:29:52","","2026-01-08 13:30:03","11","0","NORMAL_CLEARING","21e468ee-a3f6-49a0-8650-52a2837e1809","","1003","",""
"1003","1003","$972567301988","default","2026-01-08 13:30:11","","2026-01-08 13:30:23","12","0","NORMAL_CLEARING","5c01c837-b3ab-4aee-805b-4bf05ebcfe4f","","1003","",""
"1003","1003","$421552302622","default","2026-01-08 13:30:11","","2026-01-08 13:30:23","12","0","NORMAL_CLEARING","dad62471-0678-453e-9cbe-f882e1872d4f","","1003","",""
"1003","1003","$972567301988","default","2026-01-08 13:30:13","","2026-01-08 13:30:24","11","0","NORMAL_CLEARING","cc8267a2-1eec-45f0-9d87-2bbf89858b67","","1003","",""
"1003","1003","$421552302622","default","2026-01-08 13:30:13","","2026-01-08 13:30:24","11","0","NORMAL_CLEARING","f3639dec-0337-4f39-afbe-2953fab899e5","","1003","",""
"1003","1003","$972567301988","default","2026-01-08 13:30:13","","2026-01-08 13:30:24","11","0","NORMAL_CLEARING","956e6127-8951-456c-a5ad-2d8a7327c74d","","1003","",""
"1003","1003","$421552302622","default","2026-01-08 13:30:13","","2026-01-08 13:30:25","12","0","NORMAL_CLEARING","42a781c0-8d81-4e56-9883-17aa9b3f5014","","1003","",""
"1003","1003","$421552302622","default","2026-01-08 13:30:14","","2026-01-08 13:30:25","11","0","NORMAL_CLEARING","90e4ffef-a4ca-4e26-9a1a-a5370ec71452","","1003","",""
"1003","1003","$972567301988","default","2026-01-08 13:30:14","","2026-01-08 13:30:25","11","0","NORMAL_CLEARING","15b84b73-7c1e-4078-ba24-562c34536b32","","1003","",""
"1003","1003","$972567301988","default","2026-01-08 13:30:14","","2026-01-08 13:30:25","11","0","NORMAL_CLEARING","4dca13de-9204-412e-b0ff-e009a8ea5d11","","1003","",""
"1003","1003","$421552302622","default","2026-01-08 13:30:14","","2026-01-08 13:30:25","11","0","NORMAL_CLEARING","b841a777-b715-428c-84e7-f9c753c2edb4","","1003","",""
"1003","1003","—2567301988","default","2026-01-08 13:30:34","","2026-01-08 13:30:44","10","0","NORMAL_CLEARING","0e19c39c-b6df-4afa-a5a9-a58087292186","","1003","",""
"1003","1003","B1552302622","default","2026-01-08 13:30:34","","2026-01-08 13:30:45","11","0","NORMAL_CLEARING","bc5b9ae9-204c-4045-87c0-90206c2c9e3d","","1003","",""
"1003","1003","B1552302622","default","2026-01-08 13:30:35","","2026-01-08 13:30:45","10","0","NORMAL_CLEARING","c1b457e2-8f11-42d1-90c4-371df675e97b","","1003","",""
"1003","1003","—2567301988","default","2026-01-08 13:30:35","","2026-01-08 13:30:46","11","0","NORMAL_CLEARING","fc05e857-e499-47e6-bd18-459cc11ba9ac","","1003","",""
"1003","1003","B1552302622","default","2026-01-08 13:30:35","","2026-01-08 13:30:46","11","0","NORMAL_CLEARING","f8128b05-a060-4d46-9a82-08ef8fec7950","","1003","",""
"1003","1003","—2567301988","default","2026-01-08 13:30:35","","2026-01-08 13:30:46","11","0","NORMAL_CLEARING","53b364a8-c360-4c23-9c47-6bb2b9b57d31","","1003","",""
"1003","1003","B1552302622","default","2026-01-08 13:30:36","","2026-01-08 13:30:47","11","0","NORMAL_CLEARING","7bea2792-70ab-467c-9cd7-1858866990f4","","1003","",""
"1003","1003","B1552302622","default","2026-01-08 13:30:36","","2026-01-08 13:30:47","11","0","NORMAL_CLEARING","a316ffde-6b52-488d-8cd9-3ecbcbf4fda8","","1003","",""
"1003","1003","—2567301988","default","2026-01-08 13:30:36","","2026-01-08 13:30:47","11","0","NORMAL_CLEARING","768d8487-b5a1-4616-8aae-24ef6935fce4","","1003","",""
"1003","1003","—2567301988","default","2026-01-08 13:30:36","","2026-01-08 13:30:47","11","0","NORMAL_CLEARING","0ff4b311-7382-4650-a9f3-8ab9511a9a01","","1003","",""
"1003","1003","00972567301988","default","2026-01-08 13:30:56","","2026-01-08 13:31:09","13","0","NORMAL_CLEARING","0cf52f1a-b64b-45c4-8221-9dc8698a315a","","1003","",""
"1003","1003","00421552302622","default","2026-01-08 13:30:56","","2026-01-08 13:31:09","13","0","NORMAL_CLEARING","77cecb72-22b4-4813-a89e-11f6822ba501","","1003","",""
"1003","1003","00421552302622","default","2026-01-08 13:30:57","","2026-01-08 13:31:12","15","0","NORMAL_CLEARING","912e2136-420a-4fd9-8f7e-15de6f9f8760","","1003","",""
"1003","1003","00972567301988","default","2026-01-08 13:30:57","","2026-01-08 13:31:12","15","0","NORMAL_CLEARING","9ea805b4-17c7-4c10-9052-d1fefc78c1ea","","1003","",""
"1003","1003","00972567301988","default","2026-01-08 13:30:58","","2026-01-08 13:31:13","15","0","NORMAL_CLEARING","56e5baae-f645-4881-b715-c7de3abcb9fa","","1003","",""
"1003","1003","00421552302622","default","2026-01-08 13:30:58","","2026-01-08 13:31:14","16","0","NORMAL_CLEARING","516b4302-32ae-4df8-a7a9-1a78da4b203b","","1003","",""
"1003","1003","00421552302622","default","2026-01-08 13:30:58","","2026-01-08 13:31:15","17","0","NORMAL_CLEARING","3d30d591-1120-4014-8f7b-1a75c5c09a61","","1003","",""
"1003","1003","00972567301988","default","2026-01-08 13:30:58","","2026-01-08 13:31:15","17","0","NORMAL_CLEARING","44af1f37-3d2f-4c4a-bf23-c8cad74c89fe","","1003","",""
"1003","1003","00972567301988","default","2026-01-08 13:30:58","","2026-01-08 13:31:15","17","0","NORMAL_CLEARING","eed7f47c-710a-4e4a-9745-66139721b9a5","","1003","",""
"1003","1003","00421552302622","default","2026-01-08 13:30:58","","2026-01-08 13:31:15","17","0","NORMAL_CLEARING","9ffb2911-a894-44b9-ac0c-5451a21c19dc","","1003","",""
"1003","1003","900972567301988","default","2026-01-08 13:31:19","","2026-01-08 13:31:38","19","0","UNALLOCATED_NUMBER","4989039f-2566-46fc-ad39-28cf9936c994","","1003","",""
"1003","1003","900421552302622","default","2026-01-08 13:31:19","","2026-01-08 13:31:38","19","0","UNALLOCATED_NUMBER","16f5f25a-11b2-4cd7-bfb8-a5ec54c82b1e","","1003","",""
"1003","1003","900972567301988","default","2026-01-08 13:31:20","","2026-01-08 13:31:39","19","0","UNALLOCATED_NUMBER","f10ee0c4-5afe-4afd-8e62-bfe9abf09b05","","1003","",""
"1003","1003","900421552302622","default","2026-01-08 13:31:20","","2026-01-08 13:31:39","19","0","UNALLOCATED_NUMBER","3ab7aec1-b44a-45aa-9287-3ac36bc8ca23","","1003","",""
"1003","1003","900972567301988","default","2026-01-08 13:31:21","","2026-01-08 13:31:40","19","0","UNALLOCATED_NUMBER","5783e4e6-ff55-46d7-9fc5-c90df7494c4e","","1003","",""
"1003","1003","900421552302622","default","2026-01-08 13:31:21","","2026-01-08 13:31:40","19","0","UNALLOCATED_NUMBER","21f66f41-1922-4ca6-8490-777fbe77f206","","1003","",""
"1003","1003","900421552302622","default","2026-01-08 13:31:21","","2026-01-08 13:31:41","20","0","UNALLOCATED_NUMBER","b75fbb4d-fc21-43c9-a2f1-fd91c5a7d2db","","1003","",""
"1003","1003","900972567301988","default","2026-01-08 13:31:21","","2026-01-08 13:31:41","20","0","UNALLOCATED_NUMBER","f88a9355-de1f-46ef-b25f-ac53d24fecea","","1003","",""
"1003","1003","900421552302622","default","2026-01-08 13:31:22","","2026-01-08 13:31:41","19","0","UNALLOCATED_NUMBER","9c597e20-d373-450a-b9b5-b6bfcce7b11c","","1003","",""
"1003","1003","900972567301988","default","2026-01-08 13:31:22","","2026-01-08 13:31:42","20","0","UNALLOCATED_NUMBER","575d1d40-a62c-4ad0-b150-912767eddedd","","1003","",""
"1003","1003","000421552302622","default","2026-01-08 13:31:41","","2026-01-08 13:32:03","22","0","NORMAL_CLEARING","fb21bc87-b4e8-46fb-8552-5c3ff02e9d20","","1003","",""
"1003","1003","000972567301988","default","2026-01-08 13:31:41","","2026-01-08 13:32:03","22","0","NORMAL_CLEARING","0de3d836-7048-4b90-9542-3b12d5031c54","","1003","",""
"1003","1003","000421552302622","default","2026-01-08 13:31:42","","2026-01-08 13:32:04","22","0","NORMAL_CLEARING","d281b719-1d2b-411e-a467-256a26367d80","","1003","",""
"1003","1003","000421552302622","default","2026-01-08 13:31:43","","2026-01-08 13:32:04","21","0","NORMAL_CLEARING","d4308b4d-a1f0-48bb-9768-4c2605b021f3","","1003","",""
"1003","1003","000972567301988","default","2026-01-08 13:31:42","","2026-01-08 13:32:04","22","0","NORMAL_CLEARING","96aa010c-1587-46c4-8483-938d4efb6ced","","1003","",""
"1003","1003","000972567301988","default","2026-01-08 13:31:43","","2026-01-08 13:32:05","22","0","NORMAL_CLEARING","22acd02e-3002-4966-9c64-e6e916409938","","1003","",""
"1003","1003","000421552302622","default","2026-01-08 13:31:44","","2026-01-08 13:32:05","21","0","NORMAL_CLEARING","15e0f2bc-a722-4be9-8c71-00d9c29bceca","","1003","",""
"1003","1003","000421552302622","default","2026-01-08 13:31:44","","2026-01-08 13:32:05","21","0","NORMAL_CLEARING","33f7aac6-e7fc-4c73-9d68-b73da8f0c926","","1003","",""
"1003","1003","000972567301988","default","2026-01-08 13:31:44","","2026-01-08 13:32:05","21","0","NORMAL_CLEARING","b2e8386e-a32d-4fd0-a0f4-44d182ea2baf","","1003","",""
"1003","1003","000972567301988","default","2026-01-08 13:31:44","","2026-01-08 13:32:06","22","0","NORMAL_CLEARING","0207dc24-6d6c-4ecc-9615-20e06d84ec38","","1003","",""
"1003","1003","0000421552302622","default","2026-01-08 13:32:04","","2026-01-08 13:32:23","19","0","NORMAL_CLEARING","16cbf5ef-b07f-417f-8778-213fbe52fd70","","1003","",""
"1003","1003","0000972567301988","default","2026-01-08 13:32:04","","2026-01-08 13:32:23","19","0","NORMAL_CLEARING","f3b544df-5873-4428-a211-cd9c5e73bad0","","1003","",""
"1003","1003","0000972567301988","default","2026-01-08 13:32:04","","2026-01-08 13:32:23","19","0","NORMAL_CLEARING","d4aeea37-3d6f-4678-86f8-35bfe4e2dbf6","","1003","",""
"1003","1003","0000421552302622","default","2026-01-08 13:32:04","","2026-01-08 13:32:23","19","0","NORMAL_CLEARING","ea729e5b-4e17-4c98-ba31-46fee1809a95","","1003","",""
"1003","1003","0000421552302622","default","2026-01-08 13:32:05","","2026-01-08 13:32:24","19","0","NORMAL_CLEARING","f5cebca3-13bb-49e0-976d-816ef62776e6","","1003","",""
"1003","1003","0000972567301988","default","2026-01-08 13:32:05","","2026-01-08 13:32:24","19","0","NORMAL_CLEARING","26285abb-6243-4f03-ad15-0586c6c7d59d","","1003","",""
"1003","1003","0000972567301988","default","2026-01-08 13:32:06","","2026-01-08 13:32:24","18","0","NORMAL_CLEARING","f7071536-4eb0-4d73-b874-467ee996d389","","1003","",""
"1003","1003","0000421552302622","default","2026-01-08 13:32:07","","2026-01-08 13:32:24","17","0","NORMAL_CLEARING","0cd332db-801d-4da4-ab6e-ce3e31ba2823","","1003","",""
"1003","1003","0000972567301988","default","2026-01-08 13:32:07","","2026-01-08 13:32:25","18","0","NORMAL_CLEARING","877dd304-fde5-466c-b4db-108a238de530","","1003","",""
"1003","1003","0000421552302622","default","2026-01-08 13:32:06","","2026-01-08 13:32:25","19","0","NORMAL_CLEARING","f02f97a5-bf63-401d-9997-ad0d6e6d4887","","1003","",""
"1003","1003","9011972567301988","default","2026-01-08 13:32:48","","2026-01-08 13:33:02","14","0","NORMAL_CLEARING","a214b7bc-3c0c-4ba4-a9e4-479adf514d77","","1003","",""
"1003","1003","9011421552302622","default","2026-01-08 13:32:48","","2026-01-08 13:33:02","14","0","NORMAL_CLEARING","33857e26-f07a-46b9-b72c-36ad1db9edd4","","1003","",""
"1003","1003","9011972567301988","default","2026-01-08 13:32:49","","2026-01-08 13:33:03","14","0","NORMAL_CLEARING","dea475fc-9e82-4f9d-b988-556f427134d9","","1003","",""
"1003","1003","9011421552302622","default","2026-01-08 13:32:49","","2026-01-08 13:33:03","14","0","NORMAL_CLEARING","6b44647e-ddbd-44b9-827d-32305ea70236","","1003","",""
"1003","1003","9011421552302622","default","2026-01-08 13:32:50","","2026-01-08 13:33:04","14","0","NORMAL_CLEARING","f4f7ba75-8333-4f63-9bb1-e2a7081a5fdf","","1003","",""
"1003","1003","9011972567301988","default","2026-01-08 13:32:50","","2026-01-08 13:33:04","14","0","NORMAL_CLEARING","389b5763-d255-4adb-90d8-251fbfa02e2f","","1003","",""
"1003","1003","9011972567301988","default","2026-01-08 13:32:51","","2026-01-08 13:33:05","14","0","NORMAL_CLEARING","ef84dc22-a827-42d9-9f90-6f2f3162c272","","1003","",""
"1003","1003","9011421552302622","default","2026-01-08 13:32:51","","2026-01-08 13:33:05","14","0","NORMAL_CLEARING","93edbb5f-3ad4-4b7e-9c77-8c117e338a0f","","1003","",""
"1003","1003","9011421552302622","default","2026-01-08 13:32:51","","2026-01-08 13:33:05","14","0","NORMAL_CLEARING","0f3af004-a03e-4d49-8d2e-70ee21edf4ef","","1003","",""
"1003","1003","9011972567301988","default","2026-01-08 13:32:51","","2026-01-08 13:33:05","14","0","NORMAL_CLEARING","eb6e74d9-92b1-4d58-aace-a072703983cf","","1003","",""
"1003","1003","8011421552302622","default","2026-01-08 13:33:11","","2026-01-08 13:33:27","16","0","NORMAL_CLEARING","38b7b0b7-e843-42e1-bc81-595badc3cb41","","1003","",""
"1003","1003","8011972567301988","default","2026-01-08 13:33:11","","2026-01-08 13:33:27","16","0","NORMAL_CLEARING","326a6c4d-0d24-4eec-b4d1-0315b6585c42","","1003","",""
"1003","1003","8011972567301988","default","2026-01-08 13:33:11","","2026-01-08 13:33:27","16","0","NORMAL_CLEARING","306c060b-c861-4c7c-bb2d-9e0696ec62c2","","1003","",""
"1003","1003","8011421552302622","default","2026-01-08 13:33:11","","2026-01-08 13:33:27","16","0","NORMAL_CLEARING","02aa9d0c-9ccc-40a3-bbf2-226b21adb2e8","","1003","",""
"1003","1003","8011972567301988","default","2026-01-08 13:33:12","","2026-01-08 13:33:28","16","0","NORMAL_CLEARING","35290c1b-6f56-4457-8d29-637b60f554e4","","1003","",""
"1003","1003","8011421552302622","default","2026-01-08 13:33:12","","2026-01-08 13:33:29","17","0","NORMAL_CLEARING","47bb3663-ebbd-4624-8cd7-1b3bad50b0da","","1003","",""
"1003","1003","8011972567301988","default","2026-01-08 13:33:13","","2026-01-08 13:33:29","16","0","NORMAL_CLEARING","7dd9f420-32a8-4b91-9e5b-1a53d9231ae8","","1003","",""
"1003","1003","8011972567301988","default","2026-01-08 13:33:13","","2026-01-08 13:33:29","16","0","NORMAL_CLEARING","0d91973f-2977-4ceb-b803-0abbe4df4266","","1003","",""
"1003","1003","8011421552302622","default","2026-01-08 13:33:13","","2026-01-08 13:33:29","16","0","NORMAL_CLEARING","028b4f28-9f34-4c3c-b7db-e3035274b7d4","","1003","",""
"1003","1003","8011421552302622","default","2026-01-08 13:33:13","","2026-01-08 13:33:29","16","0","NORMAL_CLEARING","2a1bf511-584f-4d42-aad5-009e9f0ac1d9","","1003","",""
"1003","1003","011421552302622","default","2026-01-08 13:32:26","","2026-01-08 13:33:39","73","0","NORMAL_CLEARING","2af4bf5e-627a-44e6-9bc0-f44f8e9bf8d7","","1003","",""
"1003","1003","011972567301988","default","2026-01-08 13:32:26","","2026-01-08 13:33:39","73","0","NORMAL_CLEARING","44424f99-c700-451e-9c20-d52df160a85e","","1003","",""
"1003","1003","011421552302622","default","2026-01-08 13:32:27","","2026-01-08 13:33:40","73","0","NORMAL_CLEARING","2f3125e4-5509-4f7c-948e-302824813951","","1003","",""
"1003","1003","011972567301988","default","2026-01-08 13:32:27","","2026-01-08 13:33:40","73","0","NORMAL_CLEARING","67e62345-8f3f-4467-84ac-de760f827a15","","1003","",""
"1003","1003","011421552302622","default","2026-01-08 13:32:28","","2026-01-08 13:33:41","73","0","NORMAL_CLEARING","931c9ad5-64cc-47fe-8e47-9f2eb05528ae","","1003","",""
"1003","1003","011972567301988","default","2026-01-08 13:32:28","","2026-01-08 13:33:41","73","0","NORMAL_CLEARING","2abf5330-a8a8-4bbe-a380-1bdaecc55f94","","1003","",""
"1003","1003","011421552302622","default","2026-01-08 13:32:29","","2026-01-08 13:33:42","73","0","NORMAL_CLEARING","b89c1893-2236-462e-b972-08cde02ac440","","1003","",""
"1003","1003","011972567301988","default","2026-01-08 13:32:29","","2026-01-08 13:33:42","73","0","NORMAL_CLEARING","d8cba526-ea9a-4e05-9599-f01390dab9ea","","1003","",""
"1003","1003","011972567301988","default","2026-01-08 13:32:29","","2026-01-08 13:33:42","73","0","NORMAL_CLEARING","6a8c6029-e881-43b9-8497-e0b34c2b7c3f","","1003","",""
"1003","1003","011421552302622","default","2026-01-08 13:32:29","","2026-01-08 13:33:42","73","0","NORMAL_CLEARING","cd85996d-287b-46ce-b308-e9c6c3f97def","","1003","",""
"1003","1003","7011972567301988","default","2026-01-08 13:33:33","","2026-01-08 13:33:49","16","0","NORMAL_CLEARING","86f673f8-3441-4b4b-9047-e3e65d02c3aa","","1003","",""
"1003","1003","7011421552302622","default","2026-01-08 13:33:33","","2026-01-08 13:33:49","16","0","NORMAL_CLEARING","edbc67de-137f-49fe-acc4-8357635ec9be","","1003","",""
"1003","1003","7011972567301988","default","2026-01-08 13:33:34","","2026-01-08 13:33:50","16","0","NORMAL_CLEARING","7018db2e-1aa1-4236-9ac5-89a9e02ddfdf","","1003","",""
"1003","1003","7011421552302622","default","2026-01-08 13:33:34","","2026-01-08 13:33:50","16","0","NORMAL_CLEARING","7e8d386d-8860-4485-8cc2-8754a4b1d345","","1003","",""
"1003","1003","7011972567301988","default","2026-01-08 13:33:35","","2026-01-08 13:33:51","16","0","NORMAL_CLEARING","3551e9ca-94c1-4f52-823b-310595608da0","","1003","",""
"1003","1003","7011421552302622","default","2026-01-08 13:33:35","","2026-01-08 13:33:51","16","0","NORMAL_CLEARING","e82347a7-5c56-4049-ab47-11dc0ab22286","","1003","",""
"1003","1003","7011972567301988","default","2026-01-08 13:33:35","","2026-01-08 13:33:52","17","0","NORMAL_CLEARING","9b1ad6b1-2eb5-4fb1-945d-34f39adb04d4","","1003","",""
"1003","1003","7011421552302622","default","2026-01-08 13:33:35","","2026-01-08 13:33:52","17","0","NORMAL_CLEARING","cb24a552-f1fd-48ed-bf59-5879287a4943","","1003","",""
"1003","1003","7011421552302622","default","2026-01-08 13:33:35","","2026-01-08 13:33:53","18","0","NORMAL_CLEARING","f8d0c973-fe01-485d-94f4-72fdd5a31f2e","","1003","",""
"1003","1003","7011972567301988","default","2026-01-08 13:33:35","","2026-01-08 13:33:53","18","0","NORMAL_CLEARING","0ee4896d-8de4-4b90-9219-72099dbe4a37","","1003","",""
"1003","1003","0972567301988","default","2026-01-08 13:33:55","","2026-01-08 13:34:10","15","0","NORMAL_CLEARING","7ad2aa59-2cfe-42ea-83f6-7b8bbdff97fa","","1003","",""
"1003","1003","0421552302622","default","2026-01-08 13:33:55","","2026-01-08 13:34:10","15","0","NORMAL_CLEARING","3aa34301-100f-4f8b-bcee-8dc64a26f020","","1003","",""
"1003","1003","0972567301988","default","2026-01-08 13:33:56","","2026-01-08 13:34:10","14","0","NORMAL_CLEARING","fc199727-e1da-48be-afcd-c550b37a4971","","1003","",""
"1003","1003","0421552302622","default","2026-01-08 13:33:56","","2026-01-08 13:34:10","14","0","NORMAL_CLEARING","aeda8666-87bb-4a3e-964b-53a6754d8052","","1003","",""
"1003","1003","0421552302622","default","2026-01-08 13:33:57","","2026-01-08 13:34:11","14","0","NORMAL_CLEARING","02f7908f-a601-496d-b5b1-07ffc2a27567","","1003","",""
"1003","1003","0972567301988","default","2026-01-08 13:33:57","","2026-01-08 13:34:11","14","0","NORMAL_CLEARING","8a6fe08e-9542-4f09-8fd9-7d83578c420c","","1003","",""
"1003","1003","0421552302622","default","2026-01-08 13:33:58","","2026-01-08 13:34:11","13","0","NORMAL_CLEARING","14c8a233-fe64-46e0-bcfa-4373f8c518c4","","1003","",""
"1003","1003","0972567301988","default","2026-01-08 13:33:58","","2026-01-08 13:34:11","13","0","NORMAL_CLEARING","e27a318e-0a94-492f-a7be-dbef688a1c5f","","1003","",""
"1003","1003","0972567301988","default","2026-01-08 13:33:58","","2026-01-08 13:34:11","13","0","NORMAL_CLEARING","73ffab8a-da03-4465-a744-f45852ff0fae","","1003","",""
"1003","1003","0421552302622","default","2026-01-08 13:33:58","","2026-01-08 13:34:12","14","0","NORMAL_CLEARING","c91d5b54-95dc-4a69-863b-f03967fe5f01","","1003","",""
"1003","1003","810972567301988","default","2026-01-08 13:34:17","","2026-01-08 13:34:29","12","0","UNALLOCATED_NUMBER","58fd66af-f7f8-486e-944f-71ac642ec015","","1003","",""
"1003","1003","810421552302622","default","2026-01-08 13:34:17","","2026-01-08 13:34:29","12","0","UNALLOCATED_NUMBER","4e89e2a4-326d-489d-8458-6a7c21220d5e","","1003","",""
"1003","1003","810421552302622","default","2026-01-08 13:34:18","","2026-01-08 13:34:30","12","0","UNALLOCATED_NUMBER","f23d0a50-043c-41d8-aee3-995c16f13f6d","","1003","",""
"1003","1003","810972567301988","default","2026-01-08 13:34:18","","2026-01-08 13:34:30","12","0","UNALLOCATED_NUMBER","965b566e-cb6b-451a-b293-b5d19de9d4af","","1003","",""
"1003","1003","810421552302622","default","2026-01-08 13:34:19","","2026-01-08 13:34:31","12","0","UNALLOCATED_NUMBER","9848e1c0-c3d1-4033-b949-b6e1e99f018a","","1003","",""
"1003","1003","810972567301988","default","2026-01-08 13:34:19","","2026-01-08 13:34:31","12","0","UNALLOCATED_NUMBER","96a9b431-58a3-41b8-b066-0f67127b0bd5","","1003","",""
"1003","1003","810421552302622","default","2026-01-08 13:34:20","","2026-01-08 13:34:32","12","0","UNALLOCATED_NUMBER","d1453a82-0804-406e-a9e8-cbe43544c855","","1003","",""
"1003","1003","810972567301988","default","2026-01-08 13:34:20","","2026-01-08 13:34:32","12","0","UNALLOCATED_NUMBER","80c4f2ab-d63b-4709-bbff-9e3e1c0f295d","","1003","",""
"1003","1003","810972567301988","default","2026-01-08 13:34:20","","2026-01-08 13:34:32","12","0","UNALLOCATED_NUMBER","419ef20b-11b8-457c-8ffe-cac23b373186","","1003","",""
"1003","1003","810421552302622","default","2026-01-08 13:34:20","","2026-01-08 13:34:32","12","0","UNALLOCATED_NUMBER","b18ecc16-6d75-4238-af07-6136d37edeb9","","1003","",""
"1003","1003","9810421552302622","default","2026-01-08 13:34:40","","2026-01-08 13:34:51","11","0","NORMAL_CLEARING","21ba76b9-beca-4b06-bcb7-08a88167e465","","1003","",""
"1003","1003","9810972567301988","default","2026-01-08 13:34:40","","2026-01-08 13:34:51","11","0","NORMAL_CLEARING","26a49c6d-832a-435c-93f0-9d7a01224d97","","1003","",""
"1003","1003","9810421552302622","default","2026-01-08 13:34:40","","2026-01-08 13:34:52","12","0","NORMAL_CLEARING","ee62ffe9-b47a-4d69-a22d-e2d8da0df328","","1003","",""
"1003","1003","9810972567301988","default","2026-01-08 13:34:40","","2026-01-08 13:34:52","12","0","NORMAL_CLEARING","b4c5c16f-5f37-4095-b92a-c7e9d24aa202","","1003","",""
"1003","1003","9810421552302622","default","2026-01-08 13:34:41","","2026-01-08 13:34:53","12","0","NORMAL_CLEARING","890a92d0-e26c-40f6-81e1-f9a7504a7de7","","1003","",""
"1003","1003","9810972567301988","default","2026-01-08 13:34:41","","2026-01-08 13:34:53","12","0","NORMAL_CLEARING","16d12873-ac2a-4e18-83b9-28b8dae3a225","","1003","",""
"1003","1003","9810421552302622","default","2026-01-08 13:34:42","","2026-01-08 13:34:54","12","0","NORMAL_CLEARING","f00bee61-da43-4151-8336-9680d0b73690","","1003","",""
"1003","1003","9810972567301988","default","2026-01-08 13:34:42","","2026-01-08 13:34:54","12","0","NORMAL_CLEARING","c60ca536-0720-4415-a131-41448e8b603d","","1003","",""
"1003","1003","9810972567301988","default","2026-01-08 13:34:42","","2026-01-08 13:34:54","12","0","NORMAL_CLEARING","2f1c94c0-49e9-41d9-a83b-f4137cbd7fbe","","1003","",""
"1003","1003","9810421552302622","default","2026-01-08 13:34:42","","2026-01-08 13:34:54","12","0","NORMAL_CLEARING","00a7d77b-d48f-4c2f-be87-ac1275101a7a","","1003","",""
"1003","1003","1810972567301988","default","2026-01-08 13:35:02","","2026-01-08 13:35:13","11","0","NORMAL_CLEARING","2228e726-c941-4407-b816-3e2ac3d06589","","1003","",""
"1003","1003","1810421552302622","default","2026-01-08 13:35:02","","2026-01-08 13:35:13","11","0","NORMAL_CLEARING","d130f948-1791-408d-9463-e354320dabc0","","1003","",""
"1003","1003","1810421552302622","default","2026-01-08 13:35:03","","2026-01-08 13:35:14","11","0","NORMAL_CLEARING","a1fe04c7-70ce-4ff1-a9c7-d46922ba76a7","","1003","",""
"1003","1003","1810972567301988","default","2026-01-08 13:35:03","","2026-01-08 13:35:14","11","0","NORMAL_CLEARING","12195faa-7fb3-4d65-ae36-eb603d18bffe","","1003","",""
"1003","1003","1810972567301988","default","2026-01-08 13:35:04","","2026-01-08 13:35:15","11","0","NORMAL_CLEARING","db29ca26-f6dd-4ac0-b3f6-165998101f21","","1003","",""
"1003","1003","1810421552302622","default","2026-01-08 13:35:04","","2026-01-08 13:35:15","11","0","NORMAL_CLEARING","58731417-10be-4851-9225-f773bb352307","","1003","",""
"1003","1003","1810972567301988","default","2026-01-08 13:35:04","","2026-01-08 13:35:15","11","0","NORMAL_CLEARING","4ddcc703-8b99-401a-8360-056c3d90e309","","1003","",""
"1003","1003","1810421552302622","default","2026-01-08 13:35:04","","2026-01-08 13:35:15","11","0","NORMAL_CLEARING","1c9b0f50-5d70-4418-b2cc-a96d544c546a","","1003","",""
"1003","1003","1810421552302622","default","2026-01-08 13:35:05","","2026-01-08 13:35:15","10","0","NORMAL_CLEARING","c100a2bf-3c0a-4024-ae6f-8dfae82b9bf5","","1003","",""
"1003","1003","1810972567301988","default","2026-01-08 13:35:04","","2026-01-08 13:35:15","11","0","NORMAL_CLEARING","eda18aa2-a310-47b0-b7fa-a9f237da3117","","1003","",""
"1003","1003","800972567301988","default","2026-01-08 13:35:24","","2026-01-08 13:35:36","12","0","UNALLOCATED_NUMBER","cb19b3d9-3bc5-4063-adcc-6c1fd3ea730d","","1003","",""
"1003","1003","800421552302622","default","2026-01-08 13:35:24","","2026-01-08 13:35:36","12","0","UNALLOCATED_NUMBER","d3526e8f-59db-4408-a990-a7812296e82c","","1003","",""
"1003","1003","800421552302622","default","2026-01-08 13:35:25","","2026-01-08 13:35:37","12","0","UNALLOCATED_NUMBER","5dcc4197-7d83-45d3-851d-3dd55aff24ff","","1003","",""
"1003","1003","800972567301988","default","2026-01-08 13:35:25","","2026-01-08 13:35:37","12","0","UNALLOCATED_NUMBER","428b7853-b589-4d1c-9064-47238451383d","","1003","",""
"1003","1003","800972567301988","default","2026-01-08 13:35:26","","2026-01-08 13:35:39","13","0","UNALLOCATED_NUMBER","d3fb24f3-f981-4cfa-95a3-7f442f2e7b96","","1003","",""
"1003","1003","800421552302622","default","2026-01-08 13:35:26","","2026-01-08 13:35:39","13","0","UNALLOCATED_NUMBER","6b066788-2fa7-45cf-89f1-9ac1a0458138","","1003","",""
"1003","1003","800421552302622","default","2026-01-08 13:35:27","","2026-01-08 13:35:40","13","0","UNALLOCATED_NUMBER","0f7f9d1d-f985-4831-9e8f-6fce1250efdc","","1003","",""
"1003","1003","800972567301988","default","2026-01-08 13:35:27","","2026-01-08 13:35:40","13","0","UNALLOCATED_NUMBER","9ef123fd-9550-4154-a639-828c65068f0c","","1003","",""
"1003","1003","800972567301988","default","2026-01-08 13:35:27","","2026-01-08 13:35:40","13","0","UNALLOCATED_NUMBER","5d2bfb21-fb24-40b8-9d17-497433e68e7a","","1003","",""
"1003","1003","800421552302622","default","2026-01-08 13:35:27","","2026-01-08 13:35:40","13","0","UNALLOCATED_NUMBER","8feb0c4d-ff11-4b31-af51-c3e529d063a3","","1003","",""
"1003","1003","700421552302622","default","2026-01-08 13:35:46","","2026-01-08 13:36:04","18","0","UNALLOCATED_NUMBER","acfdb09d-e029-4aec-b4e1-2d353d307d71","","1003","",""
"1003","1003","700972567301988","default","2026-01-08 13:35:46","","2026-01-08 13:36:04","18","0","UNALLOCATED_NUMBER","6ea881c4-b482-423d-9525-a4f0c8ed796d","","1003","",""
"1003","1003","700972567301988","default","2026-01-08 13:35:47","","2026-01-08 13:36:04","17","0","UNALLOCATED_NUMBER","4943a9e6-4121-4588-9fba-6fd957ffe869","","1003","",""
"1003","1003","700421552302622","default","2026-01-08 13:35:47","","2026-01-08 13:36:05","18","0","UNALLOCATED_NUMBER","027bdbe7-c0c2-413a-bfb6-b1584a02faf7","","1003","",""
"1003","1003","700421552302622","default","2026-01-08 13:35:48","","2026-01-08 13:36:06","18","0","UNALLOCATED_NUMBER","5cbc9509-1805-4587-9880-ae616a8fd357","","1003","",""
"1003","1003","700972567301988","default","2026-01-08 13:35:48","","2026-01-08 13:36:06","18","0","UNALLOCATED_NUMBER","40e27c99-6d32-4215-b06e-9308f737c89e","","1003","",""
"1003","1003","700972567301988","default","2026-01-08 13:35:49","","2026-01-08 13:36:06","17","0","UNALLOCATED_NUMBER","52c8d6c0-7e20-496c-91b2-61e67b4e3da1","","1003","",""
"1003","1003","700972567301988","default","2026-01-08 13:35:49","","2026-01-08 13:36:07","18","0","UNALLOCATED_NUMBER","164f2e3d-fbd4-4a91-9467-9110d430f8e7","","1003","",""
"1003","1003","700421552302622","default","2026-01-08 13:35:49","","2026-01-08 13:36:07","18","0","UNALLOCATED_NUMBER","b215f199-7760-414b-a951-b3cda1d7d452","","1003","",""
"1003","1003","700421552302622","default","2026-01-08 13:35:49","","2026-01-08 13:36:07","18","0","UNALLOCATED_NUMBER","3425cc60-d625-474f-9348-5f0791614c10","","1003","",""
"1003","1003","001421552302622","default","2026-01-08 13:36:09","","2026-01-08 13:36:25","16","0","NORMAL_CLEARING","636266d2-71e1-405e-8fe1-e07755ebc665","","1003","",""
"1003","1003","001972567301988","default","2026-01-08 13:36:09","","2026-01-08 13:36:25","16","0","NORMAL_CLEARING","373d98da-f284-4520-9f7d-914d8fe9b7ba","","1003","",""
"1003","1003","001421552302622","default","2026-01-08 13:36:09","","2026-01-08 13:36:25","16","0","NORMAL_CLEARING","86d37803-53f6-47ca-92a6-b2a9a32d2c78","","1003","",""
"1003","1003","001972567301988","default","2026-01-08 13:36:09","","2026-01-08 13:36:25","16","0","NORMAL_CLEARING","0d4223a4-52bc-4c8b-8959-2a2fd230ed1a","","1003","",""
"1003","1003","001972567301988","default","2026-01-08 13:36:09","","2026-01-08 13:36:25","16","0","NORMAL_CLEARING","fa673aed-f2d9-428a-901e-5f290c52243c","","1003","",""
"1003","1003","001421552302622","default","2026-01-08 13:36:09","","2026-01-08 13:36:25","16","0","NORMAL_CLEARING","acc2b20a-9f40-49c0-a31a-fc61c847d122","","1003","",""
"1003","1003","001421552302622","default","2026-01-08 13:36:11","","2026-01-08 13:36:27","16","0","NORMAL_CLEARING","775ee531-f27f-4f1d-ab58-8ff512f6326a","","1003","",""
"1003","1003","001421552302622","default","2026-01-08 13:36:11","","2026-01-08 13:36:27","16","0","NORMAL_CLEARING","c9b406c5-c6a9-4c91-b587-4d9df3afbbf4","","1003","",""
"1003","1003","001972567301988","default","2026-01-08 13:36:11","","2026-01-08 13:36:27","16","0","NORMAL_CLEARING","7bd65dd6-10ca-4bd5-ad60-fed096c3f1ed","","1003","",""
"1003","1003","001972567301988","default","2026-01-08 13:36:11","","2026-01-08 13:36:27","16","0","NORMAL_CLEARING","481eb6d1-ebce-4cfa-a6d6-701f52cb02c8","","1003","",""
"1003","1003","010972567301988","default","2026-01-08 13:36:30","","2026-01-08 13:36:44","14","0","NORMAL_CLEARING","5aa3d369-b0bb-4e3d-97df-a38ed04c310f","","1003","",""
"1003","1003","010421552302622","default","2026-01-08 13:36:30","","2026-01-08 13:36:44","14","0","NORMAL_CLEARING","9f32d295-5869-49c5-ba09-19071a2af196","","1003","",""
"1003","1003","010421552302622","default","2026-01-08 13:36:31","","2026-01-08 13:36:46","15","0","NORMAL_CLEARING","3421a2a7-4e11-4e87-b614-27cc818e9eb2","","1003","",""
"1003","1003","010972567301988","default","2026-01-08 13:36:31","","2026-01-08 13:36:46","15","0","NORMAL_CLEARING","207ba467-730e-440e-a8bf-da9e30ed5fcc","","1003","",""
"1003","1003","010972567301988","default","2026-01-08 13:36:31","","2026-01-08 13:36:46","15","0","NORMAL_CLEARING","6ac6abea-f4f6-43b8-933f-37e6f839eac5","","1003","",""
"1003","1003","010421552302622","default","2026-01-08 13:36:31","","2026-01-08 13:36:46","15","0","NORMAL_CLEARING","028ce70f-7885-4b8a-8685-ccac39565ed7","","1003","",""
"1003","1003","010972567301988","default","2026-01-08 13:36:33","","2026-01-08 13:36:47","14","0","NORMAL_CLEARING","49c56658-bcb6-48d3-908f-ef34315759ba","","1003","",""
"1003","1003","010421552302622","default","2026-01-08 13:36:33","","2026-01-08 13:36:47","14","0","NORMAL_CLEARING","1e5d8d6b-aa28-4f40-b253-3e2cfba46170","","1003","",""
"1003","1003","010972567301988","default","2026-01-08 13:36:33","","2026-01-08 13:36:47","14","0","NORMAL_CLEARING","1c25b83d-d955-4e2c-b3d8-552b7c6001a0","","1003","",""
"1003","1003","010421552302622","default","2026-01-08 13:36:33","","2026-01-08 13:36:47","14","0","NORMAL_CLEARING","40719503-2111-406b-a7f4-2f2e62525543","","1003","",""
"1003","1003","002421552302622","default","2026-01-08 13:36:52","","2026-01-08 13:37:06","14","0","NORMAL_CLEARING","ea927e7b-9677-4bb3-9eb5-92e7dacf0b6c","","1003","",""
"1003","1003","002972567301988","default","2026-01-08 13:36:52","","2026-01-08 13:37:07","15","0","NORMAL_CLEARING","43a295ee-1f06-43b1-8c89-dbbd730afd7f","","1003","",""
"1003","1003","002421552302622","default","2026-01-08 13:36:53","","2026-01-08 13:37:08","15","0","NORMAL_CLEARING","9887376b-4ba0-492c-821f-a4a7593e303a","","1003","",""
"1003","1003","002421552302622","default","2026-01-08 13:36:53","","2026-01-08 13:37:08","15","0","NORMAL_CLEARING","e856b57c-542f-45d8-9592-585dc90c9a8c","","1003","",""
"1003","1003","002972567301988","default","2026-01-08 13:36:53","","2026-01-08 13:37:08","15","0","NORMAL_CLEARING","2b9aca36-3587-4380-8b45-69d1898a19fe","","1003","",""
"1003","1003","002972567301988","default","2026-01-08 13:36:53","","2026-01-08 13:37:08","15","0","NORMAL_CLEARING","bdc483ff-b13f-4f0c-b02d-168ef4506980","","1003","",""
"1003","1003","002421552302622","default","2026-01-08 13:36:55","","2026-01-08 13:37:10","15","0","NORMAL_CLEARING","768f96c9-3b04-4a67-a6d1-2a41d3a1d3fa","","1003","",""
"1003","1003","002421552302622","default","2026-01-08 13:36:55","","2026-01-08 13:37:10","15","0","NORMAL_CLEARING","bef4b46c-fb08-4c3c-831a-180eb782b72b","","1003","",""
"1003","1003","002972567301988","default","2026-01-08 13:36:55","","2026-01-08 13:37:10","15","0","NORMAL_CLEARING","99c8eca3-0305-4b12-815f-dbcd303b043d","","1003","",""
"1003","1003","002972567301988","default","2026-01-08 13:36:55","","2026-01-08 13:37:10","15","0","NORMAL_CLEARING","82b53a28-4ef3-471f-b4bb-4f2b5cb49f12","","1003","",""
"1003","1003","8~10421552302622","default","2026-01-08 13:37:14","","2026-01-08 13:37:32","18","0","NORMAL_CLEARING","9d4bff9d-fd15-47b9-b892-9396563fa352","","1003","",""
"1003","1003","8~10972567301988","default","2026-01-08 13:37:14","","2026-01-08 13:37:32","18","0","NORMAL_CLEARING","553f6f7e-afef-4866-b4ec-f3a75fe4956b","","1003","",""
"1003","1003","8~10972567301988","default","2026-01-08 13:37:15","","2026-01-08 13:37:33","18","0","NORMAL_CLEARING","010d685e-5918-42e5-ba58-b22ea98d080e","","1003","",""
"1003","1003","8~10421552302622","default","2026-01-08 13:37:15","","2026-01-08 13:37:33","18","0","NORMAL_CLEARING","eaa7725a-744e-4b5f-86c7-0c028d8b9edc","","1003","",""
"1003","1003","8~10421552302622","default","2026-01-08 13:37:16","","2026-01-08 13:37:33","17","0","NORMAL_CLEARING","026a8e0d-8577-4d5f-ad8f-b349de5dcf16","","1003","",""
"1003","1003","8~10972567301988","default","2026-01-08 13:37:16","","2026-01-08 13:37:34","18","0","NORMAL_CLEARING","60a3950a-ebe7-4d28-8086-5dfd323ed9d8","","1003","",""
"1003","1003","8~10972567301988","default","2026-01-08 13:37:17","","2026-01-08 13:37:35","18","0","NORMAL_CLEARING","98a86904-d295-4005-84fe-ca74f393a1d7","","1003","",""
"1003","1003","8~10972567301988","default","2026-01-08 13:37:17","","2026-01-08 13:37:34","17","0","NORMAL_CLEARING","bfb187f0-bf04-4afe-be60-2cfacd9c5289","","1003","",""
"1003","1003","8~10421552302622","default","2026-01-08 13:37:17","","2026-01-08 13:37:35","18","0","NORMAL_CLEARING","29ea3952-11d5-44e4-ac6e-def3d8f58472","","1003","",""
"1003","1003","8~10421552302622","default","2026-01-08 13:37:17","","2026-01-08 13:37:35","18","0","NORMAL_CLEARING","86ab19d6-940b-4afe-9755-379b364ee85d","","1003","",""
"1003","1003","0.0-421552302622","default","2026-01-08 13:37:37","","2026-01-08 13:37:52","15","0","NORMAL_CLEARING","bdbb6ff1-b31e-4214-82db-5501aa1a1a5c","","1003","",""
"1003","1003","0.0-972567301988","default","2026-01-08 13:37:37","","2026-01-08 13:37:52","15","0","NORMAL_CLEARING","b9e7f4ce-8c33-4f4d-8fb6-17b34d1ccab1","","1003","",""
"1003","1003","0.0-421552302622","default","2026-01-08 13:37:38","","2026-01-08 13:37:53","15","0","NORMAL_CLEARING","5d6ed714-0f49-44ca-af78-7455293b65ce","","1003","",""
"1003","1003","0.0-972567301988","default","2026-01-08 13:37:38","","2026-01-08 13:37:53","15","0","NORMAL_CLEARING","31c0840d-8a8a-4a71-a380-b77787880992","","1003","",""
"1003","1003","0.0-972567301988","default","2026-01-08 13:37:38","","2026-01-08 13:37:53","15","0","NORMAL_CLEARING","2ca4ee0d-6d10-4c65-9f73-bcf007c3ee16","","1003","",""
"1003","1003","0.0-421552302622","default","2026-01-08 13:37:38","","2026-01-08 13:37:53","15","0","NORMAL_CLEARING","ed04aba3-43ee-4a6f-9ae2-638b95307bf0","","1003","",""
"1003","1003","0.0-972567301988","default","2026-01-08 13:37:40","","2026-01-08 13:37:54","14","0","NORMAL_CLEARING","1a785f08-6451-465b-a0be-c7164f0b00bd","","1003","",""
"1003","1003","0.0-421552302622","default","2026-01-08 13:37:40","","2026-01-08 13:37:54","14","0","NORMAL_CLEARING","ec9cb556-b933-4b91-9b24-044e11a2620b","","1003","",""
"1003","1003","0.0-421552302622","default","2026-01-08 13:37:40","","2026-01-08 13:37:54","14","0","NORMAL_CLEARING","cbd39571-50c9-41e6-bce3-7eb17f883d62","","1003","",""
"1003","1003","0.0-972567301988","default","2026-01-08 13:37:40","","2026-01-08 13:37:54","14","0","NORMAL_CLEARING","b211c942-918e-4f5b-86ad-21ed5a70d555","","1003","",""
"1003","1003","0.0.421552302622","default","2026-01-08 13:37:59","","2026-01-08 13:38:12","13","0","NORMAL_CLEARING","eb93ff77-d12c-4d53-b7d1-cdad4fd66dee","","1003","",""
"1003","1003","0.0.972567301988","default","2026-01-08 13:37:59","","2026-01-08 13:38:12","13","0","NORMAL_CLEARING","3a8d0328-6fac-4785-8ed5-4d263be1e025","","1003","",""
"1003","1003","0.0.972567301988","default","2026-01-08 13:38:01","","2026-01-08 13:38:13","12","0","NORMAL_CLEARING","554da637-0f33-4ada-adfb-41cc6ac87e21","","1003","",""
"1003","1003","0.0.421552302622","default","2026-01-08 13:38:00","","2026-01-08 13:38:13","13","0","NORMAL_CLEARING","9b032b18-e01d-4eba-8a21-6a51169a61e2","","1003","",""
"1003","1003","0.0.972567301988","default","2026-01-08 13:38:00","","2026-01-08 13:38:13","13","0","NORMAL_CLEARING","d47d7661-e4a9-437a-a31f-1710fb266b9e","","1003","",""
"1003","1003","0.0.421552302622","default","2026-01-08 13:38:01","","2026-01-08 13:38:13","12","0","NORMAL_CLEARING","aebdf8e1-bbf1-4587-a3cf-53cce2ab4f06","","1003","",""
"1003","1003","0.0.421552302622","default","2026-01-08 13:38:02","","2026-01-08 13:38:15","13","0","NORMAL_CLEARING","5bc58426-c8c9-4c0e-85ea-d50cd106a044","","1003","",""
"1003","1003","0.0.421552302622","default","2026-01-08 13:38:02","","2026-01-08 13:38:15","13","0","NORMAL_CLEARING","723ec4ac-74a7-4a00-86d3-27aa4f1aa10e","","1003","",""
"1003","1003","0.0.972567301988","default","2026-01-08 13:38:02","","2026-01-08 13:38:15","13","0","NORMAL_CLEARING","893a273b-fc9e-43a5-99ba-ca197ca036d0","","1003","",""
"1003","1003","0.0.972567301988","default","2026-01-08 13:38:02","","2026-01-08 13:38:15","13","0","NORMAL_CLEARING","ac131aea-6970-4037-a83d-38f1d682fb53","","1003","",""
"1003","1003","-00972567301988","default","2026-01-08 13:38:21","","2026-01-08 13:38:33","12","0","NORMAL_CLEARING","850bc709-05f0-4dc2-a0ee-5e282181cf43","","1003","",""
"1003","1003","-00421552302622","default","2026-01-08 13:38:21","","2026-01-08 13:38:33","12","0","NORMAL_CLEARING","c207f7cf-e43e-4fdf-9b4f-8dd1bc6d29cb","","1003","",""
"1003","1003","-00421552302622","default","2026-01-08 13:38:23","","2026-01-08 13:38:35","12","0","NORMAL_CLEARING","e1064581-d442-45f7-adb8-ff2eafb53469","","1003","",""
"1003","1003","-00972567301988","default","2026-01-08 13:38:23","","2026-01-08 13:38:35","12","0","NORMAL_CLEARING","000b6689-5ad4-4e2f-b66b-9d9d7f3c70a7","","1003","",""
"1003","1003","-00972567301988","default","2026-01-08 13:38:23","","2026-01-08 13:38:35","12","0","NORMAL_CLEARING","e5d2ace8-fd80-4d89-88de-9105532f3138","","1003","",""
"1003","1003","-00421552302622","default","2026-01-08 13:38:23","","2026-01-08 13:38:35","12","0","NORMAL_CLEARING","bcf7b14a-84ad-4546-902d-ec485009dd8b","","1003","",""
"1003","1003","-00421552302622","default","2026-01-08 13:38:24","","2026-01-08 13:38:36","12","0","NORMAL_CLEARING","9089f26f-c879-44fd-b185-4a0e6d48f79d","","1003","",""
"1003","1003","-00421552302622","default","2026-01-08 13:38:24","","2026-01-08 13:38:36","12","0","NORMAL_CLEARING","611962b6-c5fe-4edf-b343-35a78ca93f37","","1003","",""
"1003","1003","-00972567301988","default","2026-01-08 13:38:24","","2026-01-08 13:38:36","12","0","NORMAL_CLEARING","9b9f1afd-5f58-4b21-a792-6dd7ddaa30ea","","1003","",""
"1003","1003","-00972567301988","default","2026-01-08 13:38:24","","2026-01-08 13:38:36","12","0","NORMAL_CLEARING","38fc3dc6-cb89-45ce-9396-5a2f186cc4a9","","1003","",""
"1003","1003","90900972567301988","default","2026-01-08 13:38:44","","2026-01-08 13:38:56","12","0","NORMAL_CLEARING","8b375e52-23db-446b-9860-cb2a86c5defb","","1003","",""
"1003","1003","90900421552302622","default","2026-01-08 13:38:44","","2026-01-08 13:38:56","12","0","NORMAL_CLEARING","b871a14f-b1cd-485b-a370-5fd3a18b967e","","1003","",""
"1003","1003","90900421552302622","default","2026-01-08 13:38:45","","2026-01-08 13:38:57","12","0","NORMAL_CLEARING","56ca78af-aa2c-4adb-ba69-cc80076441f7","","1003","",""
"1003","1003","90900972567301988","default","2026-01-08 13:38:45","","2026-01-08 13:38:57","12","0","NORMAL_CLEARING","5bbd05c3-0fbd-4be6-b9b7-9004a6da17d1","","1003","",""
"1003","1003","90900972567301988","default","2026-01-08 13:38:45","","2026-01-08 13:38:57","12","0","NORMAL_CLEARING","ed1cb353-c510-4dde-8549-8ecb17b8d259","","1003","",""
"1003","1003","90900421552302622","default","2026-01-08 13:38:45","","2026-01-08 13:38:58","13","0","NORMAL_CLEARING","9522628e-ef32-4773-9301-8ec770c9a124","","1003","",""
"1003","1003","90900972567301988","default","2026-01-08 13:38:46","","2026-01-08 13:38:59","13","0","NORMAL_CLEARING","c2d2ad2a-b47c-4e26-880c-e41268d27230","","1003","",""
"1003","1003","90900421552302622","default","2026-01-08 13:38:46","","2026-01-08 13:38:59","13","0","NORMAL_CLEARING","6128192e-4dff-43d1-b39a-9dd862f3efeb","","1003","",""
"1003","1003","90900421552302622","default","2026-01-08 13:38:46","","2026-01-08 13:38:59","13","0","NORMAL_CLEARING","42fe1a41-a4a0-4190-8db5-68225f7e93f3","","1003","",""
"1003","1003","90900972567301988","default","2026-01-08 13:38:46","","2026-01-08 13:38:59","13","0","NORMAL_CLEARING","52abf62d-617d-41e6-af9b-2210ec8809e6","","1003","",""
"1003","1003","909000972567301988","default","2026-01-08 13:39:06","","2026-01-08 13:39:18","12","0","NORMAL_CLEARING","fe3fc2b9-566d-40f6-b833-541f69ed5104","","1003","",""
"1003","1003","909000421552302622","default","2026-01-08 13:39:06","","2026-01-08 13:39:18","12","0","NORMAL_CLEARING","fe5146b4-3d8a-4e9e-a3c4-f7f93519582e","","1003","",""
"1003","1003","909000421552302622","default","2026-01-08 13:39:07","","2026-01-08 13:39:19","12","0","NORMAL_CLEARING","96556c93-d71f-4b66-b3ec-18a4b1ff929d","","1003","",""
"1003","1003","909000972567301988","default","2026-01-08 13:39:07","","2026-01-08 13:39:19","12","0","NORMAL_CLEARING","02389678-2c31-4865-ae85-40d02ca0aa80","","1003","",""
"1003","1003","909000421552302622","default","2026-01-08 13:39:07","","2026-01-08 13:39:20","13","0","NORMAL_CLEARING","6a6de5a5-845e-452b-a30b-be7aa74e9a43","","1003","",""
"1003","1003","909000972567301988","default","2026-01-08 13:39:07","","2026-01-08 13:39:20","13","0","NORMAL_CLEARING","a22315c4-1c34-48f7-a6c0-01f53e651617","","1003","",""
"1003","1003","909000972567301988","default","2026-01-08 13:39:08","","2026-01-08 13:39:21","13","0","NORMAL_CLEARING","9000732c-2d51-4183-b490-70867e39daa4","","1003","",""
"1003","1003","909000421552302622","default","2026-01-08 13:39:08","","2026-01-08 13:39:21","13","0","NORMAL_CLEARING","f21ba5df-df71-42ba-aee2-84d191d4d323","","1003","",""
"1003","1003","909000421552302622","default","2026-01-08 13:39:09","","2026-01-08 13:39:21","12","0","NORMAL_CLEARING","c39e73a9-61d6-4008-bfd5-33ebe1c19ed7","","1003","",""
"1003","1003","909000972567301988","default","2026-01-08 13:39:09","","2026-01-08 13:39:21","12","0","NORMAL_CLEARING","674402bf-9195-45ab-adff-6b9b0a9026d6","","1003","",""
"1003","1003","00000972567301988","default","2026-01-08 13:39:28","","2026-01-08 13:39:41","13","0","NORMAL_CLEARING","6cd1e423-1bad-4eee-984b-5c994bf58679","","1003","",""
"1003","1003","00000421552302622","default","2026-01-08 13:39:28","","2026-01-08 13:39:41","13","0","NORMAL_CLEARING","3bd7a66d-cc2f-4ccb-a3ac-d397da302e25","","1003","",""
"1003","1003","00000972567301988","default","2026-01-08 13:39:29","","2026-01-08 13:39:42","13","0","NORMAL_CLEARING","d91a52a7-793c-49ed-bf92-9670183f956a","","1003","",""
"1003","1003","00000421552302622","default","2026-01-08 13:39:29","","2026-01-08 13:39:42","13","0","NORMAL_CLEARING","5695497a-e5b9-4dbf-975d-b585290641b4","","1003","",""
"1003","1003","00000421552302622","default","2026-01-08 13:39:30","","2026-01-08 13:39:43","13","0","NORMAL_CLEARING","fd94a550-85ef-423f-ab47-ff3f794793d8","","1003","",""
"1003","1003","00000972567301988","default","2026-01-08 13:39:30","","2026-01-08 13:39:43","13","0","NORMAL_CLEARING","578bb877-b9cb-4461-9279-a01e17479257","","1003","",""
"1003","1003","00000421552302622","default","2026-01-08 13:39:31","","2026-01-08 13:39:44","13","0","NORMAL_CLEARING","dc0a38f6-b8ce-4f67-a617-fc187deae574","","1003","",""
"1003","1003","00000972567301988","default","2026-01-08 13:39:31","","2026-01-08 13:39:44","13","0","NORMAL_CLEARING","6d213534-0512-4b4e-bbff-16626ca91f2e","","1003","",""
"1003","1003","00000421552302622","default","2026-01-08 13:39:31","","2026-01-08 13:39:44","13","0","NORMAL_CLEARING","8aa14cef-6adb-4c08-ab21-0835b76d8ded","","1003","",""
"1003","1003","00000972567301988","default","2026-01-08 13:39:31","","2026-01-08 13:39:44","13","0","NORMAL_CLEARING","75021663-f3d4-4507-b5a7-6e402a468191","","1003","",""
"1003","1003","0190972567301988","default","2026-01-08 13:39:50","","2026-01-08 13:40:04","14","0","NORMAL_CLEARING","2cd23101-4087-4bd8-a624-9d436d99cbd6","","1003","",""
"1003","1003","0190421552302622","default","2026-01-08 13:39:50","","2026-01-08 13:40:04","14","0","NORMAL_CLEARING","54151396-7de1-48e8-810c-4dd4b212d7a0","","1003","",""
"1003","1003","0190972567301988","default","2026-01-08 13:39:52","","2026-01-08 13:40:05","13","0","NORMAL_CLEARING","3f93a134-4659-496b-8ec4-7af1d07f9671","","1003","",""
"1003","1003","0190421552302622","default","2026-01-08 13:39:52","","2026-01-08 13:40:05","13","0","NORMAL_CLEARING","2c612ed3-66bb-4073-b25a-b8672d82229d","","1003","",""
"1003","1003","0190421552302622","default","2026-01-08 13:39:52","","2026-01-08 13:40:05","13","0","NORMAL_CLEARING","8cf7a0c5-ad81-4ee9-ac7a-d2fd276ad3d7","","1003","",""
"1003","1003","0190972567301988","default","2026-01-08 13:39:52","","2026-01-08 13:40:06","14","0","NORMAL_CLEARING","4a51fbe9-4f0b-44a5-bfd3-ac483b7e5b13","","1003","",""
"1003","1003","0190972567301988","default","2026-01-08 13:39:53","","2026-01-08 13:40:06","13","0","NORMAL_CLEARING","2cb8f453-00f6-438e-93cc-a881f0ee1f1a","","1003","",""
"1003","1003","0190421552302622","default","2026-01-08 13:39:53","","2026-01-08 13:40:07","14","0","NORMAL_CLEARING","8bf9e2e9-6dc5-45ed-b87a-9157df047db5","","1003","",""
"1003","1003","0190421552302622","default","2026-01-08 13:39:53","","2026-01-08 13:40:07","14","0","NORMAL_CLEARING","1fb5cd11-a059-47d4-a26d-49f8852be75f","","1003","",""
"1003","1003","0190972567301988","default","2026-01-08 13:39:53","","2026-01-08 13:40:07","14","0","NORMAL_CLEARING","e061509d-39f6-4a77-9423-ec62ae0eb3ec","","1003","",""
"1003","1003","01200421552302622","default","2026-01-08 13:40:13","","2026-01-08 13:40:25","12","0","NORMAL_CLEARING","0607bc3b-5f5e-4439-9078-0933fa4a3392","","1003","",""
"1003","1003","01200972567301988","default","2026-01-08 13:40:13","","2026-01-08 13:40:25","12","0","NORMAL_CLEARING","ef53a6d3-09f5-4b43-9b9b-98eed9e0706f","","1003","",""
"1003","1003","01200421552302622","default","2026-01-08 13:40:14","","2026-01-08 13:40:27","13","0","NORMAL_CLEARING","9848068d-8180-41a8-88cb-718022eda016","","1003","",""
"1003","1003","01200972567301988","default","2026-01-08 13:40:14","","2026-01-08 13:40:27","13","0","NORMAL_CLEARING","9868f052-f353-4016-83ef-949510899d48","","1003","",""
"1003","1003","01200421552302622","default","2026-01-08 13:40:15","","2026-01-08 13:40:27","12","0","NORMAL_CLEARING","d54aa85f-5430-4480-a5e5-8fa7d1997b04","","1003","",""
"1003","1003","01200972567301988","default","2026-01-08 13:40:15","","2026-01-08 13:40:27","12","0","NORMAL_CLEARING","df7dcf67-9b53-4d58-8e56-ff187c49f098","","1003","",""
"1003","1003","01200421552302622","default","2026-01-08 13:40:15","","2026-01-08 13:40:28","13","0","NORMAL_CLEARING","4f33806c-bd8d-45b4-acc6-47ee592780b0","","1003","",""
"1003","1003","01200972567301988","default","2026-01-08 13:40:15","","2026-01-08 13:40:28","13","0","NORMAL_CLEARING","2bd0c8f5-cd32-44ff-8b2a-5e0ac4523f44","","1003","",""
"1003","1003","01200972567301988","default","2026-01-08 13:40:16","","2026-01-08 13:40:28","12","0","NORMAL_CLEARING","4c08f664-b3ef-4713-87a7-c883022b7ebe","","1003","",""
"1003","1003","01200421552302622","default","2026-01-08 13:40:16","","2026-01-08 13:40:29","13","0","NORMAL_CLEARING","1a649d71-3f7f-4d46-8fbb-515e1701f749","","1003","",""
"1003","1003","10700421552302622","default","2026-01-08 13:40:35","","2026-01-08 13:40:48","13","0","NORMAL_CLEARING","dbf53e1d-ae59-495f-bbc1-49c2b02a7424","","1003","",""
"1003","1003","10700972567301988","default","2026-01-08 13:40:35","","2026-01-08 13:40:48","13","0","NORMAL_CLEARING","f488f544-fc59-4acc-b3e6-c82c36256be9","","1003","",""
"1003","1003","10700972567301988","default","2026-01-08 13:40:36","","2026-01-08 13:40:49","13","0","NORMAL_CLEARING","77e398d2-dc0f-4197-92f1-baa07ee24a7c","","1003","",""
"1003","1003","10700421552302622","default","2026-01-08 13:40:36","","2026-01-08 13:40:49","13","0","NORMAL_CLEARING","f70365e2-1e3b-4a21-a3ba-f6290fd35e75","","1003","",""
"1003","1003","10700421552302622","default","2026-01-08 13:40:37","","2026-01-08 13:40:49","12","0","NORMAL_CLEARING","10e2c0fd-400a-4482-ac9d-edf850ee0baa","","1003","",""
"1003","1003","10700972567301988","default","2026-01-08 13:40:37","","2026-01-08 13:40:49","12","0","NORMAL_CLEARING","de7f4f65-94dd-4518-a478-fcbc7617bb75","","1003","",""
"1003","1003","10700421552302622","default","2026-01-08 13:40:37","","2026-01-08 13:40:50","13","0","NORMAL_CLEARING","0910eb9d-18db-44cd-b5af-2a2ee4d0a3d0","","1003","",""
"1003","1003","10700972567301988","default","2026-01-08 13:40:37","","2026-01-08 13:40:50","13","0","NORMAL_CLEARING","371cc7db-b131-49dd-a604-1c9cd1266be2","","1003","",""
"1003","1003","10700972567301988","default","2026-01-08 13:40:38","","2026-01-08 13:40:51","13","0","NORMAL_CLEARING","724405e4-1be3-4517-8878-6c58b88e9bd5","","1003","",""
"1003","1003","10700421552302622","default","2026-01-08 13:40:38","","2026-01-08 13:40:51","13","0","NORMAL_CLEARING","2eff617f-6df1-4716-91ce-158fc534c3eb","","1003","",""
"1003","1003","00414421552302622","default","2026-01-08 13:40:57","","2026-01-08 13:41:10","13","0","NORMAL_CLEARING","1dccc506-3980-41b9-8648-73526228f69d","","1003","",""
"1003","1003","00414972567301988","default","2026-01-08 13:40:57","","2026-01-08 13:41:10","13","0","NORMAL_CLEARING","936ae602-025a-4ff3-8836-50d6267dfa72","","1003","",""
"1003","1003","00414972567301988","default","2026-01-08 13:40:58","","2026-01-08 13:41:11","13","0","NORMAL_CLEARING","6efcb7a7-6cec-41ad-9cf9-89b66f73c0ae","","1003","",""
"1003","1003","00414421552302622","default","2026-01-08 13:40:58","","2026-01-08 13:41:11","13","0","NORMAL_CLEARING","b3e2934d-91d8-44c2-8abf-fbb39ca81b61","","1003","",""
"1003","1003","00414421552302622","default","2026-01-08 13:40:59","","2026-01-08 13:41:12","13","0","NORMAL_CLEARING","3ab0aa61-3867-455e-91de-50df7cee2576","","1003","",""
"1003","1003","00414972567301988","default","2026-01-08 13:40:59","","2026-01-08 13:41:12","13","0","NORMAL_CLEARING","81338a79-72cc-4213-bf5f-8929cacdc710","","1003","",""
"1003","1003","00414972567301988","default","2026-01-08 13:41:00","","2026-01-08 13:41:13","13","0","NORMAL_CLEARING","c120e120-c035-43ab-9601-82dec03a9129","","1003","",""
"1003","1003","00414421552302622","default","2026-01-08 13:41:00","","2026-01-08 13:41:13","13","0","NORMAL_CLEARING","12595e30-d690-4bf2-8670-87344fd74f8d","","1003","",""
"1003","1003","00414972567301988","default","2026-01-08 13:41:01","","2026-01-08 13:41:14","13","0","NORMAL_CLEARING","376f645c-c124-4e21-9165-7f517bb1a397","","1003","",""
"1003","1003","00414421552302622","default","2026-01-08 13:41:01","","2026-01-08 13:41:14","13","0","NORMAL_CLEARING","57b9c26b-a3c7-43ce-911c-3154b3433880","","1003","",""
"1003","1003","819300972567301988","default","2026-01-08 13:41:20","","2026-01-08 13:41:31","11","0","NORMAL_CLEARING","44e42373-ec98-4fb0-9e56-1d19e35124cf","","1003","",""
"1003","1003","819300421552302622","default","2026-01-08 13:41:20","","2026-01-08 13:41:31","11","0","NORMAL_CLEARING","fa5d46d2-855d-449a-9de7-457e7e0002fd","","1003","",""
"1003","1003","819300421552302622","default","2026-01-08 13:41:21","","2026-01-08 13:41:32","11","0","NORMAL_CLEARING","0ef30a63-a6f4-4555-958b-97af03714cd5","","1003","",""
"1003","1003","819300972567301988","default","2026-01-08 13:41:21","","2026-01-08 13:41:32","11","0","NORMAL_CLEARING","41b9b426-6e4b-4980-894f-1fccd9edea19","","1003","",""
"1003","1003","819300972567301988","default","2026-01-08 13:41:21","","2026-01-08 13:41:33","12","0","NORMAL_CLEARING","6b755a71-6f6a-4ce1-89d1-25aaca7c5af8","","1003","",""
"1003","1003","819300421552302622","default","2026-01-08 13:41:21","","2026-01-08 13:41:33","12","0","NORMAL_CLEARING","720b2493-49f7-42ad-ad97-697b406fb24b","","1003","",""
"1003","1003","819300972567301988","default","2026-01-08 13:41:22","","2026-01-08 13:41:33","11","0","NORMAL_CLEARING","9a81ddc4-7a4b-4504-93cb-1ba3da89e332","","1003","",""
"1003","1003","819300421552302622","default","2026-01-08 13:41:22","","2026-01-08 13:41:33","11","0","NORMAL_CLEARING","73cdfb49-5089-4cf5-81b2-cebc10b6888b","","1003","",""
"1003","1003","819300972567301988","default","2026-01-08 13:41:23","","2026-01-08 13:41:34","11","0","NORMAL_CLEARING","c5474f55-0d81-4044-9633-1f01ac385fbf","","1003","",""
"1003","1003","819300421552302622","default","2026-01-08 13:41:23","","2026-01-08 13:41:34","11","0","NORMAL_CLEARING","70a0081a-7121-46a1-ad5e-638908fe8a8c","","1003","",""
"1003","1003","1790900972567301988","default","2026-01-08 13:41:42","","2026-01-08 13:41:53","11","0","NORMAL_CLEARING","46b6f995-3666-452d-8468-4820ea88b0c0","","1003","",""
"1003","1003","1790900421552302622","default","2026-01-08 13:41:42","","2026-01-08 13:41:53","11","0","NORMAL_CLEARING","2ab4ba1b-4f45-4945-97a9-61be8159617f","","1003","",""
"1003","1003","1790900421552302622","default","2026-01-08 13:41:43","","2026-01-08 13:41:54","11","0","NORMAL_CLEARING","2cc72e0f-900b-4d94-a02e-2f896541c0fd","","1003","",""
"1003","1003","1790900972567301988","default","2026-01-08 13:41:43","","2026-01-08 13:41:54","11","0","NORMAL_CLEARING","aa694a5a-a0a9-40d3-8682-655106e2b408","","1003","",""
"1003","1003","1790900972567301988","default","2026-01-08 13:41:44","","2026-01-08 13:41:54","10","0","NORMAL_CLEARING","944ddae4-a3c5-437a-8e40-5aedfd55f140","","1003","",""
"1003","1003","1790900421552302622","default","2026-01-08 13:41:44","","2026-01-08 13:41:54","10","0","NORMAL_CLEARING","bb757eac-5ed1-4ed2-8b6a-b09304755c68","","1003","",""
"1003","1003","1790900421552302622","default","2026-01-08 13:41:44","","2026-01-08 13:41:55","11","0","NORMAL_CLEARING","1df120bb-758b-4e39-9821-92c04872f6c5","","1003","",""
"1003","1003","1790900972567301988","default","2026-01-08 13:41:44","","2026-01-08 13:41:55","11","0","NORMAL_CLEARING","7fcec91c-07eb-42cb-9e65-07a549f25b99","","1003","",""
"1003","1003","1790900972567301988","default","2026-01-08 13:41:45","","2026-01-08 13:41:56","11","0","NORMAL_CLEARING","a3ff6118-cfb6-41c9-947d-18e0a8065092","","1003","",""
"1003","1003","1790900421552302622","default","2026-01-08 13:41:45","","2026-01-08 13:41:56","11","0","NORMAL_CLEARING","bd0fa1fb-6724-4d01-9c4e-a6a7569053e3","","1003","",""
"1003","1003","00.972567301988","default","2026-01-08 13:42:04","","2026-01-08 13:42:15","11","0","NORMAL_CLEARING","f6850bd6-6672-41fc-b1cf-613ee74d4ff4","","1003","",""
"1003","1003","00.421552302622","default","2026-01-08 13:42:04","","2026-01-08 13:42:15","11","0","NORMAL_CLEARING","200e8aea-1c63-41c7-9b7a-73cb33f40f73","","1003","",""
"1003","1003","00.972567301988","default","2026-01-08 13:42:05","","2026-01-08 13:42:16","11","0","NORMAL_CLEARING","0653ec07-73eb-4cf8-be37-9c2e123fafe2","","1003","",""
"1003","1003","00.421552302622","default","2026-01-08 13:42:05","","2026-01-08 13:42:16","11","0","NORMAL_CLEARING","8faebd35-e318-4561-8ff8-c292e0515f67","","1003","",""
"1003","1003","00.972567301988","default","2026-01-08 13:42:06","","2026-01-08 13:42:17","11","0","NORMAL_CLEARING","395b9d8e-a8ab-4412-83a3-8e47973443b7","","1003","",""
"1003","1003","00.421552302622","default","2026-01-08 13:42:06","","2026-01-08 13:42:17","11","0","NORMAL_CLEARING","a1d83539-1df8-4b75-9456-e78e9914042b","","1003","",""
"1003","1003","00.972567301988","default","2026-01-08 13:42:06","","2026-01-08 13:42:17","11","0","NORMAL_CLEARING","0bf10809-5f2a-45cd-bdde-9cbe0437a8b6","","1003","",""
"1003","1003","00.421552302622","default","2026-01-08 13:42:06","","2026-01-08 13:42:17","11","0","NORMAL_CLEARING","cc39f6dc-b086-4476-bbcb-22f374ec39e4","","1003","",""
"1003","1003","00.421552302622","default","2026-01-08 13:42:07","","2026-01-08 13:42:18","11","0","NORMAL_CLEARING","8ba2fe19-da23-4ebf-9575-8bccf5a961f3","","1003","",""
"1003","1003","00.972567301988","default","2026-01-08 13:42:07","","2026-01-08 13:42:18","11","0","NORMAL_CLEARING","9f69b6ca-2087-4f0e-9e5e-b5cb516776c6","","1003","",""
"1003","1003","10421552302622","default","2026-01-08 13:42:26","","2026-01-08 13:42:38","12","0","NORMAL_CLEARING","42b074db-0d47-4f95-b15f-f296f15e3eb9","","1003","",""
"1003","1003","10972567301988","default","2026-01-08 13:42:26","","2026-01-08 13:42:38","12","0","NORMAL_CLEARING","f22383ee-fd7a-4361-a10b-443c3cacd39c","","1003","",""
"1003","1003","10972567301988","default","2026-01-08 13:42:27","","2026-01-08 13:42:38","11","0","NORMAL_CLEARING","0a5f1915-fc56-49ad-b60c-c43704e72e34","","1003","",""
"1003","1003","10421552302622","default","2026-01-08 13:42:27","","2026-01-08 13:42:38","11","0","NORMAL_CLEARING","d86c30ce-fc86-4bf4-8dc6-5cfe4f22be28","","1003","",""
"1003","1003","10421552302622","default","2026-01-08 13:42:28","","2026-01-08 13:42:39","11","0","NORMAL_CLEARING","d9587250-f599-4770-834e-beca8afda329","","1003","",""
"1003","1003","10972567301988","default","2026-01-08 13:42:28","","2026-01-08 13:42:39","11","0","NORMAL_CLEARING","7ab91985-131f-415a-8721-ab792240bccf","","1003","",""
"1003","1003","10972567301988","default","2026-01-08 13:42:28","","2026-01-08 13:42:40","12","0","NORMAL_CLEARING","5c5d5290-ce6b-4b1e-92f0-79e4bba17ea1","","1003","",""
"1003","1003","10421552302622","default","2026-01-08 13:42:28","","2026-01-08 13:42:40","12","0","NORMAL_CLEARING","578e548a-279c-4493-a1f7-d557961303e3","","1003","",""
"1003","1003","10421552302622","default","2026-01-08 13:42:29","","2026-01-08 13:42:41","12","0","NORMAL_CLEARING","43de9ef9-4eeb-4ee9-851f-6924708c63bd","","1003","",""
"1003","1003","10972567301988","default","2026-01-08 13:42:29","","2026-01-08 13:42:41","12","0","NORMAL_CLEARING","3067b2ab-7cc2-4d79-b706-d7ed702f2df5","","1003","",""
"1003","1003","40421552302622","default","2026-01-08 13:42:49","","2026-01-08 13:43:00","11","0","UNALLOCATED_NUMBER","d7ef258f-4613-4f89-a576-2b387c4d8f76","","1003","",""
"1003","1003","40972567301988","default","2026-01-08 13:42:49","","2026-01-08 13:43:00","11","0","UNALLOCATED_NUMBER","c81f8897-a20d-4cee-816d-f93f76f188a1","","1003","",""
"1003","1003","40972567301988","default","2026-01-08 13:42:49","","2026-01-08 13:43:01","12","0","UNALLOCATED_NUMBER","0b3bf9a7-d549-4768-88e6-d4eafa91b7ed","","1003","",""
"1003","1003","40421552302622","default","2026-01-08 13:42:49","","2026-01-08 13:43:01","12","0","UNALLOCATED_NUMBER","0816b07c-8373-4e73-a805-bad9e233af17","","1003","",""
"1003","1003","40972567301988","default","2026-01-08 13:42:50","","2026-01-08 13:43:02","12","0","UNALLOCATED_NUMBER","c455bc4a-111b-44d8-9b9e-c3ad8ec25643","","1003","",""
"1003","1003","40421552302622","default","2026-01-08 13:42:50","","2026-01-08 13:43:02","12","0","UNALLOCATED_NUMBER","383f5b9c-eb64-4b86-88cf-9631cf4b4b69","","1003","",""
"1003","1003","40972567301988","default","2026-01-08 13:42:51","","2026-01-08 13:43:02","11","0","UNALLOCATED_NUMBER","10988357-34ad-45f0-8d15-0eb8607e7928","","1003","",""
"1003","1003","40421552302622","default","2026-01-08 13:42:51","","2026-01-08 13:43:03","12","0","UNALLOCATED_NUMBER","22718988-6c6a-417a-ad2f-aed3eb00377f","","1003","",""
"1003","1003","40972567301988","default","2026-01-08 13:42:52","","2026-01-08 13:43:04","12","0","UNALLOCATED_NUMBER","4a670348-74f6-4361-8bfa-236633d36657","","1003","",""
"1003","1003","40421552302622","default","2026-01-08 13:42:52","","2026-01-08 13:43:04","12","0","UNALLOCATED_NUMBER","ff159c11-78c5-4215-93b0-e5a8680e6b94","","1003","",""
"1003","1003","90972567301988","default","2026-01-08 13:43:11","","2026-01-08 13:43:23","12","0","UNALLOCATED_NUMBER","6a663744-bc28-4dda-9013-87b68619498d","","1003","",""
"1003","1003","90421552302622","default","2026-01-08 13:43:11","","2026-01-08 13:43:23","12","0","UNALLOCATED_NUMBER","25bf2387-d5e8-46b9-806a-14b8dc4e5c49","","1003","",""
"1003","1003","90972567301988","default","2026-01-08 13:43:12","","2026-01-08 13:43:23","11","0","UNALLOCATED_NUMBER","1779b8e9-5bc2-453b-9c4a-cb749b96cc01","","1003","",""
"1003","1003","90421552302622","default","2026-01-08 13:43:12","","2026-01-08 13:43:23","11","0","UNALLOCATED_NUMBER","66a87faa-1f20-4994-aa5e-636f7cae2002","","1003","",""
"1003","1003","90421552302622","default","2026-01-08 13:43:12","","2026-01-08 13:43:24","12","0","UNALLOCATED_NUMBER","74a55ce9-d391-4d4b-a6d6-5bd4f78ff3c6","","1003","",""
"1003","1003","90972567301988","default","2026-01-08 13:43:12","","2026-01-08 13:43:24","12","0","UNALLOCATED_NUMBER","6dd8b397-cd46-4031-9010-45e3d033d180","","1003","",""
"1003","1003","90972567301988","default","2026-01-08 13:43:12","","2026-01-08 13:43:24","12","0","UNALLOCATED_NUMBER","752b12fb-2644-4556-89c6-9f4be21dd11d","","1003","",""
"1003","1003","90421552302622","default","2026-01-08 13:43:12","","2026-01-08 13:43:24","12","0","UNALLOCATED_NUMBER","5ca255a2-7740-4783-837e-4197d25708ad","","1003","",""
"1003","1003","90972567301988","default","2026-01-08 13:43:14","","2026-01-08 13:43:26","12","0","UNALLOCATED_NUMBER","b16313ba-f311-47d3-8db9-f76ca4be0f53","","1003","",""
"1003","1003","90421552302622","default","2026-01-08 13:43:14","","2026-01-08 13:43:26","12","0","UNALLOCATED_NUMBER","0a9a8b5c-bab3-43fa-84d5-3520b5b5d386","","1003","",""
"1003","1003","007972567301988","default","2026-01-08 13:43:32","","2026-01-08 13:43:45","13","0","NORMAL_CLEARING","4974b4dd-d8d1-4f03-a17a-ba7af517a51b","","1003","",""
"1003","1003","007421552302622","default","2026-01-08 13:43:32","","2026-01-08 13:43:45","13","0","NORMAL_CLEARING","4b96872e-2ad6-435e-a001-5ddc63f1a07a","","1003","",""
"1003","1003","007972567301988","default","2026-01-08 13:43:32","","2026-01-08 13:43:45","13","0","NORMAL_CLEARING","736607c9-4555-4dd2-a3a0-22f6fdd67255","","1003","",""
"1003","1003","007421552302622","default","2026-01-08 13:43:32","","2026-01-08 13:43:45","13","0","NORMAL_CLEARING","544f6bfa-b5df-45fb-9375-e429fc1d1597","","1003","",""
"1003","1003","007972567301988","default","2026-01-08 13:43:34","","2026-01-08 13:43:46","12","0","NORMAL_CLEARING","3957a653-be78-42e7-9b59-04f5e126d5ee","","1003","",""
"1003","1003","007421552302622","default","2026-01-08 13:43:34","","2026-01-08 13:43:46","12","0","NORMAL_CLEARING","40c7beb0-bd1e-4a3e-b917-261e6832ad2c","","1003","",""
"1003","1003","007421552302622","default","2026-01-08 13:43:34","","2026-01-08 13:43:46","12","0","NORMAL_CLEARING","6c2a217e-03ab-4b4e-86ef-50f809c468b3","","1003","",""
"1003","1003","007972567301988","default","2026-01-08 13:43:34","","2026-01-08 13:43:46","12","0","NORMAL_CLEARING","a12364f2-908f-4f03-9e1a-d8d828c4139c","","1003","",""
"1003","1003","007972567301988","default","2026-01-08 13:43:36","","2026-01-08 13:43:48","12","0","NORMAL_CLEARING","8465eb04-bc89-4dba-a9f1-f60afa070443","","1003","",""
"1003","1003","007421552302622","default","2026-01-08 13:43:36","","2026-01-08 13:43:48","12","0","NORMAL_CLEARING","037dc96e-92fc-4bbe-9b78-0e98dc04e8ba","","1003","",""
"1003","1003","009421552302622","default","2026-01-08 13:43:54","","2026-01-08 13:44:07","13","0","NORMAL_CLEARING","45b98917-8d22-41cd-b0cd-d2ff697f985e","","1003","",""
"1003","1003","009972567301988","default","2026-01-08 13:43:54","","2026-01-08 13:44:07","13","0","NORMAL_CLEARING","62320b88-018d-48f2-9945-0c96bb864987","","1003","",""
"1003","1003","009421552302622","default","2026-01-08 13:43:54","","2026-01-08 13:44:07","13","0","NORMAL_CLEARING","f4af295a-635a-400b-8a96-d0abc4cf3e63","","1003","",""
"1003","1003","009972567301988","default","2026-01-08 13:43:54","","2026-01-08 13:44:07","13","0","NORMAL_CLEARING","dc4ab745-3090-43ef-9754-d5a9816889b4","","1003","",""
"1003","1003","009421552302622","default","2026-01-08 13:43:56","","2026-01-08 13:44:09","13","0","NORMAL_CLEARING","64ba245e-6ab1-42aa-8088-c55ae59d5a16","","1003","",""
"1003","1003","009972567301988","default","2026-01-08 13:43:56","","2026-01-08 13:44:09","13","0","NORMAL_CLEARING","207c9c7d-f7da-49bd-8284-6cbe6015b9d6","","1003","",""
"1003","1003","009421552302622","default","2026-01-08 13:43:56","","2026-01-08 13:44:09","13","0","NORMAL_CLEARING","1b2aba08-5caf-4924-8857-a468299f296b","","1003","",""
"1003","1003","009972567301988","default","2026-01-08 13:43:56","","2026-01-08 13:44:10","14","0","NORMAL_CLEARING","8d6a3e60-bda2-421f-88c9-ae52a94fce21","","1003","",""
"1003","1003","009421552302622","default","2026-01-08 13:43:58","","2026-01-08 13:44:12","14","0","NORMAL_CLEARING","361a648e-049d-49f0-be79-22829dd223bc","","1003","",""
"1003","1003","009972567301988","default","2026-01-08 13:43:58","","2026-01-08 13:44:12","14","0","NORMAL_CLEARING","eabc8a6a-1eed-4c7d-9afa-e3c78b6f650a","","1003","",""
"1003","1003","9900421552302622","default","2026-01-08 13:44:16","","2026-01-08 13:44:31","15","0","NORMAL_CLEARING","bf3091a6-c0e8-4e98-89b2-f064d772a23b","","1003","",""
"1003","1003","9900972567301988","default","2026-01-08 13:44:16","","2026-01-08 13:44:31","15","0","NORMAL_CLEARING","eed97624-f2a1-4273-8a70-9e852f6296f1","","1003","",""
"1003","1003","9900972567301988","default","2026-01-08 13:44:17","","2026-01-08 13:44:32","15","0","NORMAL_CLEARING","b084da28-ba3d-45f3-b5c3-aa8234e4a672","","1003","",""
"1003","1003","9900421552302622","default","2026-01-08 13:44:17","","2026-01-08 13:44:32","15","0","NORMAL_CLEARING","c2ac38ff-a775-4610-b32b-4bb019a7f611","","1003","",""
"1003","1003","9900972567301988","default","2026-01-08 13:44:18","","2026-01-08 13:44:33","15","0","NORMAL_CLEARING","72d93ad9-bd3d-4ef0-8c7e-df276cd1051e","","1003","",""
"1003","1003","9900421552302622","default","2026-01-08 13:44:18","","2026-01-08 13:44:33","15","0","NORMAL_CLEARING","59a0a0a8-0fad-4e40-8535-e0f15649d769","","1003","",""
"1003","1003","9900972567301988","default","2026-01-08 13:44:19","","2026-01-08 13:44:33","14","0","NORMAL_CLEARING","4cd34c9b-5faa-47c8-9654-eb0582101b8e","","1003","",""
"1003","1003","9900421552302622","default","2026-01-08 13:44:19","","2026-01-08 13:44:33","14","0","NORMAL_CLEARING","710a8e04-4027-41e7-a1b1-7315f74670de","","1003","",""
"1003","1003","9900421552302622","default","2026-01-08 13:44:21","","2026-01-08 13:44:35","14","0","NORMAL_CLEARING","c40368dc-70df-4d17-b198-d1e15b68a3ed","","1003","",""
"1003","1003","9900972567301988","default","2026-01-08 13:44:21","","2026-01-08 13:44:35","14","0","NORMAL_CLEARING","bd2bcc8c-ca15-465b-95cb-1d4b3b27bb3a","","1003","",""
"1003","1003","8800421552302622","default","2026-01-08 13:44:39","","2026-01-08 13:44:53","14","0","NORMAL_CLEARING","3f9bb46d-0991-4db5-839c-e89cdbae7570","","1003","",""
"1003","1003","8800972567301988","default","2026-01-08 13:44:39","","2026-01-08 13:44:53","14","0","NORMAL_CLEARING","9b32f227-aa91-4947-b4d7-38cba9cea91d","","1003","",""
"1003","1003","8800421552302622","default","2026-01-08 13:44:39","","2026-01-08 13:44:53","14","0","NORMAL_CLEARING","253aa5f1-5da3-4d21-a747-795f21f94c6e","","1003","",""
"1003","1003","8800972567301988","default","2026-01-08 13:44:39","","2026-01-08 13:44:53","14","0","NORMAL_CLEARING","1721645b-993b-4599-9509-fc21ea456694","","1003","",""
"1003","1003","8800972567301988","default","2026-01-08 13:44:40","","2026-01-08 13:44:54","14","0","NORMAL_CLEARING","1c417f01-a6ea-4559-8cde-e482088c34cc","","1003","",""
"1003","1003","8800421552302622","default","2026-01-08 13:44:40","","2026-01-08 13:44:54","14","0","NORMAL_CLEARING","493935f7-141d-4989-8df6-2c0d6aff26a2","","1003","",""
"1003","1003","8800972567301988","default","2026-01-08 13:44:41","","2026-01-08 13:44:55","14","0","NORMAL_CLEARING","9b58fe25-09ff-4f9a-983f-1efd1d71c211","","1003","",""
"1003","1003","8800421552302622","default","2026-01-08 13:44:41","","2026-01-08 13:44:55","14","0","NORMAL_CLEARING","7d66f501-ef10-407a-911c-198493c0cf0f","","1003","",""
"1003","1003","8800421552302622","default","2026-01-08 13:44:43","","2026-01-08 13:44:57","14","0","NORMAL_CLEARING","955b5318-9c01-46d9-a5c8-eed611c9c9c8","","1003","",""
"1003","1003","8800972567301988","default","2026-01-08 13:44:43","","2026-01-08 13:44:57","14","0","NORMAL_CLEARING","9adb480e-d650-4b27-ae75-be54c5b38c66","","1003","",""
"1003","1003","5500972567301988","default","2026-01-08 13:45:01","","2026-01-08 13:45:15","14","0","NORMAL_CLEARING","dae5ad89-f57d-4502-9387-f91bd0c17755","","1003","",""
"1003","1003","5500972567301988","default","2026-01-08 13:45:01","","2026-01-08 13:45:15","14","0","NORMAL_CLEARING","e167e411-482c-452c-aa13-5c195d493585","","1003","",""
"1003","1003","5500421552302622","default","2026-01-08 13:45:01","","2026-01-08 13:45:15","14","0","NORMAL_CLEARING","d73ac722-652e-4f3c-91f3-8a5fa3b8f161","","1003","",""
"1003","1003","5500421552302622","default","2026-01-08 13:45:01","","2026-01-08 13:45:15","14","0","NORMAL_CLEARING","ad7613a9-0c6a-4578-84a7-ae53e8fd586d","","1003","",""
"1003","1003","5500972567301988","default","2026-01-08 13:45:03","","2026-01-08 13:45:16","13","0","NORMAL_CLEARING","cba35f54-05d9-427b-95d2-ca8065502016","","1003","",""
"1003","1003","5500421552302622","default","2026-01-08 13:45:03","","2026-01-08 13:45:16","13","0","NORMAL_CLEARING","cbf838bb-0d6b-49d6-8029-371a817b41f8","","1003","",""
"1003","1003","5500972567301988","default","2026-01-08 13:45:04","","2026-01-08 13:45:17","13","0","NORMAL_CLEARING","58f83566-19b2-4c2e-976d-e5d7c13f2e82","","1003","",""
"1003","1003","5500421552302622","default","2026-01-08 13:45:04","","2026-01-08 13:45:17","13","0","NORMAL_CLEARING","92b42011-8a28-419f-8df7-cd22955b92a4","","1003","",""
"1003","1003","5500421552302622","default","2026-01-08 13:45:06","","2026-01-08 13:45:19","13","0","NORMAL_CLEARING","48e6347e-fce9-4667-a79e-4a70f4bdc3cf","","1003","",""
"1003","1003","5500972567301988","default","2026-01-08 13:45:06","","2026-01-08 13:45:19","13","0","NORMAL_CLEARING","edcab5bc-22c3-4919-8e56-0c7b9aed456c","","1003","",""
"1003","1003","1100421552302622","default","2026-01-08 13:45:24","","2026-01-08 13:45:37","13","0","NORMAL_CLEARING","88fa43b3-c7b4-4688-bebe-ec3f135443e3","","1003","",""
"1003","1003","1100421552302622","default","2026-01-08 13:45:24","","2026-01-08 13:45:37","13","0","NORMAL_CLEARING","247fb42b-a4f0-41b8-abbb-bc4548ed414a","","1003","",""
"1003","1003","1100972567301988","default","2026-01-08 13:45:24","","2026-01-08 13:45:37","13","0","NORMAL_CLEARING","2c257ffe-232b-4c84-a0d9-9f023b53cc05","","1003","",""
"1003","1003","1100972567301988","default","2026-01-08 13:45:24","","2026-01-08 13:45:37","13","0","NORMAL_CLEARING","a59bd74f-130c-4892-af6d-d9d39bb3c8fa","","1003","",""
"1003","1003","1100421552302622","default","2026-01-08 13:45:25","","2026-01-08 13:45:38","13","0","NORMAL_CLEARING","3c157a87-1f09-4a2c-9f11-b59751182175","","1003","",""
"1003","1003","1100972567301988","default","2026-01-08 13:45:25","","2026-01-08 13:45:38","13","0","NORMAL_CLEARING","fd83ad5c-6c5d-4a24-8246-2037df93247e","","1003","",""
"1003","1003","1100972567301988","default","2026-01-08 13:45:26","","2026-01-08 13:45:38","12","0","NORMAL_CLEARING","35369fd8-d97a-4ad6-885a-2e844b892402","","1003","",""
"1003","1003","1100421552302622","default","2026-01-08 13:45:26","","2026-01-08 13:45:39","13","0","NORMAL_CLEARING","69a7d3b5-fb5d-49e9-bd31-95ae61d77bdb","","1003","",""
"1003","1003","1100421552302622","default","2026-01-08 13:45:29","","2026-01-08 13:45:41","12","0","NORMAL_CLEARING","c6ede580-f786-4aab-bc20-08add48eed88","","1003","",""
"1003","1003","1100972567301988","default","2026-01-08 13:45:29","","2026-01-08 13:45:41","12","0","NORMAL_CLEARING","71208ca8-48a4-49ee-a169-06c5376fc0d5","","1003","",""
"1003","1003","2200972567301988","default","2026-01-08 13:45:46","","2026-01-08 13:46:00","14","0","NORMAL_CLEARING","16827ba1-1a53-4151-ada6-ec7cbd146618","","1003","",""
"1003","1003","2200421552302622","default","2026-01-08 13:45:47","","2026-01-08 13:46:00","13","0","NORMAL_CLEARING","db016db1-ffa9-45c6-a440-176361551d7e","","1003","",""
"1003","1003","2200421552302622","default","2026-01-08 13:45:46","","2026-01-08 13:46:00","14","0","NORMAL_CLEARING","53dd5494-c2b8-4370-80d4-712f2dafe8de","","1003","",""
"1003","1003","2200972567301988","default","2026-01-08 13:45:47","","2026-01-08 13:46:00","13","0","NORMAL_CLEARING","726fea12-6db2-4a52-a301-7c92cb74b73e","","1003","",""
"1003","1003","2200972567301988","default","2026-01-08 13:45:48","","2026-01-08 13:46:02","14","0","NORMAL_CLEARING","eed0b570-3f61-4441-a42b-8390f591f87e","","1003","",""
"1003","1003","2200421552302622","default","2026-01-08 13:45:48","","2026-01-08 13:46:02","14","0","NORMAL_CLEARING","4d8ba75f-660e-4dfa-ad3d-5c64058381bf","","1003","",""
"1003","1003","2200421552302622","default","2026-01-08 13:45:49","","2026-01-08 13:46:03","14","0","NORMAL_CLEARING","6157aa56-cb4a-46e2-b56e-80b37560b93f","","1003","",""
"1003","1003","2200972567301988","default","2026-01-08 13:45:49","","2026-01-08 13:46:03","14","0","NORMAL_CLEARING","3e083a91-be03-4a61-8262-7573f1765201","","1003","",""
"1003","1003","2200421552302622","default","2026-01-08 13:45:51","","2026-01-08 13:46:05","14","0","NORMAL_CLEARING","e9324943-74c5-4997-b639-ce580adc7824","","1003","",""
"1003","1003","2200972567301988","default","2026-01-08 13:45:51","","2026-01-08 13:46:05","14","0","NORMAL_CLEARING","f7448650-de22-43c2-80bd-8f37442b8c37","","1003","",""
"1003","1003","3300972567301988","default","2026-01-08 13:46:09","","2026-01-08 13:46:22","13","0","NORMAL_CLEARING","4641afb1-e626-4dc8-91ef-94be101e5225","","1003","",""
"1003","1003","3300421552302622","default","2026-01-08 13:46:09","","2026-01-08 13:46:22","13","0","NORMAL_CLEARING","3204d18e-824b-4f2b-90ee-25ee5748540c","","1003","",""
"1003","1003","3300972567301988","default","2026-01-08 13:46:09","","2026-01-08 13:46:22","13","0","NORMAL_CLEARING","7acdd8d7-3e2b-464e-858d-d67066602250","","1003","",""
"1003","1003","3300421552302622","default","2026-01-08 13:46:09","","2026-01-08 13:46:22","13","0","NORMAL_CLEARING","c7167947-5e3a-4e96-803f-521c8c36287a","","1003","",""
"1003","1003","3300972567301988","default","2026-01-08 13:46:10","","2026-01-08 13:46:23","13","0","NORMAL_CLEARING","9c17b171-5bf6-4e38-a872-beb903a55ceb","","1003","",""
"1003","1003","3300421552302622","default","2026-01-08 13:46:10","","2026-01-08 13:46:23","13","0","NORMAL_CLEARING","c172cfb5-1c19-4c26-930c-e2a76863a9ed","","1003","",""
"1003","1003","3300421552302622","default","2026-01-08 13:46:11","","2026-01-08 13:46:24","13","0","NORMAL_CLEARING","65ed3712-011d-40e0-9c83-3e329569dc50","","1003","",""
"1003","1003","3300972567301988","default","2026-01-08 13:46:11","","2026-01-08 13:46:24","13","0","NORMAL_CLEARING","378fbeb5-5726-456f-b5da-08fd919eaae0","","1003","",""
"1003","1003","3300421552302622","default","2026-01-08 13:46:13","","2026-01-08 13:46:26","13","0","NORMAL_CLEARING","4e8e76ac-165c-410a-a5dd-89585ba053e3","","1003","",""
"1003","1003","3300972567301988","default","2026-01-08 13:46:13","","2026-01-08 13:46:26","13","0","NORMAL_CLEARING","72466488-8259-49a6-966c-6c83c9d68eb9","","1003","",""
"1003","1003","9000421552302622","default","2026-01-08 13:46:32","","2026-01-08 13:46:48","16","0","NORMAL_CLEARING","a5e6558c-a876-4ce0-a094-b2babe1c8b72","","1003","",""
"1003","1003","9000421552302622","default","2026-01-08 13:46:32","","2026-01-08 13:46:48","16","0","NORMAL_CLEARING","bf00c5d5-f359-4a0e-bdae-2aaade66b005","","1003","",""
"1003","1003","9000972567301988","default","2026-01-08 13:46:32","","2026-01-08 13:46:48","16","0","NORMAL_CLEARING","aa573032-98b3-4056-bcd0-eee144e02b29","","1003","",""
"1003","1003","9000972567301988","default","2026-01-08 13:46:32","","2026-01-08 13:46:48","16","0","NORMAL_CLEARING","e20e06d1-976a-478a-8383-5cd906f7668b","","1003","",""
"1003","1003","9000421552302622","default","2026-01-08 13:46:32","","2026-01-08 13:46:48","16","0","NORMAL_CLEARING","7cb430da-2531-4752-8346-468df127d2b9","","1003","",""
"1003","1003","9000972567301988","default","2026-01-08 13:46:32","","2026-01-08 13:46:49","17","0","NORMAL_CLEARING","5297ed6c-9ae1-48af-a4c2-7c5de1a5c28d","","1003","",""
"1003","1003","9000421552302622","default","2026-01-08 13:46:33","","2026-01-08 13:46:49","16","0","NORMAL_CLEARING","d68a5bae-b447-48e9-8ff7-f68a8a4717b5","","1003","",""
"1003","1003","9000972567301988","default","2026-01-08 13:46:33","","2026-01-08 13:46:50","17","0","NORMAL_CLEARING","bdae6049-dbc9-4ba0-817a-493216371b09","","1003","",""
"1003","1003","9000421552302622","default","2026-01-08 13:46:35","","2026-01-08 13:46:51","16","0","NORMAL_CLEARING","a1f1bd9c-5aee-48d0-a52c-a985f45ed772","","1003","",""
"1003","1003","9000972567301988","default","2026-01-08 13:46:35","","2026-01-08 13:46:51","16","0","NORMAL_CLEARING","f1cc81ef-8ff9-4904-88ac-1974f767c4dd","","1003","",""
"1003","1003","8000972567301988","default","2026-01-08 13:46:54","","2026-01-08 13:47:08","14","0","NORMAL_CLEARING","6e6ae51a-e1f4-48a7-9f05-870289b6a385","","1003","",""
"1003","1003","8000972567301988","default","2026-01-08 13:46:54","","2026-01-08 13:47:08","14","0","NORMAL_CLEARING","79bb8322-9e88-4f29-924f-7a4f56afe129","","1003","",""
"1003","1003","8000421552302622","default","2026-01-08 13:46:54","","2026-01-08 13:47:08","14","0","NORMAL_CLEARING","27226b38-7b91-4a76-937d-739116edbae3","","1003","",""
"1003","1003","8000421552302622","default","2026-01-08 13:46:54","","2026-01-08 13:47:08","14","0","NORMAL_CLEARING","01fae260-2eb5-416c-9392-aaa811053855","","1003","",""
"1003","1003","8000421552302622","default","2026-01-08 13:46:55","","2026-01-08 13:47:09","14","0","NORMAL_CLEARING","9579c42a-6dd3-4cd9-b797-96d1aca0b269","","1003","",""
"1003","1003","8000972567301988","default","2026-01-08 13:46:55","","2026-01-08 13:47:09","14","0","NORMAL_CLEARING","e0bc954b-4642-41c4-b66a-94cc46fc9d61","","1003","",""
"1003","1003","8000972567301988","default","2026-01-08 13:46:56","","2026-01-08 13:47:09","13","0","NORMAL_CLEARING","a47537e5-0492-42ee-8c83-c1d6f34a341a","","1003","",""
"1003","1003","8000421552302622","default","2026-01-08 13:46:56","","2026-01-08 13:47:09","13","0","NORMAL_CLEARING","89ef7bf7-b63b-40d5-94d9-076db122d6f8","","1003","",""
"1003","1003","8000972567301988","default","2026-01-08 13:46:58","","2026-01-08 13:47:11","13","0","NORMAL_CLEARING","6a1d7706-af82-4a9f-89e8-b2bed4d37684","","1003","",""
"1003","1003","8000421552302622","default","2026-01-08 13:46:58","","2026-01-08 13:47:11","13","0","NORMAL_CLEARING","9aadd5a2-d829-414f-99c8-968fa9f5c450","","1003","",""
"1003","1003","7000972567301988","default","2026-01-08 13:47:17","","2026-01-08 13:47:29","12","0","NORMAL_CLEARING","66a1f57b-8323-4e21-8aae-2f328ed7bc1b","","1003","",""
"1003","1003","7000421552302622","default","2026-01-08 13:47:17","","2026-01-08 13:47:29","12","0","NORMAL_CLEARING","fc4a8af3-2eec-48e9-9888-7c613303cfd4","","1003","",""
"1003","1003","7000421552302622","default","2026-01-08 13:47:17","","2026-01-08 13:47:29","12","0","NORMAL_CLEARING","6b04a2f3-62bc-4dfa-9d67-da6b949ccb7f","","1003","",""
"1003","1003","7000972567301988","default","2026-01-08 13:47:17","","2026-01-08 13:47:29","12","0","NORMAL_CLEARING","8685d258-b78b-4704-8a65-9550dee45c4d","","1003","",""
"1003","1003","7000972567301988","default","2026-01-08 13:47:17","","2026-01-08 13:47:30","13","0","NORMAL_CLEARING","ff83ce9b-de83-4507-92b3-c5c9bf9dcb7e","","1003","",""
"1003","1003","7000421552302622","default","2026-01-08 13:47:18","","2026-01-08 13:47:30","12","0","NORMAL_CLEARING","81f99dc5-a761-45fb-bfa6-32dbdfd29734","","1003","",""
"1003","1003","7000972567301988","default","2026-01-08 13:47:19","","2026-01-08 13:47:31","12","0","NORMAL_CLEARING","c22d1093-e203-4c3d-88ec-5869dfd7c165","","1003","",""
"1003","1003","7000421552302622","default","2026-01-08 13:47:19","","2026-01-08 13:47:31","12","0","NORMAL_CLEARING","86815d4a-728c-48ba-bca6-db8af1b30653","","1003","",""
"1003","1003","7000421552302622","default","2026-01-08 13:47:21","","2026-01-08 13:47:33","12","0","NORMAL_CLEARING","452ce641-c417-4678-80ee-be5800874506","","1003","",""
"1003","1003","7000972567301988","default","2026-01-08 13:47:21","","2026-01-08 13:47:33","12","0","NORMAL_CLEARING","c35ff32f-ce8f-4d2b-a767-ccf62c3039d3","","1003","",""
"1003","1003","1000421552302622","default","2026-01-08 13:47:39","","2026-01-08 13:47:51","12","0","NORMAL_CLEARING","40ec3073-998b-416f-801f-a7be0f3d4235","","1003","",""
"1003","1003","1000972567301988","default","2026-01-08 13:47:39","","2026-01-08 13:47:51","12","0","NORMAL_CLEARING","8f522c6d-ea14-46bb-be80-1d9e9544c51b","","1003","",""
"1003","1003","1000972567301988","default","2026-01-08 13:47:39","","2026-01-08 13:47:51","12","0","NORMAL_CLEARING","f4b36c59-37b6-4a58-ba01-253a059cbfeb","","1003","",""
"1003","1003","1000421552302622","default","2026-01-08 13:47:39","","2026-01-08 13:47:51","12","0","NORMAL_CLEARING","aba24b57-3739-441b-bc56-bd224a195bb6","","1003","",""
"1003","1003","1000972567301988","default","2026-01-08 13:47:40","","2026-01-08 13:47:52","12","0","NORMAL_CLEARING","e9d8b651-07c9-4763-be7f-7fe8099fc3f5","","1003","",""
"1003","1003","1000421552302622","default","2026-01-08 13:47:40","","2026-01-08 13:47:52","12","0","NORMAL_CLEARING","ffbdf2ae-3360-4fb8-8747-28e4cd0a324e","","1003","",""
"1003","1003","1000972567301988","default","2026-01-08 13:47:41","","2026-01-08 13:47:53","12","0","NORMAL_CLEARING","873d67ff-dd88-4b95-97f7-f924616dd2e6","","1003","",""
"1003","1003","1000421552302622","default","2026-01-08 13:47:41","","2026-01-08 13:47:53","12","0","NORMAL_CLEARING","c3324bb1-ae78-4bfc-be3a-422022e91021","","1003","",""
"1003","1003","1000421552302622","default","2026-01-08 13:47:43","","2026-01-08 13:47:55","12","0","NORMAL_CLEARING","968c7db3-3ffe-4b2f-9bcc-db32ea0b3e19","","1003","",""
"1003","1003","1000972567301988","default","2026-01-08 13:47:43","","2026-01-08 13:47:55","12","0","NORMAL_CLEARING","e83f3e5f-a68d-4603-860e-dc17bd58911c","","1003","",""
"1003","1003","0.972567301988","default","2026-01-08 13:48:01","","2026-01-08 13:48:13","12","0","NORMAL_CLEARING","b1726f34-cf60-4d3d-bb21-a369286e436e","","1003","",""
"1003","1003","0.421552302622","default","2026-01-08 13:48:01","","2026-01-08 13:48:13","12","0","NORMAL_CLEARING","f46f1661-e2ee-4a46-b0e2-56af24d0a717","","1003","",""
"1003","1003","0.972567301988","default","2026-01-08 13:48:01","","2026-01-08 13:48:13","12","0","NORMAL_CLEARING","565ba1b8-8b1e-4434-886e-06f19fdbeb63","","1003","",""
"1003","1003","0.421552302622","default","2026-01-08 13:48:01","","2026-01-08 13:48:13","12","0","NORMAL_CLEARING","f86c844a-8757-4943-8fc1-b6397f740a6b","","1003","",""
"1003","1003","0.972567301988","default","2026-01-08 13:48:02","","2026-01-08 13:48:14","12","0","NORMAL_CLEARING","efc27ee4-313c-4156-9146-213f7110fe0e","","1003","",""
"1003","1003","0.421552302622","default","2026-01-08 13:48:02","","2026-01-08 13:48:14","12","0","NORMAL_CLEARING","3dcf69ee-8445-4e0d-b353-3c3c78b4c131","","1003","",""
"1003","1003","0.972567301988","default","2026-01-08 13:48:03","","2026-01-08 13:48:15","12","0","NORMAL_CLEARING","7021682a-f425-411c-aabe-b530bf01cea3","","1003","",""
"1003","1003","0.421552302622","default","2026-01-08 13:48:03","","2026-01-08 13:48:15","12","0","NORMAL_CLEARING","03501355-6d7b-4672-8923-860af38bef66","","1003","",""
"1003","1003","0.972567301988","default","2026-01-08 13:48:05","","2026-01-08 13:48:17","12","0","NORMAL_CLEARING","90e4108b-4500-4cab-a827-1dd036d7c2f8","","1003","",""
"1003","1003","0.421552302622","default","2026-01-08 13:48:05","","2026-01-08 13:48:17","12","0","NORMAL_CLEARING","5702974e-7038-4960-9ebe-6cd96ca34de8","","1003","",""
"1003","1003","9972567301988","default","2026-01-08 13:48:23","","2026-01-08 13:48:37","14","0","UNALLOCATED_NUMBER","89cdddaf-7bc2-4c8a-b4b3-68401a11bf28","","1003","",""
"1003","1003","9421552302622","default","2026-01-08 13:48:23","","2026-01-08 13:48:37","14","0","UNALLOCATED_NUMBER","02760fc9-cb37-4970-8bf3-c333bfc3104b","","1003","",""
"1003","1003","9972567301988","default","2026-01-08 13:48:23","","2026-01-08 13:48:38","15","0","UNALLOCATED_NUMBER","6a10c327-c8a2-4598-874c-1f3a8ea2d154","","1003","",""
"1003","1003","9421552302622","default","2026-01-08 13:48:24","","2026-01-08 13:48:38","14","0","UNALLOCATED_NUMBER","67022b7a-2100-4b57-8e35-2a75eb168c12","","1003","",""
"1003","1003","9421552302622","default","2026-01-08 13:48:24","","2026-01-08 13:48:38","14","0","UNALLOCATED_NUMBER","7480536f-5929-49bb-8d91-0bf5aeca5ce1","","1003","",""
"1003","1003","9972567301988","default","2026-01-08 13:48:24","","2026-01-08 13:48:38","14","0","UNALLOCATED_NUMBER","e78b5635-bc81-4b33-9cf0-dd881bd8412f","","1003","",""
"1003","1003","9972567301988","default","2026-01-08 13:48:25","","2026-01-08 13:48:39","14","0","UNALLOCATED_NUMBER","5509935e-9994-45ae-a2f3-061bb191aa35","","1003","",""
"1003","1003","9421552302622","default","2026-01-08 13:48:25","","2026-01-08 13:48:39","14","0","UNALLOCATED_NUMBER","992e211c-6dea-4e0a-b7a0-0ccd95e55998","","1003","",""
"1003","1003","9421552302622","default","2026-01-08 13:48:28","","2026-01-08 13:48:41","13","0","UNALLOCATED_NUMBER","8808af9b-e345-40d0-9ca5-63b271aca89b","","1003","",""
"1003","1003","9972567301988","default","2026-01-08 13:48:28","","2026-01-08 13:48:42","14","0","UNALLOCATED_NUMBER","b686edf3-41e5-4619-8080-59a45f9590db","","1003","",""
"1003","1003","8972567301988","default","2026-01-08 13:48:45","","2026-01-08 13:48:57","12","0","UNALLOCATED_NUMBER","5bda310c-e23d-442d-8290-e89c2a4b509b","","1003","",""
"1003","1003","8421552302622","default","2026-01-08 13:48:45","","2026-01-08 13:48:58","13","0","UNALLOCATED_NUMBER","1d7d9c64-e019-4d3b-a090-0d0cc16a1df4","","1003","",""
"1003","1003","8421552302622","default","2026-01-08 13:48:46","","2026-01-08 13:48:58","12","0","UNALLOCATED_NUMBER","b894cdf9-171c-4dfe-845e-e2fe6052ebe1","","1003","",""
"1003","1003","8972567301988","default","2026-01-08 13:48:46","","2026-01-08 13:48:58","12","0","UNALLOCATED_NUMBER","f12065e2-4d75-478f-b923-900f8d5d444d","","1003","",""
"1003","1003","8972567301988","default","2026-01-08 13:48:46","","2026-01-08 13:48:58","12","0","UNALLOCATED_NUMBER","fb6b08ca-48d5-4545-94e2-f140d6ee3127","","1003","",""
"1003","1003","8421552302622","default","2026-01-08 13:48:46","","2026-01-08 13:48:58","12","0","UNALLOCATED_NUMBER","c7ba0508-e5e2-49d1-a433-52eea8b20cbb","","1003","",""
"1003","1003","8972567301988","default","2026-01-08 13:48:47","","2026-01-08 13:48:59","12","0","UNALLOCATED_NUMBER","acb9f2d0-6181-4f8f-a48d-8f09942fb103","","1003","",""
"1003","1003","8421552302622","default","2026-01-08 13:48:47","","2026-01-08 13:48:59","12","0","UNALLOCATED_NUMBER","40618ecd-f848-4bbe-9335-7b59889e7916","","1003","",""
"1003","1003","8972567301988","default","2026-01-08 13:48:50","","2026-01-08 13:49:01","11","0","UNALLOCATED_NUMBER","5c0c1428-5fb4-4716-a377-cf1a0fff6f73","","1003","",""
"1003","1003","8421552302622","default","2026-01-08 13:48:50","","2026-01-08 13:49:01","11","0","UNALLOCATED_NUMBER","d7bafc1b-0ff6-446e-8764-258037b46aa5","","1003","",""
"1003","1003","7972567301988","default","2026-01-08 13:49:07","","2026-01-08 13:49:28","21","0","UNALLOCATED_NUMBER","848aaa4c-f446-4ae5-a55c-4143f53cc0a0","","1003","",""
"1003","1003","7421552302622","default","2026-01-08 13:49:07","","2026-01-08 13:49:28","21","0","UNALLOCATED_NUMBER","f02b3a33-52ea-4b5b-a615-7a6ed419ebcd","","1003","",""
"1003","1003","7421552302622","default","2026-01-08 13:49:08","","2026-01-08 13:49:29","21","0","UNALLOCATED_NUMBER","2e61ab41-a910-49e9-a12d-d28f50c3b405","","1003","",""
"1003","1003","7972567301988","default","2026-01-08 13:49:08","","2026-01-08 13:49:29","21","0","UNALLOCATED_NUMBER","525cd6a0-544d-43a6-aa27-7a616cb96627","","1003","",""
"1003","1003","7421552302622","default","2026-01-08 13:49:09","","2026-01-08 13:49:30","21","0","UNALLOCATED_NUMBER","825b1666-67fc-4c81-977e-75c323302413","","1003","",""
"1003","1003","7972567301988","default","2026-01-08 13:49:09","","2026-01-08 13:49:31","22","0","UNALLOCATED_NUMBER","a77c54eb-3bf7-41c1-abc2-ec7f7832ef13","","1003","",""
"1003","1003","7421552302622","default","2026-01-08 13:49:09","","2026-01-08 13:49:31","22","0","UNALLOCATED_NUMBER","22910e48-6ee6-4ab9-ba71-6f7526adfbe9","","1003","",""
"1003","1003","7972567301988","default","2026-01-08 13:49:09","","2026-01-08 13:49:31","22","0","UNALLOCATED_NUMBER","03f1e538-2095-491e-bc1a-44bf9219464e","","1003","",""
"1003","1003","7421552302622","default","2026-01-08 13:49:12","","2026-01-08 13:49:34","22","0","UNALLOCATED_NUMBER","69f1b9eb-1681-4657-b256-400a7c156072","","1003","",""
"1003","1003","7972567301988","default","2026-01-08 13:49:12","","2026-01-08 13:49:34","22","0","UNALLOCATED_NUMBER","62199ece-2b78-4f25-b774-0f0f51b5b329","","1003","",""
"1003","1003","0011421552302622","default","2026-01-08 13:49:29","","2026-01-08 13:49:52","23","0","NORMAL_CLEARING","e6cb60b2-8438-4155-879f-f54255957b25","","1003","",""
"1003","1003","0011972567301988","default","2026-01-08 13:49:29","","2026-01-08 13:49:53","24","0","NORMAL_CLEARING","1d0adce6-59b4-47dc-b851-0ea9c4a1c562","","1003","",""
"1003","1003","0011421552302622","default","2026-01-08 13:49:29","","2026-01-08 13:49:53","24","0","NORMAL_CLEARING","ea90464a-71b3-4d88-b489-935ebbe497d9","","1003","",""
"1003","1003","0011972567301988","default","2026-01-08 13:49:29","","2026-01-08 13:49:53","24","0","NORMAL_CLEARING","0825e1bb-3038-4607-8279-f3f8122c0e54","","1003","",""
"1003","1003","0011972567301988","default","2026-01-08 13:49:30","","2026-01-08 13:49:53","23","0","NORMAL_CLEARING","4d916a26-f00a-402c-ba6e-52662d8b2fad","","1003","",""
"1003","1003","0011421552302622","default","2026-01-08 13:49:30","","2026-01-08 13:49:53","23","0","NORMAL_CLEARING","6936d66a-fbce-4e6d-bb3a-6e6d8605efb7","","1003","",""
"1003","1003","0011972567301988","default","2026-01-08 13:49:31","","2026-01-08 13:49:54","23","0","NORMAL_CLEARING","a0d79d8a-deab-437b-aefa-7f7bebbc50db","","1003","",""
"1003","1003","0011421552302622","default","2026-01-08 13:49:31","","2026-01-08 13:49:54","23","0","NORMAL_CLEARING","49fdae30-70bc-4578-80c1-4f98f8c32964","","1003","",""
"1003","1003","0011421552302622","default","2026-01-08 13:49:35","","2026-01-08 13:49:58","23","0","NORMAL_CLEARING","cd96f282-307a-4d8e-b985-be8878f68c7a","","1003","",""
"1003","1003","0011972567301988","default","2026-01-08 13:49:35","","2026-01-08 13:49:58","23","0","NORMAL_CLEARING","9add6ebf-765e-42bc-a528-51c3563b8da1","","1003","",""
"1003","1003","00011421552302622","default","2026-01-08 13:49:52","","2026-01-08 13:50:12","20","0","NORMAL_CLEARING","17483b91-90e3-4002-9c29-f9bc1a570fb8","","1003","",""
"1003","1003","00011972567301988","default","2026-01-08 13:49:52","","2026-01-08 13:50:13","21","0","NORMAL_CLEARING","a5dda2d6-fb66-423a-98cd-57afade18812","","1003","",""
"1003","1003","00011421552302622","default","2026-01-08 13:49:53","","2026-01-08 13:50:13","20","0","NORMAL_CLEARING","8d9f73f3-b747-4fd9-a0c8-d36a7353dc46","","1003","",""
"1003","1003","00011972567301988","default","2026-01-08 13:49:53","","2026-01-08 13:50:13","20","0","NORMAL_CLEARING","10eab8db-76f8-43b7-bc02-2f17958b6ac3","","1003","",""
"1003","1003","00011972567301988","default","2026-01-08 13:49:53","","2026-01-08 13:50:14","21","0","NORMAL_CLEARING","3a8edc07-c750-4012-8337-3e04c1a07a1b","","1003","",""
"1003","1003","00011421552302622","default","2026-01-08 13:49:53","","2026-01-08 13:50:14","21","0","NORMAL_CLEARING","e0aff170-8618-4b16-b5cf-b7a89b7f5172","","1003","",""
"1003","1003","00011421552302622","default","2026-01-08 13:49:53","","2026-01-08 13:50:14","21","0","NORMAL_CLEARING","70e3de92-ce98-44cc-bc8a-8a45ad02e1e2","","1003","",""
"1003","1003","00011972567301988","default","2026-01-08 13:49:53","","2026-01-08 13:50:14","21","0","NORMAL_CLEARING","9f454e2b-d216-46fd-bbf3-a4cb95cf3fe3","","1003","",""
"1003","1003","00011421552302622","default","2026-01-08 13:49:57","","2026-01-08 13:50:18","21","0","NORMAL_CLEARING","01d11553-3d1d-410b-a590-e64a10d50baf","","1003","",""
"1003","1003","00011972567301988","default","2026-01-08 13:49:57","","2026-01-08 13:50:18","21","0","NORMAL_CLEARING","262b714d-3696-4657-8886-9a848d18e5f6","","1003","",""
"1003","1003","100421552302622","default","2026-01-08 13:50:15","","2026-01-08 13:50:34","19","0","NORMAL_CLEARING","1c55113b-6eb4-4359-8ae7-fe03eb43a4ef","","1003","",""
"1003","1003","100972567301988","default","2026-01-08 13:50:15","","2026-01-08 13:50:34","19","0","NORMAL_CLEARING","1f4a91ad-1747-46e4-8c3e-f49248239f2f","","1003","",""
"1003","1003","100421552302622","default","2026-01-08 13:50:15","","2026-01-08 13:50:34","19","0","NORMAL_CLEARING","0afadc42-722a-49c6-a1b4-b87b465ed2ac","","1003","",""
"1003","1003","100421552302622","default","2026-01-08 13:50:15","","2026-01-08 13:50:35","20","0","NORMAL_CLEARING","c40aa4ac-357e-455c-980b-e79adb968112","","1003","",""
"1003","1003","100972567301988","default","2026-01-08 13:50:15","","2026-01-08 13:50:35","20","0","NORMAL_CLEARING","ff1c7366-5c0e-465c-8d2f-52328e88ea05","","1003","",""
"1003","1003","100421552302622","default","2026-01-08 13:50:16","","2026-01-08 13:50:35","19","0","NORMAL_CLEARING","7f1d68b5-482e-4494-a1ff-8dcedd39567d","","1003","",""
"1003","1003","100972567301988","default","2026-01-08 13:50:16","","2026-01-08 13:50:35","19","0","NORMAL_CLEARING","d1214266-e266-4689-9cb5-e3d542396f8d","","1003","",""
"1003","1003","100972567301988","default","2026-01-08 13:50:15","","2026-01-08 13:50:35","20","0","NORMAL_CLEARING","df45a71f-4082-4500-abdb-15b1f02ae87e","","1003","",""
"1003","1003","100972567301988","default","2026-01-08 13:50:21","","2026-01-08 13:50:41","20","0","NORMAL_CLEARING","d6c6cd9a-9b9f-4578-9121-b6312f542646","","1003","",""
"1003","1003","100421552302622","default","2026-01-08 13:50:21","","2026-01-08 13:50:41","20","0","NORMAL_CLEARING","6462e470-91ca-4412-bc85-2467a38b92a1","","1003","",""
"1003","1003","200421552302622","default","2026-01-08 13:50:38","","2026-01-08 13:50:58","20","0","UNALLOCATED_NUMBER","368a66db-232a-4441-89ea-2289e5e3be44","","1003","",""
"1003","1003","200972567301988","default","2026-01-08 13:50:38","","2026-01-08 13:50:59","21","0","UNALLOCATED_NUMBER","06deb008-4dbb-4118-91ad-7d3db7c1d03b","","1003","",""
"1003","1003","200972567301988","default","2026-01-08 13:50:38","","2026-01-08 13:50:59","21","0","UNALLOCATED_NUMBER","de40a3f8-6be2-4740-af22-e3bfd9510f5f","","1003","",""
"1003","1003","200972567301988","default","2026-01-08 13:50:38","","2026-01-08 13:50:59","21","0","UNALLOCATED_NUMBER","30b5f4df-5cad-4199-a4cf-31ff50c8e152","","1003","",""
"1003","1003","200421552302622","default","2026-01-08 13:50:38","","2026-01-08 13:50:59","21","0","UNALLOCATED_NUMBER","25762b96-f971-4077-b8e7-0a74c07d46e2","","1003","",""
"1003","1003","200421552302622","default","2026-01-08 13:50:38","","2026-01-08 13:50:59","21","0","UNALLOCATED_NUMBER","d851071b-7941-4ca9-b364-c7dc3538011f","","1003","",""
"1003","1003","200421552302622","default","2026-01-08 13:50:38","","2026-01-08 13:50:59","21","0","UNALLOCATED_NUMBER","57db92b9-f4fc-4db7-9df1-75fe7fdca3de","","1003","",""
"1003","1003","200972567301988","default","2026-01-08 13:50:38","","2026-01-08 13:50:59","21","0","UNALLOCATED_NUMBER","955d30dc-60ec-42cd-a10a-cf32e97a966b","","1003","",""
"1003","1003","200972567301988","default","2026-01-08 13:50:43","","2026-01-08 13:51:04","21","0","UNALLOCATED_NUMBER","5291e464-e6ba-4218-8ac0-8c1d55f0315b","","1003","",""
"1003","1003","200421552302622","default","2026-01-08 13:50:43","","2026-01-08 13:51:05","22","0","UNALLOCATED_NUMBER","48bcfb9e-038b-478a-b0c3-358065f1329b","","1003","",""
"1003","1003","300972567301988","default","2026-01-08 13:51:00","","2026-01-08 13:51:22","22","0","UNALLOCATED_NUMBER","27df46f2-4dfb-4fef-8727-a6960a4a3148","","1003","",""
"1003","1003","300972567301988","default","2026-01-08 13:51:00","","2026-01-08 13:51:22","22","0","UNALLOCATED_NUMBER","c36bdd6e-ddae-43d0-8e54-ce9838d0b603","","1003","",""
"1003","1003","300421552302622","default","2026-01-08 13:51:00","","2026-01-08 13:51:22","22","0","UNALLOCATED_NUMBER","36a94fb6-0643-417d-828b-74e56a6743d3","","1003","",""
"1003","1003","300972567301988","default","2026-01-08 13:51:01","","2026-01-08 13:51:22","21","0","UNALLOCATED_NUMBER","3442bce9-f307-46fb-b4b5-7fbe70afcb0b","","1003","",""
"1003","1003","300421552302622","default","2026-01-08 13:51:00","","2026-01-08 13:51:22","22","0","UNALLOCATED_NUMBER","ab59f6df-c0ae-409b-b374-36736cb52fc6","","1003","",""
"1003","1003","300421552302622","default","2026-01-08 13:51:01","","2026-01-08 13:51:22","21","0","UNALLOCATED_NUMBER","159a2587-6d72-445e-b2e7-ba7aa790fe9a","","1003","",""
"1003","1003","300421552302622","default","2026-01-08 13:51:01","","2026-01-08 13:51:23","22","0","UNALLOCATED_NUMBER","27adf581-0d2b-47a0-a600-8209babb606d","","1003","",""
"1003","1003","300972567301988","default","2026-01-08 13:51:01","","2026-01-08 13:51:23","22","0","UNALLOCATED_NUMBER","363ae2e5-ac18-4a1f-8f00-c165c9b028f5","","1003","",""
"1003","1003","300421552302622","default","2026-01-08 13:51:06","","2026-01-08 13:51:27","21","0","UNALLOCATED_NUMBER","668592a6-02ea-4b1b-ac28-16820f6b394e","","1003","",""
"1003","1003","300972567301988","default","2026-01-08 13:51:06","","2026-01-08 13:51:27","21","0","UNALLOCATED_NUMBER","b8ee1658-7eb5-4449-8a12-a4078bb60025","","1003","",""
"1003","1003","400972567301988","default","2026-01-08 13:51:23","","2026-01-08 13:51:44","21","0","UNALLOCATED_NUMBER","1c6b05da-0cc9-49bb-8365-90e0070f6348","","1003","",""
"1003","1003","400421552302622","default","2026-01-08 13:51:23","","2026-01-08 13:51:44","21","0","UNALLOCATED_NUMBER","bd89aef9-62e3-40d7-9621-a0f25273862b","","1003","",""
"1003","1003","400421552302622","default","2026-01-08 13:51:23","","2026-01-08 13:51:45","22","0","UNALLOCATED_NUMBER","7cbdfa88-afc8-4211-b737-b7b28440e452","","1003","",""
"1003","1003","400972567301988","default","2026-01-08 13:51:23","","2026-01-08 13:51:45","22","0","UNALLOCATED_NUMBER","bb996d6f-d3d4-483e-9eb4-1812785785c8","","1003","",""
"1003","1003","400972567301988","default","2026-01-08 13:51:23","","2026-01-08 13:51:45","22","0","UNALLOCATED_NUMBER","cffe130b-fed2-4334-9f7d-90b29342c928","","1003","",""
"1003","1003","400421552302622","default","2026-01-08 13:51:23","","2026-01-08 13:51:45","22","0","UNALLOCATED_NUMBER","09d91890-d9e2-4a32-a950-f04da1499358","","1003","",""
"1003","1003","400972567301988","default","2026-01-08 13:51:24","","2026-01-08 13:51:45","21","0","UNALLOCATED_NUMBER","27194a71-1588-4248-9f94-522ffbae3077","","1003","",""
"1003","1003","400421552302622","default","2026-01-08 13:51:24","","2026-01-08 13:51:46","22","0","UNALLOCATED_NUMBER","2c3cf983-81db-48df-b3bb-f360c455db55","","1003","",""
"1003","1003","400421552302622","default","2026-01-08 13:51:29","","2026-01-08 13:51:50","21","0","UNALLOCATED_NUMBER","29ffb868-9b09-4aa5-8daf-69c719ff5ec1","","1003","",""
"1003","1003","400972567301988","default","2026-01-08 13:51:29","","2026-01-08 13:51:51","22","0","UNALLOCATED_NUMBER","7b1c42f7-4cb4-49c0-80f6-acb4b9978e69","","1003","",""
"1003","1003","500421552302622","default","2026-01-08 13:51:44","","2026-01-08 13:52:06","22","0","UNALLOCATED_NUMBER","fdc8f5a7-ba3a-47d5-83ea-a1f868d66f1d","","1003","",""
"1003","1003","500421552302622","default","2026-01-08 13:51:44","","2026-01-08 13:52:06","22","0","UNALLOCATED_NUMBER","28382dac-472d-4d7f-9abc-9b85e595a6ab","","1003","",""
"1003","1003","500972567301988","default","2026-01-08 13:51:44","","2026-01-08 13:52:07","23","0","UNALLOCATED_NUMBER","29a3f345-1636-4ed8-9b4f-88d97af7a18b","","1003","",""
"1003","1003","500972567301988","default","2026-01-08 13:51:44","","2026-01-08 13:52:07","23","0","UNALLOCATED_NUMBER","330e330f-64de-4f7d-85a3-d6288e374291","","1003","",""
"1003","1003","500421552302622","default","2026-01-08 13:51:45","","2026-01-08 13:52:08","23","0","UNALLOCATED_NUMBER","fd505db6-56b5-45b1-87cd-027ded04fdcb","","1003","",""
"1003","1003","500972567301988","default","2026-01-08 13:51:45","","2026-01-08 13:52:08","23","0","UNALLOCATED_NUMBER","e52bebe9-bcdb-4f48-a947-27b1ef0c4185","","1003","",""
"1003","1003","500972567301988","default","2026-01-08 13:51:46","","2026-01-08 13:52:09","23","0","UNALLOCATED_NUMBER","fa94df35-017e-4c4d-b51a-c5fd30d19804","","1003","",""
"1003","1003","500421552302622","default","2026-01-08 13:51:46","","2026-01-08 13:52:09","23","0","UNALLOCATED_NUMBER","7e3ccdc9-fdd0-4d0b-a98b-0a3915f828fb","","1003","",""
"1003","1003","500421552302622","default","2026-01-08 13:51:51","","2026-01-08 13:52:14","23","0","UNALLOCATED_NUMBER","0fa2202f-812b-483a-a086-7d39b2855ad2","","1003","",""
"1003","1003","500972567301988","default","2026-01-08 13:51:51","","2026-01-08 13:52:15","24","0","UNALLOCATED_NUMBER","872456a5-8b27-4eeb-ace5-bebffd97c74b","","1003","",""
"1003","1003","600421552302622","default","2026-01-08 13:52:06","","2026-01-08 13:52:30","24","0","DESTINATION_OUT_OF_ORDER","480f255e-5bbf-44c3-a1d0-624887b6e51f","","1003","",""
"1003","1003","600972567301988","default","2026-01-08 13:52:07","","2026-01-08 13:52:30","23","0","DESTINATION_OUT_OF_ORDER","c3ee3194-d4d6-42ed-a051-75b5a02ed181","","1003","",""
"1003","1003","600972567301988","default","2026-01-08 13:52:07","","2026-01-08 13:52:30","23","0","DESTINATION_OUT_OF_ORDER","1124810a-d56b-4ffe-a6da-16c50c1d4e3a","","1003","",""
"1003","1003","600421552302622","default","2026-01-08 13:52:07","","2026-01-08 13:52:30","23","0","DESTINATION_OUT_OF_ORDER","83af0f0d-543c-42eb-a2d0-7219862addc8","","1003","",""
"1003","1003","600972567301988","default","2026-01-08 13:52:08","","2026-01-08 13:52:33","25","0","UNALLOCATED_NUMBER","3efaf142-6737-4e75-a089-697ed487275b","","1003","",""
"1003","1003","600421552302622","default","2026-01-08 13:52:08","","2026-01-08 13:52:33","25","0","UNALLOCATED_NUMBER","137358f7-0f56-49ba-9ae3-66af00fd792c","","1003","",""
"1003","1003","600972567301988","default","2026-01-08 13:52:09","","2026-01-08 13:52:33","24","0","UNALLOCATED_NUMBER","2cf8a900-7949-4c76-affa-eb7496c81c62","","1003","",""
"1003","1003","600421552302622","default","2026-01-08 13:52:09","","2026-01-08 13:52:34","25","0","UNALLOCATED_NUMBER","e382a9e9-4e82-4787-bc97-3481e8e9632e","","1003","",""
"1003","1003","600972567301988","default","2026-01-08 13:52:14","","2026-01-08 13:52:38","24","0","UNALLOCATED_NUMBER","406bbae5-8765-4bab-a949-1f33a1a06e1b","","1003","",""
"1003","1003","600421552302622","default","2026-01-08 13:52:14","","2026-01-08 13:52:38","24","0","UNALLOCATED_NUMBER","a2cc3360-a72b-44c1-979f-4b2dede53d9d","","1003","",""
"1003","1003","003421552302622","default","2026-01-08 13:52:30","","2026-01-08 13:52:54","24","0","NORMAL_CLEARING","4baf4ed2-1ce8-47ff-98cc-a6e6db2f5d2c","","1003","",""
"1003","1003","003972567301988","default","2026-01-08 13:52:30","","2026-01-08 13:52:54","24","0","NORMAL_CLEARING","7a8c6d2e-e48d-4238-a7eb-b70c66da3c3a","","1003","",""
"1003","1003","003421552302622","default","2026-01-08 13:52:32","","2026-01-08 13:52:56","24","0","NORMAL_CLEARING","5dbdaa5e-0a06-4b1f-95a9-f903287055d9","","1003","",""
"1003","1003","003972567301988","default","2026-01-08 13:52:32","","2026-01-08 13:52:56","24","0","NORMAL_CLEARING","ae00a882-f579-4d91-8289-000f9a2b8991","","1003","",""
"1003","1003","003972567301988","default","2026-01-08 13:52:37","","2026-01-08 13:53:00","23","0","NORMAL_CLEARING","3ebb24a5-38cc-41e6-ab9f-4129b30df194","","1003","",""
"1003","1003","003421552302622","default","2026-01-08 13:52:37","","2026-01-08 13:53:00","23","0","NORMAL_CLEARING","0e9254c1-18bd-4efd-9d1a-b9a72f89f141","","1003","",""
"1003","1003","004421552302622","default","2026-01-08 13:52:50","","2026-01-08 13:53:12","22","0","NORMAL_CLEARING","0114c3ce-5768-4ae8-98ea-f17b8a1f4d36","","1003","",""
"1003","1003","004972567301988","default","2026-01-08 13:52:50","","2026-01-08 13:53:12","22","0","NORMAL_CLEARING","f2db971c-17e2-4725-80f3-63bfdfc095c2","","1003","",""
"1003","1003","004421552302622","default","2026-01-08 13:52:51","","2026-01-08 13:53:13","22","0","NORMAL_CLEARING","ab68c4ef-40ed-47ab-9d93-100b685735d4","","1003","",""
"1003","1003","004972567301988","default","2026-01-08 13:52:51","","2026-01-08 13:53:13","22","0","NORMAL_CLEARING","fe3eccb9-4f18-4461-ade6-598cd49156ec","","1003","",""
"1003","1003","004972567301988","default","2026-01-08 13:52:53","","2026-01-08 13:53:15","22","0","NORMAL_CLEARING","04660472-442b-4720-8f7e-998a0541a0d2","","1003","",""
"1003","1003","004421552302622","default","2026-01-08 13:52:53","","2026-01-08 13:53:15","22","0","NORMAL_CLEARING","c08d6c29-e5ff-44e2-86fe-176fda6c4bf4","","1003","",""
"1003","1003","004972567301988","default","2026-01-08 13:52:55","","2026-01-08 13:53:16","21","0","NORMAL_CLEARING","3f977bde-e97f-4133-ba91-14c73922805b","","1003","",""
"1003","1003","004421552302622","default","2026-01-08 13:52:55","","2026-01-08 13:53:17","22","0","NORMAL_CLEARING","fa060bd5-4b73-4a83-a80f-855084724119","","1003","",""
"1003","1003","004972567301988","default","2026-01-08 13:53:00","","2026-01-08 13:53:22","22","0","NORMAL_CLEARING","31f728d6-2b16-4856-8591-50144c45ad0b","","1003","",""
"1003","1003","004421552302622","default","2026-01-08 13:53:00","","2026-01-08 13:53:22","22","0","NORMAL_CLEARING","874294c4-36b8-43d1-9ec9-8c7daf036eaf","","1003","",""
"1003","1003","005972567301988","default","2026-01-08 13:53:13","","2026-01-08 13:53:35","22","0","NORMAL_CLEARING","0829c536-5a23-4a99-b415-a525b4eb423e","","1003","",""
"1003","1003","005421552302622","default","2026-01-08 13:53:13","","2026-01-08 13:53:35","22","0","NORMAL_CLEARING","7163958a-c97b-4c69-a923-a2ffdf69c451","","1003","",""
"1003","1003","005421552302622","default","2026-01-08 13:53:14","","2026-01-08 13:53:35","21","0","NORMAL_CLEARING","15ee341e-301d-4d91-982b-0b7d83e0bce9","","1003","",""
"1003","1003","005972567301988","default","2026-01-08 13:53:14","","2026-01-08 13:53:35","21","0","NORMAL_CLEARING","a3678f7f-fb49-4db2-906d-17d2ac5bf9cc","","1003","",""
"1003","1003","005972567301988","default","2026-01-08 13:53:15","","2026-01-08 13:53:37","22","0","NORMAL_CLEARING","dc2521c5-66a8-40ff-b11b-18e9dfd53a05","","1003","",""
"1003","1003","005421552302622","default","2026-01-08 13:53:15","","2026-01-08 13:53:37","22","0","NORMAL_CLEARING","47c200fe-5a3e-4b87-a522-8052f8acac76","","1003","",""
"1003","1003","005972567301988","default","2026-01-08 13:53:18","","2026-01-08 13:53:39","21","0","NORMAL_CLEARING","3d1a3417-8312-47ff-bcff-c27fa9760e58","","1003","",""
"1003","1003","005421552302622","default","2026-01-08 13:53:18","","2026-01-08 13:53:39","21","0","NORMAL_CLEARING","b05c68b5-e7fb-4cac-8c86-7173481215a4","","1003","",""
"1003","1003","005972567301988","default","2026-01-08 13:53:23","","2026-01-08 13:53:43","20","0","NORMAL_CLEARING","85d69868-34b1-474f-ac88-03b53a69e07d","","1003","",""
"1003","1003","005421552302622","default","2026-01-08 13:53:23","","2026-01-08 13:53:43","20","0","NORMAL_CLEARING","4edb7a96-816f-4f8e-80ca-1cc99a979e43","","1003","",""
"1003","1003","006972567301988","default","2026-01-08 13:53:36","","2026-01-08 13:53:55","19","0","NORMAL_CLEARING","9bb08895-29aa-43f4-a077-4fa0193b80c8","","1003","",""
"1003","1003","006421552302622","default","2026-01-08 13:53:36","","2026-01-08 13:53:55","19","0","NORMAL_CLEARING","80d8de6d-0cf8-45db-a9b7-d4718e52a9c5","","1003","",""
"1003","1003","006972567301988","default","2026-01-08 13:53:36","","2026-01-08 13:53:55","19","0","NORMAL_CLEARING","8d688030-f284-4a99-b88f-80b65694b762","","1003","",""
"1003","1003","006421552302622","default","2026-01-08 13:53:36","","2026-01-08 13:53:56","20","0","NORMAL_CLEARING","ae36f2bc-ebd9-4002-90b0-96b59c5f7e7c","","1003","",""
"1003","1003","006421552302622","default","2026-01-08 13:53:38","","2026-01-08 13:53:57","19","0","NORMAL_CLEARING","9a1343cc-ba8b-4086-a8aa-ddad6c6d0170","","1003","",""
"1003","1003","006972567301988","default","2026-01-08 13:53:38","","2026-01-08 13:53:58","20","0","NORMAL_CLEARING","586e9b01-c493-4914-8bba-58bae7639617","","1003","",""
"1003","1003","006421552302622","default","2026-01-08 13:53:40","","2026-01-08 13:53:59","19","0","NORMAL_CLEARING","bbeefd6d-01ef-4df0-a5fd-dbcfc1b02a18","","1003","",""
"1003","1003","006972567301988","default","2026-01-08 13:53:40","","2026-01-08 13:53:59","19","0","NORMAL_CLEARING","2bfab520-023b-45b9-b43f-f39b0327dcb3","","1003","",""
"1003","1003","006421552302622","default","2026-01-08 13:53:45","","2026-01-08 13:54:04","19","0","NORMAL_CLEARING","dca59a34-188e-4c91-b3b8-08d3d54844cb","","1003","",""
"1003","1003","006972567301988","default","2026-01-08 13:53:45","","2026-01-08 13:54:04","19","0","NORMAL_CLEARING","3ef69606-3c0e-4cdc-a3b5-94cd215da083","","1003","",""
"1003","1003","008972567301988","default","2026-01-08 13:53:58","","2026-01-08 13:54:17","19","0","NORMAL_CLEARING","461d2943-9e53-48eb-9151-60845c2c3f75","","1003","",""
"1003","1003","008421552302622","default","2026-01-08 13:53:58","","2026-01-08 13:54:17","19","0","NORMAL_CLEARING","7346e165-d8ba-483a-8657-573778f424fb","","1003","",""
"1003","1003","008421552302622","default","2026-01-08 13:53:59","","2026-01-08 13:54:18","19","0","NORMAL_CLEARING","051f58d5-b4cb-41dc-a402-043ca2bf5389","","1003","",""
"1003","1003","008972567301988","default","2026-01-08 13:53:59","","2026-01-08 13:54:18","19","0","NORMAL_CLEARING","e72a4c13-f264-4791-9d1f-825d9cf0f3c7","","1003","",""
"1003","1003","008972567301988","default","2026-01-08 13:54:01","","2026-01-08 13:54:20","19","0","NORMAL_CLEARING","513d3d0c-9272-4b30-a2eb-ad9a0405eb90","","1003","",""
"1003","1003","008421552302622","default","2026-01-08 13:54:01","","2026-01-08 13:54:21","20","0","NORMAL_CLEARING","573c47ce-ece8-4845-b9ed-15c705252f04","","1003","",""
"1003","1003","008421552302622","default","2026-01-08 13:54:02","","2026-01-08 13:54:23","21","0","NORMAL_CLEARING","8682c131-6b66-4cef-a8c3-97e455dc5d36","","1003","",""
"1003","1003","008972567301988","default","2026-01-08 13:54:03","","2026-01-08 13:54:23","20","0","NORMAL_CLEARING","73abba7a-8197-4250-b3e0-b547c67e3a3c","","1003","",""
"1003","1003","008421552302622","default","2026-01-08 13:54:08","","2026-01-08 13:54:29","21","0","NORMAL_CLEARING","50d6202e-53b9-4a29-8a64-d9cb65648c95","","1003","",""
"1003","1003","008972567301988","default","2026-01-08 13:54:08","","2026-01-08 13:54:29","21","0","NORMAL_CLEARING","1cff32d0-e7e9-490d-8512-3db0efa38a46","","1003","",""
"1003","1003","9001972567301988","default","2026-01-08 13:54:21","","2026-01-08 13:54:42","21","0","NORMAL_CLEARING","96435239-1e57-438f-89f1-16cf1274a63c","","1003","",""
"1003","1003","9001972567301988","default","2026-01-08 13:54:21","","2026-01-08 13:54:42","21","0","NORMAL_CLEARING","3574e11e-7db0-4f07-b460-66b676208135","","1003","",""
"1003","1003","9001421552302622","default","2026-01-08 13:54:21","","2026-01-08 13:54:42","21","0","NORMAL_CLEARING","974c007c-0ac8-4016-9688-c8c825ed8417","","1003","",""
"1003","1003","9001421552302622","default","2026-01-08 13:54:21","","2026-01-08 13:54:42","21","0","NORMAL_CLEARING","4bbf1d6a-be65-43d6-9b58-b13546ea00b5","","1003","",""
"1003","1003","9001972567301988","default","2026-01-08 13:54:24","","2026-01-08 13:54:44","20","0","NORMAL_CLEARING","834117bc-9e59-4803-bafb-5d357f44e675","","1003","",""
"1003","1003","9001421552302622","default","2026-01-08 13:54:24","","2026-01-08 13:54:44","20","0","NORMAL_CLEARING","dc44c183-33e9-44a0-a1c4-45c016869319","","1003","",""
"1003","1003","9001972567301988","default","2026-01-08 13:54:25","","2026-01-08 13:54:46","21","0","NORMAL_CLEARING","713e9aa0-413c-467c-b05e-e3959121ef0a","","1003","",""
"1003","1003","9001421552302622","default","2026-01-08 13:54:25","","2026-01-08 13:54:46","21","0","NORMAL_CLEARING","f9733052-4951-491a-856e-d7c320a42a9e","","1003","",""
"1003","1003","9001972567301988","default","2026-01-08 13:54:31","","2026-01-08 13:54:51","20","0","NORMAL_CLEARING","c155b0f0-7cc3-4384-b661-5438269cff8f","","1003","",""
"1003","1003","9001421552302622","default","2026-01-08 13:54:31","","2026-01-08 13:54:52","21","0","NORMAL_CLEARING","1101f57f-9d18-42e8-9b2b-f16a49340e82","","1003","",""
"1003","1003","9002972567301988","default","2026-01-08 13:54:43","","2026-01-08 13:55:03","20","0","NORMAL_CLEARING","52d42f2a-3afa-490b-a137-c9e8c7d1a2d6","","1003","",""
"1003","1003","9002421552302622","default","2026-01-08 13:54:43","","2026-01-08 13:55:03","20","0","NORMAL_CLEARING","27a57cdb-5f60-4c1f-a3eb-762d761c246d","","1003","",""
"1003","1003","9002972567301988","default","2026-01-08 13:54:44","","2026-01-08 13:55:03","19","0","NORMAL_CLEARING","6a945214-07b0-4b5c-a99c-f853f62bf450","","1003","",""
"1003","1003","9002421552302622","default","2026-01-08 13:54:44","","2026-01-08 13:55:03","19","0","NORMAL_CLEARING","60ee1bf7-d025-4308-8458-0cb4985d995d","","1003","",""
"1003","1003","9002972567301988","default","2026-01-08 13:54:46","","2026-01-08 13:55:05","19","0","NORMAL_CLEARING","822c8146-9424-479e-ad47-8e84f1317f61","","1003","",""
"1003","1003","9002421552302622","default","2026-01-08 13:54:46","","2026-01-08 13:55:05","19","0","NORMAL_CLEARING","01759885-0aa3-48cb-b2ba-6fefc02dd9ea","","1003","",""
"1003","1003","9002421552302622","default","2026-01-08 13:54:48","","2026-01-08 13:55:06","18","0","NORMAL_CLEARING","d0073158-3d17-4144-b521-3a34239a9687","","1003","",""
"1003","1003","9002972567301988","default","2026-01-08 13:54:48","","2026-01-08 13:55:06","18","0","NORMAL_CLEARING","57040cd5-f910-480a-b96d-ae73628ed17c","","1003","",""
"1003","1003","9002972567301988","default","2026-01-08 13:54:53","","2026-01-08 13:55:09","16","0","NORMAL_CLEARING","fcebfd31-8696-42a8-8ab4-c3f2e701cd9b","","1003","",""
"1003","1003","9002421552302622","default","2026-01-08 13:54:53","","2026-01-08 13:55:09","16","0","NORMAL_CLEARING","2a74011f-2739-4691-a78b-7ded2eb88f14","","1003","",""
"1003","1003","9003421552302622","default","2026-01-08 13:55:06","","2026-01-08 13:55:19","13","0","NORMAL_CLEARING","af8d5bd9-e953-4624-bfc8-1983b4bf9d28","","1003","",""
"1003","1003","9003421552302622","default","2026-01-08 13:55:06","","2026-01-08 13:55:19","13","0","NORMAL_CLEARING","3d316a34-96ed-4bcf-8aa3-89306fec03ed","","1003","",""
"1003","1003","9003972567301988","default","2026-01-08 13:55:06","","2026-01-08 13:55:19","13","0","NORMAL_CLEARING","cd747c93-2531-4d70-9ff2-00cfea0600f0","","1003","",""
"1003","1003","9003972567301988","default","2026-01-08 13:55:06","","2026-01-08 13:55:19","13","0","NORMAL_CLEARING","24ff15d0-8fb2-4920-a521-293a6714099a","","1003","",""
"1003","1003","9003972567301988","default","2026-01-08 13:55:09","","2026-01-08 13:55:21","12","0","NORMAL_CLEARING","4a0777ac-ce28-440e-9a7b-01fd97813a93","","1003","",""
"1003","1003","9003421552302622","default","2026-01-08 13:55:09","","2026-01-08 13:55:22","13","0","NORMAL_CLEARING","fc931218-bfba-4e5c-bb36-b4744d5be3f3","","1003","",""
"1003","1003","9003972567301988","default","2026-01-08 13:55:11","","2026-01-08 13:55:23","12","0","NORMAL_CLEARING","a2d1a449-1a16-4f30-b015-6b1597bd518e","","1003","",""
"1003","1003","9003421552302622","default","2026-01-08 13:55:11","","2026-01-08 13:55:24","13","0","NORMAL_CLEARING","5399a20a-5363-47cc-a905-d35a2b631794","","1003","",""
"1003","1003","9003421552302622","default","2026-01-08 13:55:16","","2026-01-08 13:55:29","13","0","NORMAL_CLEARING","aa975c13-6fb9-4de1-bc1f-33f500afa8e8","","1003","",""
"1003","1003","9003972567301988","default","2026-01-08 13:55:16","","2026-01-08 13:55:29","13","0","NORMAL_CLEARING","6c35bbba-0762-48b3-85e6-7349f11339e6","","1003","",""
"1003","1003","9004972567301988","default","2026-01-08 13:55:29","","2026-01-08 13:55:42","13","0","NORMAL_CLEARING","4bec8f2c-61b9-4d6a-80c6-76eeb417ca9f","","1003","",""
"1003","1003","9004421552302622","default","2026-01-08 13:55:28","","2026-01-08 13:55:42","14","0","NORMAL_CLEARING","aad3bdd7-d1f6-4aa6-bfd8-627b9533983e","","1003","",""
"1003","1003","9004421552302622","default","2026-01-08 13:55:29","","2026-01-08 13:55:42","13","0","NORMAL_CLEARING","9b1cdb7a-81a5-4b0f-a88b-a9237106dd20","","1003","",""
"1003","1003","9004972567301988","default","2026-01-08 13:55:29","","2026-01-08 13:55:42","13","0","NORMAL_CLEARING","815d9678-29bd-4c27-876a-391e9999e4a0","","1003","",""
"1003","1003","9004972567301988","default","2026-01-08 13:55:31","","2026-01-08 13:55:44","13","0","NORMAL_CLEARING","a3f3ef9e-6bd1-4207-9ce2-1a709e0fafb5","","1003","",""
"1003","1003","9004421552302622","default","2026-01-08 13:55:31","","2026-01-08 13:55:44","13","0","NORMAL_CLEARING","4c69d8d2-a3cc-4412-b56e-cf6d2ed61979","","1003","",""
"1003","1003","9004421552302622","default","2026-01-08 13:55:33","","2026-01-08 13:55:46","13","0","NORMAL_CLEARING","033615a9-969a-4c3a-8ac6-73abcf6fc8f6","","1003","",""
"1003","1003","9004972567301988","default","2026-01-08 13:55:33","","2026-01-08 13:55:46","13","0","NORMAL_CLEARING","86640bf4-9799-491b-9b29-baa40a2fa01d","","1003","",""
"1003","1003","9004421552302622","default","2026-01-08 13:55:39","","2026-01-08 13:55:52","13","0","NORMAL_CLEARING","1092c7d2-0a45-473c-8441-7d3f9fcee428","","1003","",""
"1003","1003","9004972567301988","default","2026-01-08 13:55:39","","2026-01-08 13:55:52","13","0","NORMAL_CLEARING","6e44939e-44a3-443b-912a-4517c9caa8ff","","1003","",""
"1003","1003","9005972567301988","default","2026-01-08 13:55:51","","2026-01-08 13:56:05","14","0","NORMAL_CLEARING","f0fae4dd-d350-4fad-8bde-b4c4a79965f5","","1003","",""
"1003","1003","9005972567301988","default","2026-01-08 13:55:51","","2026-01-08 13:56:05","14","0","NORMAL_CLEARING","9635c6d4-9dff-4a46-b6ef-782757069345","","1003","",""
"1003","1003","9005421552302622","default","2026-01-08 13:55:51","","2026-01-08 13:56:05","14","0","NORMAL_CLEARING","06bfc639-7479-44a2-bd17-f1cd60f9261b","","1003","",""
"1003","1003","9005421552302622","default","2026-01-08 13:55:51","","2026-01-08 13:56:06","15","0","NORMAL_CLEARING","d7d3e5dd-1448-4b68-bcd4-0bd94e9aa2e1","","1003","",""
"1003","1003","9005972567301988","default","2026-01-08 13:55:54","","2026-01-08 13:56:07","13","0","NORMAL_CLEARING","44ef0137-90f2-421c-9109-98c846e4465a","","1003","",""
"1003","1003","9005421552302622","default","2026-01-08 13:55:54","","2026-01-08 13:56:07","13","0","NORMAL_CLEARING","4b1a411c-7467-498f-8f44-f58d377fefc2","","1003","",""
"1003","1003","9005972567301988","default","2026-01-08 13:55:56","","2026-01-08 13:56:10","14","0","NORMAL_CLEARING","e556a5c0-c791-42f9-bc46-3b77afaeba01","","1003","",""
"1003","1003","9005421552302622","default","2026-01-08 13:55:56","","2026-01-08 13:56:10","14","0","NORMAL_CLEARING","cc23f080-38b9-43ca-a4e7-c1c05f817155","","1003","",""
"1003","1003","9005421552302622","default","2026-01-08 13:56:01","","2026-01-08 13:56:14","13","0","NORMAL_CLEARING","50ce3676-f395-4a8c-8390-ec462f45a6b1","","1003","",""
"1003","1003","9005972567301988","default","2026-01-08 13:56:01","","2026-01-08 13:56:14","13","0","NORMAL_CLEARING","b90b78cc-a98d-4b5c-a816-c66f8ef4da38","","1003","",""
"1003","1003","9006421552302622","default","2026-01-08 13:56:14","","2026-01-08 13:56:27","13","0","NORMAL_CLEARING","3eed06a2-47d3-4893-82ad-a5204a00f26e","","1003","",""
"1003","1003","9006972567301988","default","2026-01-08 13:56:14","","2026-01-08 13:56:27","13","0","NORMAL_CLEARING","77525ee3-b6ff-4cb1-aa4a-09a12c204e26","","1003","",""
"1003","1003","9006972567301988","default","2026-01-08 13:56:14","","2026-01-08 13:56:27","13","0","NORMAL_CLEARING","2e66235e-07e4-47eb-8bc6-bb2832cc8518","","1003","",""
"1003","1003","9006421552302622","default","2026-01-08 13:56:14","","2026-01-08 13:56:27","13","0","NORMAL_CLEARING","daba7cc7-c231-45e8-9cd2-6f4b80d7b99b","","1003","",""
"1003","1003","9006421552302622","default","2026-01-08 13:56:16","","2026-01-08 13:56:29","13","0","NORMAL_CLEARING","b0d58c08-0f91-4a75-a813-5bf77d78fba7","","1003","",""
"1003","1003","9006972567301988","default","2026-01-08 13:56:16","","2026-01-08 13:56:29","13","0","NORMAL_CLEARING","dd7f34aa-ef1f-42ce-bf0a-fa918d647730","","1003","",""
"1003","1003","9006972567301988","default","2026-01-08 13:56:18","","2026-01-08 13:56:31","13","0","NORMAL_CLEARING","e3df3abc-5da4-48fc-b4ff-8cac30f93a23","","1003","",""
"1003","1003","9006421552302622","default","2026-01-08 13:56:18","","2026-01-08 13:56:31","13","0","NORMAL_CLEARING","4e15165c-5984-4c59-a36f-7b2862331da8","","1003","",""
"1003","1003","9006972567301988","default","2026-01-08 13:56:24","","2026-01-08 13:56:37","13","0","NORMAL_CLEARING","8f51acdc-6ebc-48c7-81b8-b6c1e2215386","","1003","",""
"1003","1003","9006421552302622","default","2026-01-08 13:56:24","","2026-01-08 13:56:37","13","0","NORMAL_CLEARING","7d18a6e1-1ab0-4fb3-9bd4-6f55683abe7d","","1003","",""
"1003","1003","9007972567301988","default","2026-01-08 13:56:36","","2026-01-08 13:56:49","13","0","NORMAL_CLEARING","0de7506a-8ee3-401a-b96e-2314ac247187","","1003","",""
"1003","1003","9007972567301988","default","2026-01-08 13:56:36","","2026-01-08 13:56:49","13","0","NORMAL_CLEARING","923053ec-c866-4645-9c23-163624e27777","","1003","",""
"1003","1003","9007421552302622","default","2026-01-08 13:56:36","","2026-01-08 13:56:49","13","0","NORMAL_CLEARING","25df2a51-93d3-40c2-93ef-d1c7e6f69c0d","","1003","",""
"1003","1003","9007421552302622","default","2026-01-08 13:56:36","","2026-01-08 13:56:50","14","0","NORMAL_CLEARING","22cf92e0-2389-4a57-b3b6-3b150273a152","","1003","",""
"1003","1003","9007972567301988","default","2026-01-08 13:56:37","","2026-01-08 13:56:50","13","0","NORMAL_CLEARING","0ec4fed6-5adb-4144-8b35-b49d8c378dbb","","1003","",""
"1003","1003","9007421552302622","default","2026-01-08 13:56:37","","2026-01-08 13:56:50","13","0","NORMAL_CLEARING","df197688-8138-4ac2-8b33-e06bc009094c","","1003","",""
"1003","1003","9007421552302622","default","2026-01-08 13:56:41","","2026-01-08 13:56:54","13","0","NORMAL_CLEARING","0818deaf-3822-4d9f-aa43-dcb95276573e","","1003","",""
"1003","1003","9007972567301988","default","2026-01-08 13:56:41","","2026-01-08 13:56:54","13","0","NORMAL_CLEARING","4e9d4273-347d-4919-979c-d25db24fd755","","1003","",""
"1003","1003","9007972567301988","default","2026-01-08 13:56:46","","2026-01-08 13:57:00","14","0","NORMAL_CLEARING","09e79b4a-8edb-4175-a796-ef4813a9f9f1","","1003","",""
"1003","1003","9007421552302622","default","2026-01-08 13:56:46","","2026-01-08 13:57:00","14","0","NORMAL_CLEARING","6b814e30-b88d-4c42-b1c6-acd3822f81ab","","1003","",""
"1003","1003","9008972567301988","default","2026-01-08 13:56:59","","2026-01-08 13:57:12","13","0","NORMAL_CLEARING","b07b9c16-f4f3-4588-bf6a-afb9898692a9","","1003","",""
"1003","1003","9008972567301988","default","2026-01-08 13:56:58","","2026-01-08 13:57:12","14","0","NORMAL_CLEARING","7007f1ab-0c3f-4cab-b3fa-c5e3e146dc6e","","1003","",""
"1003","1003","9008421552302622","default","2026-01-08 13:56:59","","2026-01-08 13:57:12","13","0","NORMAL_CLEARING","7fbecff6-98e5-408c-9dc4-bf6d7ef7594b","","1003","",""
"1003","1003","9008421552302622","default","2026-01-08 13:56:58","","2026-01-08 13:57:12","14","0","NORMAL_CLEARING","e6fe8d62-716d-4b14-80b7-fa7f9e7b96d8","","1003","",""
"1003","1003","9008421552302622","default","2026-01-08 13:56:59","","2026-01-08 13:57:12","13","0","NORMAL_CLEARING","24179881-6acc-4c78-b7fb-939002eaffe5","","1003","",""
"1003","1003","9008972567301988","default","2026-01-08 13:56:59","","2026-01-08 13:57:12","13","0","NORMAL_CLEARING","58d1a391-da5d-4b12-af57-673f416c0b1c","","1003","",""
"1003","1003","9008972567301988","default","2026-01-08 13:57:03","","2026-01-08 13:57:16","13","0","NORMAL_CLEARING","60659d83-0e37-4efb-9532-4d7d348d245f","","1003","",""
"1003","1003","9008421552302622","default","2026-01-08 13:57:03","","2026-01-08 13:57:16","13","0","NORMAL_CLEARING","37ed5113-9afe-4905-ba4b-efbc95f1d3c4","","1003","",""
"1003","1003","9008972567301988","default","2026-01-08 13:57:08","","2026-01-08 13:57:21","13","0","NORMAL_CLEARING","6c4e19c3-2c7f-4252-b0b0-814a2aa1b4f9","","1003","",""
"1003","1003","9008421552302622","default","2026-01-08 13:57:08","","2026-01-08 13:57:21","13","0","NORMAL_CLEARING","d2e329a9-297d-4aa1-8009-5f40670095fe","","1003","",""
"1003","1003","9009972567301988","default","2026-01-08 13:57:21","","2026-01-08 13:57:34","13","0","NORMAL_CLEARING","42a53bc4-887a-4189-8c0c-22bb819cb6ce","","1003","",""
"1003","1003","9009421552302622","default","2026-01-08 13:57:21","","2026-01-08 13:57:34","13","0","NORMAL_CLEARING","20b53ddc-16b2-481a-b6ca-dca7f4ab9a54","","1003","",""
"1003","1003","9009421552302622","default","2026-01-08 13:57:21","","2026-01-08 13:57:34","13","0","NORMAL_CLEARING","096d87b9-98c4-4e98-b535-eb37e62b6147","","1003","",""
"1003","1003","9009972567301988","default","2026-01-08 13:57:21","","2026-01-08 13:57:34","13","0","NORMAL_CLEARING","29a0ca50-ffe8-48bf-81c7-37f8beed5a49","","1003","",""
"1003","1003","9009421552302622","default","2026-01-08 13:57:21","","2026-01-08 13:57:34","13","0","NORMAL_CLEARING","6fbcfd53-391d-49be-9bbd-338df451b58b","","1003","",""
"1003","1003","9009972567301988","default","2026-01-08 13:57:21","","2026-01-08 13:57:34","13","0","NORMAL_CLEARING","564dbf14-b2c9-4b86-9042-1d8ca79b6ce8","","1003","",""
"1003","1003","9009972567301988","default","2026-01-08 13:57:25","","2026-01-08 13:57:38","13","0","NORMAL_CLEARING","b641dd9a-ff30-47df-af65-a083c0741167","","1003","",""
"1003","1003","9009421552302622","default","2026-01-08 13:57:25","","2026-01-08 13:57:38","13","0","NORMAL_CLEARING","5cbd3d0d-e245-487f-8f37-c90b7528be46","","1003","",""
"1003","1003","9009421552302622","default","2026-01-08 13:57:30","","2026-01-08 13:57:43","13","0","NORMAL_CLEARING","a635eb70-74d3-4d96-ae52-633b6a7fc033","","1003","",""
"1003","1003","9009972567301988","default","2026-01-08 13:57:30","","2026-01-08 13:57:43","13","0","NORMAL_CLEARING","462d160b-a2ab-458b-a68b-a542d304eca4","","1003","",""
"1003","1003","012972567301988","default","2026-01-08 13:57:43","","2026-01-08 13:57:56","13","0","NORMAL_CLEARING","28ada76b-bb20-4908-bca7-b547aa0ebcc6","","1003","",""
"1003","1003","012972567301988","default","2026-01-08 13:57:43","","2026-01-08 13:57:56","13","0","NORMAL_CLEARING","7131182f-6ea6-4fd8-b07f-8f89ee5e2b5e","","1003","",""
"1003","1003","012421552302622","default","2026-01-08 13:57:43","","2026-01-08 13:57:56","13","0","NORMAL_CLEARING","e3a91773-74cf-4e7c-89ab-29fc960b2193","","1003","",""
"1003","1003","012421552302622","default","2026-01-08 13:57:43","","2026-01-08 13:57:56","13","0","NORMAL_CLEARING","27460f3c-f153-4827-bb24-5ad891ec3b6e","","1003","",""
"1003","1003","012421552302622","default","2026-01-08 13:57:43","","2026-01-08 13:57:56","13","0","NORMAL_CLEARING","9df9008a-c29e-4a74-a1ed-298b5f42b7bc","","1003","",""
"1003","1003","012972567301988","default","2026-01-08 13:57:43","","2026-01-08 13:57:56","13","0","NORMAL_CLEARING","4829409f-c355-4d99-944c-0737735b4ee8","","1003","",""
"1003","1003","012972567301988","default","2026-01-08 13:57:47","","2026-01-08 13:58:00","13","0","NORMAL_CLEARING","41132d7f-abb1-42cd-a60f-4bc483e292be","","1003","",""
"1003","1003","012421552302622","default","2026-01-08 13:57:47","","2026-01-08 13:58:00","13","0","NORMAL_CLEARING","673d015c-f5f8-471a-96a7-c8c4de29936e","","1003","",""
"1003","1003","012972567301988","default","2026-01-08 13:57:53","","2026-01-08 13:58:06","13","0","NORMAL_CLEARING","aca01019-9170-49bc-aeee-791fa867defa","","1003","",""
"1003","1003","012421552302622","default","2026-01-08 13:57:53","","2026-01-08 13:58:06","13","0","NORMAL_CLEARING","4a8730d7-2aa2-4c63-8d0b-1bb03eee727b","","1003","",""
"1003","1003","013972567301988","default","2026-01-08 13:58:05","","2026-01-08 13:58:18","13","0","NORMAL_CLEARING","bce7445f-0bd3-470e-b4f3-d38d11555a5b","","1003","",""
"1003","1003","013421552302622","default","2026-01-08 13:58:05","","2026-01-08 13:58:18","13","0","NORMAL_CLEARING","ebc55074-51e8-4dc8-a19c-6ffe03e14b66","","1003","",""
"1003","1003","013972567301988","default","2026-01-08 13:58:05","","2026-01-08 13:58:18","13","0","NORMAL_CLEARING","683e7130-7e50-4266-be0a-4506ae4e120b","","1003","",""
"1003","1003","013421552302622","default","2026-01-08 13:58:05","","2026-01-08 13:58:18","13","0","NORMAL_CLEARING","61746bcd-795a-443f-84e0-136dd27658a0","","1003","",""
"1003","1003","013972567301988","default","2026-01-08 13:58:06","","2026-01-08 13:58:18","12","0","NORMAL_CLEARING","dd79ecb3-21fb-46b3-b4e8-6d866e931b98","","1003","",""
"1003","1003","013421552302622","default","2026-01-08 13:58:06","","2026-01-08 13:58:18","12","0","NORMAL_CLEARING","9270e0fb-6106-4d47-9790-0a98937a26b9","","1003","",""
"1003","1003","013972567301988","default","2026-01-08 13:58:10","","2026-01-08 13:58:22","12","0","NORMAL_CLEARING","3feefdd7-6fe5-4e00-b0ea-5af0ad3e7067","","1003","",""
"1003","1003","013421552302622","default","2026-01-08 13:58:10","","2026-01-08 13:58:22","12","0","NORMAL_CLEARING","591ccbb8-cc1b-45ac-94dd-c752c235351e","","1003","",""
"1003","1003","013421552302622","default","2026-01-08 13:58:15","","2026-01-08 13:58:27","12","0","NORMAL_CLEARING","f677160c-476f-4287-ad51-9afd9252f9ae","","1003","",""
"1003","1003","013972567301988","default","2026-01-08 13:58:15","","2026-01-08 13:58:27","12","0","NORMAL_CLEARING","ab3132b9-850c-4e54-992f-57c285c1c62a","","1003","",""
"1003","1003","014421552302622","default","2026-01-08 13:58:27","","2026-01-08 13:58:39","12","0","NORMAL_CLEARING","a97700e9-7916-4759-afab-5f2a49f1aba6","","1003","",""
"1003","1003","014972567301988","default","2026-01-08 13:58:27","","2026-01-08 13:58:39","12","0","NORMAL_CLEARING","7f38acab-c733-4763-9028-8fe4aa29ca25","","1003","",""
"1003","1003","014421552302622","default","2026-01-08 13:58:28","","2026-01-08 13:58:40","12","0","NORMAL_CLEARING","b506ae4a-1712-4103-9138-19b4f753bba6","","1003","",""
"1003","1003","014972567301988","default","2026-01-08 13:58:28","","2026-01-08 13:58:40","12","0","NORMAL_CLEARING","b5d83b50-202e-4477-ad35-57d9514a4c3c","","1003","",""
"1003","1003","014972567301988","default","2026-01-08 13:58:28","","2026-01-08 13:58:40","12","0","NORMAL_CLEARING","b734d910-3741-4728-ba96-172255654b60","","1003","",""
"1003","1003","014421552302622","default","2026-01-08 13:58:28","","2026-01-08 13:58:40","12","0","NORMAL_CLEARING","0e290071-a45c-4131-be18-5a13362ae0c6","","1003","",""
"1003","1003","014972567301988","default","2026-01-08 13:58:32","","2026-01-08 13:58:45","13","0","NORMAL_CLEARING","4f4a47db-6da9-4cb4-9307-796d138c8211","","1003","",""
"1003","1003","014421552302622","default","2026-01-08 13:58:32","","2026-01-08 13:58:45","13","0","NORMAL_CLEARING","a1bb6042-c134-4ead-a8a0-eba27f66dce0","","1003","",""
"1003","1003","014421552302622","default","2026-01-08 13:58:37","","2026-01-08 13:58:50","13","0","NORMAL_CLEARING","5f1432fe-c502-419d-af3c-19e4e34a91e2","","1003","",""
"1003","1003","014972567301988","default","2026-01-08 13:58:37","","2026-01-08 13:58:50","13","0","NORMAL_CLEARING","0aadc59d-0f9c-4c79-9fe4-388762558e90","","1003","",""
"1003","1003","015972567301988","default","2026-01-08 13:58:50","","2026-01-08 13:59:03","13","0","NORMAL_CLEARING","e4a20ef2-4580-4b44-b124-c69d0cefdba6","","1003","",""
"1003","1003","015421552302622","default","2026-01-08 13:58:50","","2026-01-08 13:59:03","13","0","NORMAL_CLEARING","c840dbba-de82-4646-b1fd-50f905be6be3","","1003","",""
"1003","1003","015972567301988","default","2026-01-08 13:58:50","","2026-01-08 13:59:03","13","0","NORMAL_CLEARING","50a71a35-cac8-4cb8-b7e7-f226b0a14512","","1003","",""
"1003","1003","015421552302622","default","2026-01-08 13:58:50","","2026-01-08 13:59:03","13","0","NORMAL_CLEARING","d04e5b90-df69-4ffa-919b-ad94e042d9ee","","1003","",""
"1003","1003","015421552302622","default","2026-01-08 13:58:50","","2026-01-08 13:59:03","13","0","NORMAL_CLEARING","5459b8bf-3471-4344-8a75-8e434ab9f7e2","","1003","",""
"1003","1003","015972567301988","default","2026-01-08 13:58:50","","2026-01-08 13:59:03","13","0","NORMAL_CLEARING","2d50de82-d0ed-4074-b75e-5819820ee111","","1003","",""
"1003","1003","015421552302622","default","2026-01-08 13:58:54","","2026-01-08 13:59:08","14","0","NORMAL_CLEARING","24efa9c3-aa11-4f6b-9ebf-b4822c568a96","","1003","",""
"1003","1003","015972567301988","default","2026-01-08 13:58:54","","2026-01-08 13:59:08","14","0","NORMAL_CLEARING","c6607bf7-ce54-4789-8953-555824e94007","","1003","",""
"1003","1003","015972567301988","default","2026-01-08 13:58:59","","2026-01-08 13:59:13","14","0","NORMAL_CLEARING","b5df8f65-aa52-4464-8366-fcd621f3bd30","","1003","",""
"1003","1003","015421552302622","default","2026-01-08 13:58:59","","2026-01-08 13:59:13","14","0","NORMAL_CLEARING","1d98e4b6-e0eb-451c-861d-edde1cce7f35","","1003","",""
"1003","1003","016421552302622","default","2026-01-08 13:59:12","","2026-01-08 13:59:25","13","0","NORMAL_CLEARING","049e51bd-d986-4ec7-84bb-bafadfca3ed3","","1003","",""
"1003","1003","016972567301988","default","2026-01-08 13:59:12","","2026-01-08 13:59:25","13","0","NORMAL_CLEARING","ef51320a-d8c4-4f43-a172-a9e63e55389a","","1003","",""
"1003","1003","016421552302622","default","2026-01-08 13:59:12","","2026-01-08 13:59:25","13","0","NORMAL_CLEARING","617411cb-7221-4d0d-844c-1ce7158416d8","","1003","",""
"1003","1003","016972567301988","default","2026-01-08 13:59:12","","2026-01-08 13:59:25","13","0","NORMAL_CLEARING","da24ef11-eccb-4d45-8326-d42e2533aaa7","","1003","",""
"1003","1003","016421552302622","default","2026-01-08 13:59:12","","2026-01-08 13:59:25","13","0","NORMAL_CLEARING","2e86b287-ad92-42ee-97ec-9d63b17c97bd","","1003","",""
"1003","1003","016972567301988","default","2026-01-08 13:59:12","","2026-01-08 13:59:25","13","0","NORMAL_CLEARING","3eebb630-e1c3-435c-8114-2c712a0260a6","","1003","",""
"1003","1003","016972567301988","default","2026-01-08 13:59:17","","2026-01-08 13:59:29","12","0","NORMAL_CLEARING","cfea1fe8-638a-4436-bc02-8e5072482e2c","","1003","",""
"1003","1003","016421552302622","default","2026-01-08 13:59:17","","2026-01-08 13:59:29","12","0","NORMAL_CLEARING","a7284983-1bd0-47af-a0be-05c45ffd32dd","","1003","",""
"1003","1003","016972567301988","default","2026-01-08 13:59:22","","2026-01-08 13:59:34","12","0","NORMAL_CLEARING","5da3ff53-eb7a-4e58-a390-fba1c26c1263","","1003","",""
"1003","1003","016421552302622","default","2026-01-08 13:59:22","","2026-01-08 13:59:34","12","0","NORMAL_CLEARING","ddead83e-5bdf-49d0-abb7-e57a4a28b77a","","1003","",""
"1003","1003","017421552302622","default","2026-01-08 13:59:34","","2026-01-08 13:59:47","13","0","NORMAL_CLEARING","8032c2d3-8067-4dd3-865b-e30a887cad62","","1003","",""
"1003","1003","017972567301988","default","2026-01-08 13:59:34","","2026-01-08 13:59:47","13","0","NORMAL_CLEARING","6958c58e-da37-4a58-8f8e-330e4f555bdb","","1003","",""
"1003","1003","017972567301988","default","2026-01-08 13:59:35","","2026-01-08 13:59:48","13","0","NORMAL_CLEARING","5fe4764c-50e4-40f8-8ba0-acd73d7b5e30","","1003","",""
"1003","1003","017421552302622","default","2026-01-08 13:59:35","","2026-01-08 13:59:48","13","0","NORMAL_CLEARING","122a26f1-c879-4571-a1bf-da110c949ec3","","1003","",""
"1003","1003","017972567301988","default","2026-01-08 13:59:35","","2026-01-08 13:59:48","13","0","NORMAL_CLEARING","8ccc2fb8-019b-4c93-8481-07808ea2fc2c","","1003","",""
"1003","1003","017421552302622","default","2026-01-08 13:59:35","","2026-01-08 13:59:48","13","0","NORMAL_CLEARING","41317fca-5f3a-4fe4-904e-0219d8227607","","1003","",""
"1003","1003","017421552302622","default","2026-01-08 13:59:39","","2026-01-08 13:59:52","13","0","NORMAL_CLEARING","e46a5877-204c-4db6-bb49-434b2cb970e2","","1003","",""
"1003","1003","017972567301988","default","2026-01-08 13:59:39","","2026-01-08 13:59:52","13","0","NORMAL_CLEARING","1f760886-2407-4313-9024-2e33a893e33d","","1003","",""
"1003","1003","017972567301988","default","2026-01-08 13:59:44","","2026-01-08 13:59:57","13","0","NORMAL_CLEARING","336de284-ed83-4b04-98f6-a96ae65c1c62","","1003","",""
"1003","1003","017421552302622","default","2026-01-08 13:59:44","","2026-01-08 13:59:57","13","0","NORMAL_CLEARING","cb708875-7b23-486d-b1cb-2645551ba133","","1003","",""
"1003","1003","018421552302622","default","2026-01-08 13:59:56","","2026-01-08 14:00:12","16","0","NORMAL_CLEARING","056ba031-32e5-4305-8125-b130fd5fdd5d","","1003","",""
"1003","1003","018972567301988","default","2026-01-08 13:59:56","","2026-01-08 14:00:12","16","0","NORMAL_CLEARING","d6960cb9-c250-4d1e-acfc-20e13a44c8ce","","1003","",""
"1003","1003","018972567301988","default","2026-01-08 13:59:57","","2026-01-08 14:00:12","15","0","NORMAL_CLEARING","19cff776-12c3-448c-901c-55241d2a2cc9","","1003","",""
"1003","1003","018972567301988","default","2026-01-08 13:59:57","","2026-01-08 14:00:13","16","0","NORMAL_CLEARING","7e33a205-7d3f-4370-b588-c4f542aac493","","1003","",""
"1003","1003","018421552302622","default","2026-01-08 13:59:57","","2026-01-08 14:00:13","16","0","NORMAL_CLEARING","1b9cadf4-e3bb-4733-9d86-9369eae87735","","1003","",""
"1003","1003","018421552302622","default","2026-01-08 13:59:57","","2026-01-08 14:00:13","16","0","NORMAL_CLEARING","4b3bc3b3-7712-444c-b0bf-f63be67e33d5","","1003","",""
"1003","1003","018972567301988","default","2026-01-08 14:00:01","","2026-01-08 14:00:16","15","0","NORMAL_CLEARING","f831209e-67bb-4c88-9a97-0d250453c499","","1003","",""
"1003","1003","018421552302622","default","2026-01-08 14:00:01","","2026-01-08 14:00:16","15","0","NORMAL_CLEARING","e08f30ed-81b0-4ffc-b1eb-a0d0b4f48c05","","1003","",""
"1003","1003","018972567301988","default","2026-01-08 14:00:07","","2026-01-08 14:00:20","13","0","NORMAL_CLEARING","98871fd6-8364-4644-9721-ed859a2b231e","","1003","",""
"1003","1003","018421552302622","default","2026-01-08 14:00:07","","2026-01-08 14:00:20","13","0","NORMAL_CLEARING","5d39f4ba-ebf1-4cf1-8242-a13de61817fb","","1003","",""
"1003","1003","019421552302622","default","2026-01-08 14:00:20","","2026-01-08 14:00:33","13","0","NORMAL_CLEARING","4ad40d0b-9130-4fa8-a783-0eb292df9dc7","","1003","",""
"1003","1003","019972567301988","default","2026-01-08 14:00:20","","2026-01-08 14:00:33","13","0","NORMAL_CLEARING","65267906-a57c-49f9-8242-47b89e954932","","1003","",""
"1003","1003","019972567301988","default","2026-01-08 14:00:20","","2026-01-08 14:00:33","13","0","NORMAL_CLEARING","17689c0f-7dcc-4145-858e-ac423537312c","","1003","",""
"1003","1003","019421552302622","default","2026-01-08 14:00:20","","2026-01-08 14:00:33","13","0","NORMAL_CLEARING","de874712-edc1-4e6f-8243-dc9dda6b8d03","","1003","",""
"1003","1003","019972567301988","default","2026-01-08 14:00:20","","2026-01-08 14:00:33","13","0","NORMAL_CLEARING","cd6dbf7b-fefa-42f9-9779-051a131e8bcd","","1003","",""
"1003","1003","019421552302622","default","2026-01-08 14:00:20","","2026-01-08 14:00:33","13","0","NORMAL_CLEARING","0312418c-2875-4e8c-89e5-d2c9043ca969","","1003","",""
"1003","1003","019421552302622","default","2026-01-08 14:00:24","","2026-01-08 14:00:37","13","0","NORMAL_CLEARING","58747f50-32de-47a0-b31e-bd25bb9079e5","","1003","",""
"1003","1003","019972567301988","default","2026-01-08 14:00:24","","2026-01-08 14:00:37","13","0","NORMAL_CLEARING","91ff8ce9-8a8f-4448-ba90-9e3fe410cfaa","","1003","",""
"1003","1003","019972567301988","default","2026-01-08 14:00:29","","2026-01-08 14:00:41","12","0","NORMAL_CLEARING","6d6e62fb-db5e-48dd-930f-2ce97546f0ca","","1003","",""
"1003","1003","019421552302622","default","2026-01-08 14:00:29","","2026-01-08 14:00:42","13","0","NORMAL_CLEARING","45ef4b10-df09-4bd9-ae54-b03827509087","","1003","",""
"1003","1003","0010972567301988","default","2026-01-08 14:00:42","","2026-01-08 14:00:54","12","0","NORMAL_CLEARING","d859b760-e958-46c6-bc57-4f02d5e1b584","","1003","",""
"1003","1003","0010421552302622","default","2026-01-08 14:00:42","","2026-01-08 14:00:54","12","0","NORMAL_CLEARING","3f2b49a7-d061-41a5-872b-4c18c74f9d6f","","1003","",""
"1003","1003","0010972567301988","default","2026-01-08 14:00:42","","2026-01-08 14:00:54","12","0","NORMAL_CLEARING","e7cb41ba-7fd4-4a66-8733-53a08f8cbabc","","1003","",""
"1003","1003","0010421552302622","default","2026-01-08 14:00:42","","2026-01-08 14:00:54","12","0","NORMAL_CLEARING","ba6eb397-55e8-48bc-9e87-f450143314e7","","1003","",""
"1003","1003","0010972567301988","default","2026-01-08 14:00:42","","2026-01-08 14:00:54","12","0","NORMAL_CLEARING","c579e50e-07a0-4562-b33f-2fa5cc3dd300","","1003","",""
"1003","1003","0010421552302622","default","2026-01-08 14:00:43","","2026-01-08 14:00:54","11","0","NORMAL_CLEARING","d4847e04-8aae-44d0-9d15-98e3a13d3228","","1003","",""
"1003","1003","0010972567301988","default","2026-01-08 14:00:47","","2026-01-08 14:00:58","11","0","NORMAL_CLEARING","9986380a-85e0-43d2-99af-4fef742d6230","","1003","",""
"1003","1003","0010421552302622","default","2026-01-08 14:00:46","","2026-01-08 14:00:58","12","0","NORMAL_CLEARING","905c8e97-081a-43e5-923a-0763b3b35b2b","","1003","",""
"1003","1003","0010972567301988","default","2026-01-08 14:00:52","","2026-01-08 14:01:04","12","0","NORMAL_CLEARING","4b9f6d75-8dd2-48ca-acf5-ca118aaf3877","","1003","",""
"1003","1003","0010421552302622","default","2026-01-08 14:00:52","","2026-01-08 14:01:04","12","0","NORMAL_CLEARING","c184db7c-9ec6-4c43-8719-a5a24a702f04","","1003","",""
"1003","1003","0012972567301988","default","2026-01-08 14:01:05","","2026-01-08 14:01:17","12","0","NORMAL_CLEARING","69f64ab0-7758-4a7c-b913-cd3038c90f06","","1003","",""
"1003","1003","0012421552302622","default","2026-01-08 14:01:05","","2026-01-08 14:01:17","12","0","NORMAL_CLEARING","e0781298-39b2-4553-b5c2-dc4862b889c7","","1003","",""
"1003","1003","0012421552302622","default","2026-01-08 14:01:05","","2026-01-08 14:01:17","12","0","NORMAL_CLEARING","286287a3-3d43-486a-8faa-0ce0bc616fa3","","1003","",""
"1003","1003","0012421552302622","default","2026-01-08 14:01:05","","2026-01-08 14:01:17","12","0","NORMAL_CLEARING","29b8d01a-0d84-4110-848f-c82d0d704298","","1003","",""
"1003","1003","0012972567301988","default","2026-01-08 14:01:05","","2026-01-08 14:01:18","13","0","NORMAL_CLEARING","a707c90d-5078-4aff-9ecb-63ec2db069b6","","1003","",""
"1003","1003","0012972567301988","default","2026-01-08 14:01:05","","2026-01-08 14:01:18","13","0","NORMAL_CLEARING","bba673aa-7ea2-415b-bc22-0a9fefb85611","","1003","",""
"1003","1003","0012972567301988","default","2026-01-08 14:01:09","","2026-01-08 14:01:22","13","0","NORMAL_CLEARING","fdf3b407-377a-4494-928b-4dbbc53ef811","","1003","",""
"1003","1003","0012421552302622","default","2026-01-08 14:01:09","","2026-01-08 14:01:22","13","0","NORMAL_CLEARING","f7d8e4ec-8be8-4d56-8aab-d489e0cc0dc8","","1003","",""
"1003","1003","0012421552302622","default","2026-01-08 14:01:14","","2026-01-08 14:01:27","13","0","NORMAL_CLEARING","637edb90-d079-4179-a670-67b209366754","","1003","",""
"1003","1003","0012972567301988","default","2026-01-08 14:01:14","","2026-01-08 14:01:27","13","0","NORMAL_CLEARING","ccfdc300-eb86-4591-bbc6-637221b51419","","1003","",""
"1003","1003","0013972567301988","default","2026-01-08 14:01:27","","2026-01-08 14:01:39","12","0","NORMAL_CLEARING","5fa6e035-e546-494a-aeda-cd079b95ac36","","1003","",""
"1003","1003","0013421552302622","default","2026-01-08 14:01:27","","2026-01-08 14:01:39","12","0","NORMAL_CLEARING","8a9dec51-7db3-4dba-bfba-40ad54fa973a","","1003","",""
"1003","1003","0013972567301988","default","2026-01-08 14:01:27","","2026-01-08 14:01:40","13","0","NORMAL_CLEARING","3d3ade85-958f-4214-9ebd-d9ceaa5bffe5","","1003","",""
"1003","1003","0013972567301988","default","2026-01-08 14:01:27","","2026-01-08 14:01:40","13","0","NORMAL_CLEARING","9452d3e0-2c35-4513-b725-4a6191c6e3c0","","1003","",""
"1003","1003","0013421552302622","default","2026-01-08 14:01:27","","2026-01-08 14:01:40","13","0","NORMAL_CLEARING","1dc6be1a-a57e-4848-8851-9afee3777ca1","","1003","",""
"1003","1003","0013421552302622","default","2026-01-08 14:01:27","","2026-01-08 14:01:40","13","0","NORMAL_CLEARING","71a0cd5b-3a1e-4d55-9058-8c7ac41d23b2","","1003","",""
"1003","1003","0013421552302622","default","2026-01-08 14:01:31","","2026-01-08 14:01:44","13","0","NORMAL_CLEARING","71c03660-77e8-4729-8a01-03bca994bfac","","1003","",""
"1003","1003","0013972567301988","default","2026-01-08 14:01:31","","2026-01-08 14:01:44","13","0","NORMAL_CLEARING","0bf5509e-2db8-4b0c-a894-d3d23ae37576","","1003","",""
"1003","1003","0013972567301988","default","2026-01-08 14:01:37","","2026-01-08 14:01:49","12","0","NORMAL_CLEARING","8d6d40db-d736-4ce1-a4db-2d8794513aee","","1003","",""
"1003","1003","0013421552302622","default","2026-01-08 14:01:37","","2026-01-08 14:01:49","12","0","NORMAL_CLEARING","7f4fe364-b929-4805-84b6-31a931bd8e95","","1003","",""
"1003","1003","0014421552302622","default","2026-01-08 14:01:50","","2026-01-08 14:02:02","12","0","NORMAL_CLEARING","280f0c81-9fa8-4767-ac79-550dc925260d","","1003","",""
"1003","1003","0014972567301988","default","2026-01-08 14:01:50","","2026-01-08 14:02:02","12","0","NORMAL_CLEARING","0b875360-4bf5-468d-99eb-a54f935930a3","","1003","",""
"1003","1003","0014972567301988","default","2026-01-08 14:01:50","","2026-01-08 14:02:02","12","0","NORMAL_CLEARING","83866e35-6695-4cae-a11a-00d235e957ca","","1003","",""
"1003","1003","0014421552302622","default","2026-01-08 14:01:50","","2026-01-08 14:02:02","12","0","NORMAL_CLEARING","5f9cef45-5b7d-4b3c-8b3a-a786fe111867","","1003","",""
"1003","1003","0014972567301988","default","2026-01-08 14:01:50","","2026-01-08 14:02:02","12","0","NORMAL_CLEARING","83a8d430-9003-4ef3-9723-88d444f0fb7e","","1003","",""
"1003","1003","0014421552302622","default","2026-01-08 14:01:50","","2026-01-08 14:02:02","12","0","NORMAL_CLEARING","59e7ef70-6fea-4a6c-b072-1067c24ad690","","1003","",""
"1003","1003","0014972567301988","default","2026-01-08 14:01:54","","2026-01-08 14:02:06","12","0","NORMAL_CLEARING","c99e8968-df9d-472c-b781-c08b4cac10d7","","1003","",""
"1003","1003","0014421552302622","default","2026-01-08 14:01:54","","2026-01-08 14:02:06","12","0","NORMAL_CLEARING","ffb16bc8-54e5-4fed-852b-0993ba1d667e","","1003","",""
"1003","1003","0014421552302622","default","2026-01-08 14:01:59","","2026-01-08 14:02:12","13","0","NORMAL_CLEARING","96baa874-bb6b-4a8f-a615-e7d093f18abe","","1003","",""
"1003","1003","0014972567301988","default","2026-01-08 14:01:59","","2026-01-08 14:02:12","13","0","NORMAL_CLEARING","0f3dfa2b-ccbc-44b7-a073-71f696b55dd7","","1003","",""
"1003","1003","0015421552302622","default","2026-01-08 14:02:12","","2026-01-08 14:02:24","12","0","NORMAL_CLEARING","a2f69b90-9b9d-4347-a0cd-73a5c5ef8308","","1003","",""
"1003","1003","0015972567301988","default","2026-01-08 14:02:12","","2026-01-08 14:02:24","12","0","NORMAL_CLEARING","71cc78f1-264b-4763-b247-b0abb81b04a9","","1003","",""
"1003","1003","0015421552302622","default","2026-01-08 14:02:12","","2026-01-08 14:02:24","12","0","NORMAL_CLEARING","040494a5-8253-4ea1-acf0-3f25d667ff18","","1003","",""
"1003","1003","0015972567301988","default","2026-01-08 14:02:12","","2026-01-08 14:02:24","12","0","NORMAL_CLEARING","7f6922cf-cf20-459b-b5c5-8b40cc0cfdc3","","1003","",""
"1003","1003","0015972567301988","default","2026-01-08 14:02:12","","2026-01-08 14:02:25","13","0","NORMAL_CLEARING","41a1d89d-7a7a-4507-8906-df7a82a58c01","","1003","",""
"1003","1003","0015421552302622","default","2026-01-08 14:02:12","","2026-01-08 14:02:25","13","0","NORMAL_CLEARING","a2d15743-289a-4ee7-b9d0-f5580284a89c","","1003","",""
"1003","1003","0015421552302622","default","2026-01-08 14:02:16","","2026-01-08 14:02:28","12","0","NORMAL_CLEARING","d8e8adc3-336c-4734-b78a-563bf1ee0ef1","","1003","",""
"1003","1003","0015972567301988","default","2026-01-08 14:02:16","","2026-01-08 14:02:28","12","0","NORMAL_CLEARING","95e35d9a-6778-4235-a632-4e5e8ce55723","","1003","",""
"1003","1003","0015972567301988","default","2026-01-08 14:02:21","","2026-01-08 14:02:33","12","0","NORMAL_CLEARING","79152f1e-c715-4295-a189-1865cd176f9f","","1003","",""
"1003","1003","0015421552302622","default","2026-01-08 14:02:21","","2026-01-08 14:02:33","12","0","NORMAL_CLEARING","d806ba9c-3701-4545-ab39-c86ed6b7fce8","","1003","",""
"1003","1003","0016421552302622","default","2026-01-08 14:02:33","","2026-01-08 14:02:46","13","0","NORMAL_CLEARING","52bec49c-730f-4a7d-b5cf-b93b71d64bc2","","1003","",""
"1003","1003","0016972567301988","default","2026-01-08 14:02:33","","2026-01-08 14:02:46","13","0","NORMAL_CLEARING","997d1659-ee4f-45a8-ae54-25886de58379","","1003","",""
"1003","1003","0016972567301988","default","2026-01-08 14:02:34","","2026-01-08 14:02:47","13","0","NORMAL_CLEARING","6bb41708-300e-41e3-8944-3c5ba4139fd6","","1003","",""
"1003","1003","0016421552302622","default","2026-01-08 14:02:34","","2026-01-08 14:02:47","13","0","NORMAL_CLEARING","b37dd0ec-7cc5-4a1d-aba3-6a4750d17a82","","1003","",""
"1003","1003","0016972567301988","default","2026-01-08 14:02:34","","2026-01-08 14:02:47","13","0","NORMAL_CLEARING","e7e3b827-8c91-4385-b4fe-d406e19cbc92","","1003","",""
"1003","1003","0016421552302622","default","2026-01-08 14:02:34","","2026-01-08 14:02:47","13","0","NORMAL_CLEARING","38f55616-c356-4d84-80fe-bedb5af86c23","","1003","",""
"1003","1003","0016972567301988","default","2026-01-08 14:02:38","","2026-01-08 14:02:51","13","0","NORMAL_CLEARING","5ab42689-1d35-4687-ba7b-78502245e8cc","","1003","",""
"1003","1003","0016421552302622","default","2026-01-08 14:02:38","","2026-01-08 14:02:52","14","0","NORMAL_CLEARING","261997ea-8d56-40b0-b0b8-8711a7679ae0","","1003","",""
"1003","1003","0016972567301988","default","2026-01-08 14:02:44","","2026-01-08 14:02:57","13","0","NORMAL_CLEARING","96709466-a2bf-485d-9711-3e129d61e935","","1003","",""
"1003","1003","0016421552302622","default","2026-01-08 14:02:44","","2026-01-08 14:02:57","13","0","NORMAL_CLEARING","59206d4b-5276-4324-9030-4af702e37613","","1003","",""
"1003","1003","0017972567301988","default","2026-01-08 14:02:55","","2026-01-08 14:03:08","13","0","NORMAL_CLEARING","3049cb68-1ff3-4845-8e30-17d2951189a4","","1003","",""
"1003","1003","0017421552302622","default","2026-01-08 14:02:55","","2026-01-08 14:03:09","14","0","NORMAL_CLEARING","f8c12786-c06f-465c-895e-05983fbe6229","","1003","",""
"1003","1003","0017972567301988","default","2026-01-08 14:02:56","","2026-01-08 14:03:09","13","0","NORMAL_CLEARING","27dd5e48-afbf-4e1d-872a-b2b0060afc14","","1003","",""
"1003","1003","0017421552302622","default","2026-01-08 14:02:56","","2026-01-08 14:03:10","14","0","NORMAL_CLEARING","d7d1da84-43a5-4982-b06f-b5737f1be030","","1003","",""
"1003","1003","0017972567301988","default","2026-01-08 14:02:57","","2026-01-08 14:03:10","13","0","NORMAL_CLEARING","850a9857-1cd6-44f8-bae1-7270dd4650f2","","1003","",""
"1003","1003","0017421552302622","default","2026-01-08 14:02:57","","2026-01-08 14:03:10","13","0","NORMAL_CLEARING","66efb6f5-fa48-42d3-856d-b25f052c7265","","1003","",""
"1003","1003","0017421552302622","default","2026-01-08 14:03:01","","2026-01-08 14:03:14","13","0","NORMAL_CLEARING","00362113-d5bd-4cf6-bb10-0cdb744239a1","","1003","",""
"1003","1003","0017972567301988","default","2026-01-08 14:03:01","","2026-01-08 14:03:14","13","0","NORMAL_CLEARING","643e1e65-3b2c-4cd8-bc28-293a705a077a","","1003","",""
"1003","1003","0017421552302622","default","2026-01-08 14:03:06","","2026-01-08 14:03:19","13","0","NORMAL_CLEARING","e53175c7-d85e-4398-94a4-ae0e9431836a","","1003","",""
"1003","1003","0017972567301988","default","2026-01-08 14:03:06","","2026-01-08 14:03:19","13","0","NORMAL_CLEARING","66eb4783-5643-4ea8-ba75-717072eefefd","","1003","",""
"1003","1003","0018421552302622","default","2026-01-08 14:03:18","","2026-01-08 14:03:31","13","0","NORMAL_CLEARING","6f6abbe0-1ecf-4648-8c05-ae91ffd39f68","","1003","",""
"1003","1003","0018972567301988","default","2026-01-08 14:03:18","","2026-01-08 14:03:31","13","0","NORMAL_CLEARING","934ba606-75d7-4137-b1f9-42db33813265","","1003","",""
"1003","1003","0018421552302622","default","2026-01-08 14:03:19","","2026-01-08 14:03:32","13","0","NORMAL_CLEARING","8cdc6abe-18ec-416f-8c59-0548057f02c3","","1003","",""
"1003","1003","0018972567301988","default","2026-01-08 14:03:19","","2026-01-08 14:03:32","13","0","NORMAL_CLEARING","ddaded82-78ca-49b4-8c6d-56273fedecf7","","1003","",""
"1003","1003","0018421552302622","default","2026-01-08 14:03:19","","2026-01-08 14:03:32","13","0","NORMAL_CLEARING","f86bc3f8-6159-4b18-a61b-5f999c2b2586","","1003","",""
"1003","1003","0018972567301988","default","2026-01-08 14:03:19","","2026-01-08 14:03:32","13","0","NORMAL_CLEARING","a9cfb3e9-8734-402a-8dc3-7c7381c84f0b","","1003","",""
"1003","1003","0018972567301988","default","2026-01-08 14:03:23","","2026-01-08 14:03:36","13","0","NORMAL_CLEARING","f76b2d9b-bb1a-46d3-92f6-9d57456ddf96","","1003","",""
"1003","1003","0018421552302622","default","2026-01-08 14:03:23","","2026-01-08 14:03:36","13","0","NORMAL_CLEARING","a19735eb-751c-48ca-8c9c-05a0f001cfb5","","1003","",""
"1003","1003","0018972567301988","default","2026-01-08 14:03:28","","2026-01-08 14:03:41","13","0","NORMAL_CLEARING","6df3bdc2-cb9c-4efb-a6db-ec67e3a9b495","","1003","",""
"1003","1003","0018421552302622","default","2026-01-08 14:03:28","","2026-01-08 14:03:41","13","0","NORMAL_CLEARING","4573b3c5-4766-4208-9d36-20ebf7fb8722","","1003","",""
"1003","1003","0019972567301988","default","2026-01-08 14:03:40","","2026-01-08 14:03:53","13","0","NORMAL_CLEARING","5a507135-6195-4c41-a5d7-d231023d8df1","","1003","",""
"1003","1003","0019421552302622","default","2026-01-08 14:03:40","","2026-01-08 14:03:53","13","0","NORMAL_CLEARING","a2629440-c6d7-4f93-b497-234e33b195ac","","1003","",""
"1003","1003","0019421552302622","default","2026-01-08 14:03:41","","2026-01-08 14:03:54","13","0","NORMAL_CLEARING","cf9e7c71-686f-453c-880c-4ba53a2275ea","","1003","",""
"1003","1003","0019972567301988","default","2026-01-08 14:03:41","","2026-01-08 14:03:54","13","0","NORMAL_CLEARING","5b2ebafc-adfb-43e2-bcc2-ac6c1b8e07a3","","1003","",""
"1003","1003","0019972567301988","default","2026-01-08 14:03:41","","2026-01-08 14:03:54","13","0","NORMAL_CLEARING","4614ad03-6491-4a16-b1f6-1cd9990f5124","","1003","",""
"1003","1003","0019421552302622","default","2026-01-08 14:03:41","","2026-01-08 14:03:54","13","0","NORMAL_CLEARING","c70c79f6-9c5b-4f88-ae91-ef8a3a9dbf86","","1003","",""
"1003","1003","0019421552302622","default","2026-01-08 14:03:45","","2026-01-08 14:03:58","13","0","NORMAL_CLEARING","94ca8ef7-be86-4342-be66-b57c7f1a820c","","1003","",""
"1003","1003","0019972567301988","default","2026-01-08 14:03:45","","2026-01-08 14:03:58","13","0","NORMAL_CLEARING","9615d243-1418-4429-8099-b8fe8570a9c2","","1003","",""
"1003","1003","0019972567301988","default","2026-01-08 14:03:51","","2026-01-08 14:04:04","13","0","NORMAL_CLEARING","e33f8ead-bbb2-4c8d-88c8-3cb886413fe1","","1003","",""
"1003","1003","0019421552302622","default","2026-01-08 14:03:51","","2026-01-08 14:04:04","13","0","NORMAL_CLEARING","33364790-ebe1-42ab-88d9-6b3b569b53f6","","1003","",""
"1003","1003","00+421552302622","default","2026-01-08 14:04:02","","2026-01-08 14:04:14","12","0","NORMAL_CLEARING","1b6d845f-2176-4839-b7b5-64f93873df00","","1003","",""
"1003","1003","00+972567301988","default","2026-01-08 14:04:02","","2026-01-08 14:04:15","13","0","NORMAL_CLEARING","562c8c82-1762-4f63-9068-5c4341c64d33","","1003","",""
"1003","1003","00+421552302622","default","2026-01-08 14:04:03","","2026-01-08 14:04:15","12","0","NORMAL_CLEARING","d014c275-bd79-4d29-8678-6d9657bfd44a","","1003","",""
"1003","1003","00+972567301988","default","2026-01-08 14:04:03","","2026-01-08 14:04:16","13","0","NORMAL_CLEARING","d0cdbda8-9ac5-4b93-b156-8d68063f9691","","1003","",""
"1003","1003","00+421552302622","default","2026-01-08 14:04:04","","2026-01-08 14:04:16","12","0","NORMAL_CLEARING","360d86a1-0e05-441c-8aa2-ded58c35564a","","1003","",""
"1003","1003","00+972567301988","default","2026-01-08 14:04:04","","2026-01-08 14:04:16","12","0","NORMAL_CLEARING","79fb05ce-3bb8-4466-b4a5-b5d74dc15039","","1003","",""
"1003","1003","00+421552302622","default","2026-01-08 14:04:07","","2026-01-08 14:04:20","13","0","NORMAL_CLEARING","d432b3ec-803f-4823-977c-235ef4e16098","","1003","",""
"1003","1003","00+972567301988","default","2026-01-08 14:04:07","","2026-01-08 14:04:20","13","0","NORMAL_CLEARING","2e977dd6-d301-4cf1-ab04-5c1fb7204134","","1003","",""
"1003","1003","00+972567301988","default","2026-01-08 14:04:13","","2026-01-08 14:04:25","12","0","NORMAL_CLEARING","90c50b06-12ae-45c6-b6d2-c3ba5f32c1b6","","1003","",""
"1003","1003","00+421552302622","default","2026-01-08 14:04:13","","2026-01-08 14:04:25","12","0","NORMAL_CLEARING","44d72c1c-421c-4d30-8963-b66ff1a29652","","1003","",""
"1003","1003","00-421552302622","default","2026-01-08 14:04:24","","2026-01-08 14:04:36","12","0","NORMAL_CLEARING","d1c2ba6c-4aa9-4265-bd9c-790fcef4a0ab","","1003","",""
"1003","1003","00-972567301988","default","2026-01-08 14:04:24","","2026-01-08 14:04:36","12","0","NORMAL_CLEARING","54fe2fbf-50b1-45f3-a296-61e55ae98b11","","1003","",""
"1003","1003","00-972567301988","default","2026-01-08 14:04:26","","2026-01-08 14:04:37","11","0","NORMAL_CLEARING","cb9c69a3-3b2a-476c-8a2c-436589161348","","1003","",""
"1003","1003","00-421552302622","default","2026-01-08 14:04:26","","2026-01-08 14:04:37","11","0","NORMAL_CLEARING","900ca477-ed75-4e35-9e71-506acad40532","","1003","",""
"1003","1003","00-972567301988","default","2026-01-08 14:04:26","","2026-01-08 14:04:38","12","0","NORMAL_CLEARING","07746767-b76f-4210-b674-6ebb7b6cebc8","","1003","",""
"1003","1003","00-421552302622","default","2026-01-08 14:04:26","","2026-01-08 14:04:38","12","0","NORMAL_CLEARING","9b882f0c-22d6-4bca-b264-1ff88e5fe4d8","","1003","",""
"1003","1003","00-421552302622","default","2026-01-08 14:04:30","","2026-01-08 14:04:41","11","0","NORMAL_CLEARING","4c86e215-c2e2-4c98-a56e-c7cd2f43e9d1","","1003","",""
"1003","1003","00-972567301988","default","2026-01-08 14:04:30","","2026-01-08 14:04:41","11","0","NORMAL_CLEARING","75b571df-aee8-49e9-b329-8328c6802ff9","","1003","",""
"1003","1003","00-421552302622","default","2026-01-08 14:04:35","","2026-01-08 14:04:47","12","0","NORMAL_CLEARING","f97791f0-bf58-46c2-852e-b980afebae0e","","1003","",""
"1003","1003","00-972567301988","default","2026-01-08 14:04:35","","2026-01-08 14:04:47","12","0","NORMAL_CLEARING","d9138062-195b-4e04-a8eb-62e45d86a120","","1003","",""
"1003","1003","-0421552302622","default","2026-01-08 14:04:47","","2026-01-08 14:04:58","11","0","NORMAL_CLEARING","baed123b-a1f3-4a93-adc7-a412844648c7","","1003","",""
"1003","1003","-0972567301988","default","2026-01-08 14:04:47","","2026-01-08 14:04:58","11","0","NORMAL_CLEARING","e5aafa64-a3e9-47dd-a0a9-07e2fdd841a5","","1003","",""
"1003","1003","-0972567301988","default","2026-01-08 14:04:48","","2026-01-08 14:04:59","11","0","NORMAL_CLEARING","d6dd6f3f-41e6-4146-9a20-cb96ed08165e","","1003","",""
"1003","1003","-0421552302622","default","2026-01-08 14:04:48","","2026-01-08 14:04:59","11","0","NORMAL_CLEARING","69902ae5-2d75-4092-ac45-810a26ce11d3","","1003","",""
"1003","1003","-0972567301988","default","2026-01-08 14:04:48","","2026-01-08 14:04:59","11","0","NORMAL_CLEARING","357d6770-04b3-4526-87ad-6cc800ecb283","","1003","",""
"1003","1003","-0421552302622","default","2026-01-08 14:04:48","","2026-01-08 14:04:59","11","0","NORMAL_CLEARING","b33bf597-266f-4d12-a107-f92c71c95492","","1003","",""
"1003","1003","-0972567301988","default","2026-01-08 14:04:52","","2026-01-08 14:05:03","11","0","NORMAL_CLEARING","b68b2a15-1233-40ee-8220-dea0f838eff6","","1003","",""
"1003","1003","-0421552302622","default","2026-01-08 14:04:52","","2026-01-08 14:05:03","11","0","NORMAL_CLEARING","2b7191ef-8678-406f-a975-edb824447f10","","1003","",""
"1003","1003","-0421552302622","default","2026-01-08 14:04:57","","2026-01-08 14:05:09","12","0","NORMAL_CLEARING","c666bc10-bc2a-4994-97d9-a93693224b5c","","1003","",""
"1003","1003","-0972567301988","default","2026-01-08 14:04:57","","2026-01-08 14:05:09","12","0","NORMAL_CLEARING","3027f415-60e7-4983-82d7-1a2d70ebd716","","1003","",""
"1003","1003","0~421552302622","default","2026-01-08 14:05:09","","2026-01-08 14:05:21","12","0","NORMAL_CLEARING","5442de81-7f8f-44ba-ab0f-1e056b5088c7","","1003","",""
"1003","1003","0~972567301988","default","2026-01-08 14:05:09","","2026-01-08 14:05:22","13","0","NORMAL_CLEARING","e9671ca1-8e67-4756-9210-7f5d0232d6fe","","1003","",""
"1003","1003","0~421552302622","default","2026-01-08 14:05:10","","2026-01-08 14:05:23","13","0","NORMAL_CLEARING","d80dcaed-418e-4953-995a-7a0b894eb4b6","","1003","",""
"1003","1003","0~972567301988","default","2026-01-08 14:05:10","","2026-01-08 14:05:23","13","0","NORMAL_CLEARING","b42c3d70-6b7f-49de-947d-bfebf59b130c","","1003","",""
"1003","1003","0~421552302622","default","2026-01-08 14:05:11","","2026-01-08 14:05:23","12","0","NORMAL_CLEARING","898bc2d4-9f49-4d03-ad97-827342d7f22e","","1003","",""
"1003","1003","0~972567301988","default","2026-01-08 14:05:11","","2026-01-08 14:05:23","12","0","NORMAL_CLEARING","1fc51869-3f1d-47ed-8c27-062c6a896ab7","","1003","",""
"1003","1003","0~421552302622","default","2026-01-08 14:05:14","","2026-01-08 14:05:27","13","0","NORMAL_CLEARING","483092e7-554c-4f4b-8272-cd8c6974aad9","","1003","",""
"1003","1003","0~972567301988","default","2026-01-08 14:05:14","","2026-01-08 14:05:27","13","0","NORMAL_CLEARING","89a8bdd2-c1df-461c-b4cf-37df743432c9","","1003","",""
"1003","1003","0~972567301988","default","2026-01-08 14:05:20","","2026-01-08 14:05:32","12","0","NORMAL_CLEARING","be2d5799-27bf-46fd-ae7e-d44d3844e720","","1003","",""
"1003","1003","0~421552302622","default","2026-01-08 14:05:20","","2026-01-08 14:05:32","12","0","NORMAL_CLEARING","b176d14f-2b84-4f63-8f99-79ff7b1c71f7","","1003","",""
"1003","1003","011~972567301988","default","2026-01-08 14:05:31","","2026-01-08 14:05:48","17","0","NORMAL_CLEARING","4b408d9d-2d34-4a06-be40-01d25dcd7db7","","1003","",""
"1003","1003","011~421552302622","default","2026-01-08 14:05:31","","2026-01-08 14:05:49","18","0","NORMAL_CLEARING","240b1718-30f2-4034-a6e7-da86f513c10f","","1003","",""
"1003","1003","011~421552302622","default","2026-01-08 14:05:33","","2026-01-08 14:05:50","17","0","NORMAL_CLEARING","253c5c63-14b6-42db-ad0b-48f6d5dd42bd","","1003","",""
"1003","1003","011~421552302622","default","2026-01-08 14:05:33","","2026-01-08 14:05:50","17","0","NORMAL_CLEARING","a9abecb9-03f4-44eb-b904-bd83015ac4a3","","1003","",""
"1003","1003","011~972567301988","default","2026-01-08 14:05:33","","2026-01-08 14:05:50","17","0","NORMAL_CLEARING","59892f48-972d-404a-8940-4d712857cf5f","","1003","",""
"1003","1003","011~972567301988","default","2026-01-08 14:05:33","","2026-01-08 14:05:51","18","0","NORMAL_CLEARING","8853bb7f-2add-47de-846b-233725284fd8","","1003","",""
"1003","1003","011~421552302622","default","2026-01-08 14:05:36","","2026-01-08 14:05:55","19","0","NORMAL_CLEARING","f4b3b3f5-f5f4-4593-8b6d-bbbe49904dbd","","1003","",""
"1003","1003","011~972567301988","default","2026-01-08 14:05:36","","2026-01-08 14:05:55","19","0","NORMAL_CLEARING","8289562d-8d66-4ee2-8b3c-919786cbb8d2","","1003","",""
"1003","1003","011~972567301988","default","2026-01-08 14:05:42","","2026-01-08 14:06:01","19","0","NORMAL_CLEARING","ef4aaa9b-4efd-4f41-9018-e762d216ba4c","","1003","",""
"1003","1003","011~421552302622","default","2026-01-08 14:05:42","","2026-01-08 14:06:01","19","0","NORMAL_CLEARING","f8a2b705-7897-4835-a6b6-6bff1d22dbab","","1003","",""
"1003","1003","-011421552302622","default","2026-01-08 14:05:54","","2026-01-08 14:06:12","18","0","NORMAL_CLEARING","a103e1cd-1941-4b43-a974-33c85b7919e8","","1003","",""
"1003","1003","-011972567301988","default","2026-01-08 14:05:54","","2026-01-08 14:06:13","19","0","NORMAL_CLEARING","f123964c-6f82-48c8-8b10-b292a4e32d6a","","1003","",""
"1003","1003","-011972567301988","default","2026-01-08 14:05:55","","2026-01-08 14:06:14","19","0","NORMAL_CLEARING","9fa16377-86b1-408f-b33e-fa97e237c432","","1003","",""
"1003","1003","-011421552302622","default","2026-01-08 14:05:55","","2026-01-08 14:06:14","19","0","NORMAL_CLEARING","8786d9ae-0487-4766-b4ba-29e82ba1dae3","","1003","",""
"1003","1003","-011421552302622","default","2026-01-08 14:05:55","","2026-01-08 14:06:14","19","0","NORMAL_CLEARING","aa11e4b2-bc38-41a1-9e68-e70b22660c95","","1003","",""
"1003","1003","-011972567301988","default","2026-01-08 14:05:55","","2026-01-08 14:06:14","19","0","NORMAL_CLEARING","a721d788-5736-4172-b343-0ef7fd20985c","","1003","",""
"1003","1003","-011421552302622","default","2026-01-08 14:05:59","","2026-01-08 14:06:17","18","0","NORMAL_CLEARING","18b179b7-c560-46c5-9ea4-8dffaff7b15e","","1003","",""
"1003","1003","-011972567301988","default","2026-01-08 14:05:59","","2026-01-08 14:06:18","19","0","NORMAL_CLEARING","a129e8bc-537c-4b5c-9066-e96844b15bc2","","1003","",""
"1003","1003","-011972567301988","default","2026-01-08 14:06:05","","2026-01-08 14:06:23","18","0","NORMAL_CLEARING","48b0e846-c2de-4cfb-8cd1-3de74d9da2ee","","1003","",""
"1003","1003","-011421552302622","default","2026-01-08 14:06:05","","2026-01-08 14:06:24","19","0","NORMAL_CLEARING","1e4f8736-1308-4cb7-bc47-8adc0af04378","","1003","",""
"1003","1003","9011~421552302622","default","2026-01-08 14:06:15","","2026-01-08 14:06:33","18","0","NORMAL_CLEARING","26c66fa7-bf89-4ab0-ab4d-77e97f4363a5","","1003","",""
"1003","1003","9011~972567301988","default","2026-01-08 14:06:15","","2026-01-08 14:06:33","18","0","NORMAL_CLEARING","dc802755-a737-42a2-a219-2b59bb44dce7","","1003","",""
"1003","1003","9011~972567301988","default","2026-01-08 14:06:16","","2026-01-08 14:06:33","17","0","NORMAL_CLEARING","fcfe812c-6d78-4686-8a7d-32f1ccdbed13","","1003","",""
"1003","1003","9011~421552302622","default","2026-01-08 14:06:16","","2026-01-08 14:06:33","17","0","NORMAL_CLEARING","b2e3b177-e914-420d-bcb2-145c6a41e480","","1003","",""
"1003","1003","9011~421552302622","default","2026-01-08 14:06:18","","2026-01-08 14:06:35","17","0","NORMAL_CLEARING","a6cab215-1465-4ca5-9229-989fa1975acc","","1003","",""
"1003","1003","9011~972567301988","default","2026-01-08 14:06:18","","2026-01-08 14:06:35","17","0","NORMAL_CLEARING","e7ade2d2-8ff7-48f9-bdf5-56f1c4206582","","1003","",""
"1003","1003","9011~421552302622","default","2026-01-08 14:06:21","","2026-01-08 14:06:37","16","0","NORMAL_CLEARING","4ce5facb-3a3e-42ed-ab98-05e91767ac23","","1003","",""
"1003","1003","9011~972567301988","default","2026-01-08 14:06:21","","2026-01-08 14:06:37","16","0","NORMAL_CLEARING","eb8bfae0-56f5-4a3b-a1e5-862106c4e4a6","","1003","",""
"1003","1003","9011~972567301988","default","2026-01-08 14:06:27","","2026-01-08 14:06:43","16","0","NORMAL_CLEARING","d1e2683f-29f6-4c7e-93ec-616dd6e0cee4","","1003","",""
"1003","1003","9011~421552302622","default","2026-01-08 14:06:27","","2026-01-08 14:06:43","16","0","NORMAL_CLEARING","b696799b-59db-45f0-b1ea-231669de3109","","1003","",""
"1003","1003","0.0+972567301988","default","2026-01-08 14:06:37","","2026-01-08 14:06:53","16","0","NORMAL_CLEARING","b21b3922-1723-4db5-9f15-d188d5a94cea","","1003","",""
"1003","1003","0.0+421552302622","default","2026-01-08 14:06:37","","2026-01-08 14:06:53","16","0","NORMAL_CLEARING","ba54c429-8141-41ac-a6ea-b0d2b0fa99cd","","1003","",""
"1003","1003","0.0+421552302622","default","2026-01-08 14:06:38","","2026-01-08 14:06:54","16","0","NORMAL_CLEARING","e785f0e9-6b8b-4b96-b56a-2cfbf80ed6e0","","1003","",""
"1003","1003","0.0+972567301988","default","2026-01-08 14:06:38","","2026-01-08 14:06:54","16","0","NORMAL_CLEARING","74ccd235-5521-41f6-8f76-367ee3545b32","","1003","",""
"1003","1003","0.0+421552302622","default","2026-01-08 14:06:40","","2026-01-08 14:06:55","15","0","NORMAL_CLEARING","938e57fd-3153-427a-b02a-a21b11e49a66","","1003","",""
"1003","1003","0.0+972567301988","default","2026-01-08 14:06:40","","2026-01-08 14:06:56","16","0","NORMAL_CLEARING","b3976fbc-9ac5-43a5-8e88-e2ce9b8f62f8","","1003","",""
"1003","1003","0.0+421552302622","default","2026-01-08 14:06:43","","2026-01-08 14:06:59","16","0","NORMAL_CLEARING","cb9d105b-777b-4e46-8be8-6e30e73eb090","","1003","",""
"1003","1003","0.0+972567301988","default","2026-01-08 14:06:43","","2026-01-08 14:06:59","16","0","NORMAL_CLEARING","634eee41-36d7-493b-9da3-66809211a6eb","","1003","",""
"1003","1003","0.0+972567301988","default","2026-01-08 14:06:49","","2026-01-08 14:07:05","16","0","NORMAL_CLEARING","a38c6c68-63cc-4c4f-b768-04b308d2a15d","","1003","",""
"1003","1003","0.0+421552302622","default","2026-01-08 14:06:49","","2026-01-08 14:07:05","16","0","NORMAL_CLEARING","692415bd-e825-4db5-b8fa-388ee24a2c6e","","1003","",""
"1003","1003","00#421552302622","default","2026-01-08 14:07:00","","2026-01-08 14:07:16","16","0","NORMAL_CLEARING","ba97e56e-fef2-477a-92fb-44d64425534d","","1003","",""
"1003","1003","00#972567301988","default","2026-01-08 14:07:00","","2026-01-08 14:07:16","16","0","NORMAL_CLEARING","42e5b544-de48-497c-93a9-99f2d151a823","","1003","",""
"1003","1003","00#421552302622","default","2026-01-08 14:07:01","","2026-01-08 14:07:17","16","0","NORMAL_CLEARING","0f1c813f-9cc6-4caa-91f2-b7a3f6a59e74","","1003","",""
"1003","1003","00#972567301988","default","2026-01-08 14:07:01","","2026-01-08 14:07:17","16","0","NORMAL_CLEARING","99811cfd-540a-470d-81b2-0b9c32fd620f","","1003","",""
"1003","1003","00#972567301988","default","2026-01-08 14:07:02","","2026-01-08 14:07:19","17","0","NORMAL_CLEARING","377a2da2-f088-41f8-9f8d-a4e2af6cd6fc","","1003","",""
"1003","1003","00#421552302622","default","2026-01-08 14:07:02","","2026-01-08 14:07:19","17","0","NORMAL_CLEARING","5745119e-ac22-48a6-a583-e73f6da61a63","","1003","",""
"1003","1003","00#972567301988","default","2026-01-08 14:07:06","","2026-01-08 14:07:23","17","0","NORMAL_CLEARING","37591470-8aef-4181-9577-8b5e7e915179","","1003","",""
"1003","1003","00#421552302622","default","2026-01-08 14:07:06","","2026-01-08 14:07:23","17","0","NORMAL_CLEARING","a7c9f99a-2e82-474a-a77e-de2213508b8f","","1003","",""
"1003","1003","00#972567301988","default","2026-01-08 14:07:12","","2026-01-08 14:07:28","16","0","NORMAL_CLEARING","b51e2cef-c7fd-485d-aeed-6f8cfd83e435","","1003","",""
"1003","1003","00#421552302622","default","2026-01-08 14:07:12","","2026-01-08 14:07:28","16","0","NORMAL_CLEARING","67f769e4-de48-471e-be3c-35e842a6658a","","1003","",""
"1003","1003","900.972567301988","default","2026-01-08 14:07:22","","2026-01-08 14:07:37","15","0","NORMAL_CLEARING","b3bcc4c1-0f58-4967-8295-60a58a039a71","","1003","",""
"1003","1003","900.421552302622","default","2026-01-08 14:07:22","","2026-01-08 14:07:38","16","0","NORMAL_CLEARING","3746e560-8d18-4a5f-84cb-b0a3c4733f76","","1003","",""
"1003","1003","900.972567301988","default","2026-01-08 14:07:23","","2026-01-08 14:07:38","15","0","NORMAL_CLEARING","63ee63d9-5a46-4457-b7e1-11ca38b7cdab","","1003","",""
"1003","1003","900.421552302622","default","2026-01-08 14:07:23","","2026-01-08 14:07:39","16","0","NORMAL_CLEARING","39dce6c3-8605-49dd-9994-3d5d6cff02de","","1003","",""
"1003","1003","900.421552302622","default","2026-01-08 14:07:25","","2026-01-08 14:07:40","15","0","NORMAL_CLEARING","fe14a942-18ee-44b2-b857-2bf0fd55f5d0","","1003","",""
"1003","1003","900.972567301988","default","2026-01-08 14:07:25","","2026-01-08 14:07:40","15","0","NORMAL_CLEARING","819b6eca-6724-4a55-8966-8c6d98a4d7dd","","1003","",""
"1003","1003","900.972567301988","default","2026-01-08 14:07:28","","2026-01-08 14:07:43","15","0","NORMAL_CLEARING","a0f3bd07-a3e9-4cb3-bf0e-ec9e86c8cb6e","","1003","",""
"1003","1003","900.421552302622","default","2026-01-08 14:07:28","","2026-01-08 14:07:43","15","0","NORMAL_CLEARING","54b4a54a-4f09-4f33-9e86-ba83f9cfa245","","1003","",""
"1003","1003","900.972567301988","default","2026-01-08 14:07:34","","2026-01-08 14:07:49","15","0","NORMAL_CLEARING","c862adf5-591a-4f69-8ba6-c2e95f813a30","","1003","",""
"1003","1003","900.421552302622","default","2026-01-08 14:07:34","","2026-01-08 14:07:49","15","0","NORMAL_CLEARING","d9b85607-5b2e-4d00-b44e-56a507acdedf","","1003","",""
"1003","1003","900+421552302622","default","2026-01-08 14:07:45","","2026-01-08 14:08:00","15","0","NORMAL_CLEARING","5ecc0ed4-25a8-4618-9c0a-6588172ba129","","1003","",""
"1003","1003","900+972567301988","default","2026-01-08 14:07:45","","2026-01-08 14:08:00","15","0","NORMAL_CLEARING","7368e965-73f1-4724-99b7-eada2cf4e209","","1003","",""
"1003","1003","900+421552302622","default","2026-01-08 14:07:45","","2026-01-08 14:08:01","16","0","NORMAL_CLEARING","3fb90d24-1d8f-4c76-9c98-1473e2cc325a","","1003","",""
"1003","1003","900+972567301988","default","2026-01-08 14:07:45","","2026-01-08 14:08:01","16","0","NORMAL_CLEARING","ac263e0e-6c47-48c1-a474-10c411b336ad","","1003","",""
"1003","1003","900+421552302622","default","2026-01-08 14:07:47","","2026-01-08 14:08:03","16","0","NORMAL_CLEARING","5ad58be7-f40e-4f43-8149-0ae37f6f1227","","1003","",""
"1003","1003","900+972567301988","default","2026-01-08 14:07:47","","2026-01-08 14:08:03","16","0","NORMAL_CLEARING","3b971368-7b27-45d3-bade-acb06f03f6fa","","1003","",""
"1003","1003","900+972567301988","default","2026-01-08 14:07:51","","2026-01-08 14:08:05","14","0","NORMAL_CLEARING","4399b770-f327-464a-a05c-8eac5104b27f","","1003","",""
"1003","1003","900+421552302622","default","2026-01-08 14:07:51","","2026-01-08 14:08:06","15","0","NORMAL_CLEARING","35328b5d-e69d-47dd-84b9-af372974e514","","1003","",""
"1003","1003","900+421552302622","default","2026-01-08 14:07:56","","2026-01-08 14:08:11","15","0","NORMAL_CLEARING","1c09c1e5-36f7-4514-a619-133ea87aaffd","","1003","",""
"1003","1003","900+972567301988","default","2026-01-08 14:07:56","","2026-01-08 14:08:11","15","0","NORMAL_CLEARING","a5b1262c-d129-4c74-ac11-014ea68c19ed","","1003","",""
"1003","1003","9+972567301988","default","2026-01-08 14:08:05","","2026-01-08 14:08:18","13","0","NORMAL_CLEARING","9c197611-5195-4d86-b27c-9adbdb8d350a","","1003","",""
"1003","1003","9+421552302622","default","2026-01-08 14:08:05","","2026-01-08 14:08:18","13","0","NORMAL_CLEARING","4e1e2eec-420b-42a3-bfbd-443322629e6f","","1003","",""
"1003","1003","9+421552302622","default","2026-01-08 14:08:07","","2026-01-08 14:08:20","13","0","NORMAL_CLEARING","60255105-4773-4e30-b5d8-9dae9036b60e","","1003","",""
"1003","1003","9+972567301988","default","2026-01-08 14:08:07","","2026-01-08 14:08:20","13","0","NORMAL_CLEARING","b424e10e-136a-437d-997a-d618f8a3e3a9","","1003","",""
"1003","1003","9+972567301988","default","2026-01-08 14:08:08","","2026-01-08 14:08:21","13","0","NORMAL_CLEARING","861e9143-efdb-4b75-b05e-3828a6f37fcb","","1003","",""
"1003","1003","9+421552302622","default","2026-01-08 14:08:08","","2026-01-08 14:08:21","13","0","NORMAL_CLEARING","da654c60-3314-4e03-9801-4c07bac7c9e5","","1003","",""
"1003","1003","9+421552302622","default","2026-01-08 14:08:13","","2026-01-08 14:08:26","13","0","NORMAL_CLEARING","b7c4ae04-2b20-46d8-90ed-dc1c8aaff4fb","","1003","",""
"1003","1003","9+972567301988","default","2026-01-08 14:08:13","","2026-01-08 14:08:26","13","0","NORMAL_CLEARING","a709e8a1-14ed-4eb5-a226-fd55dfc97d70","","1003","",""
"1003","1003","9+421552302622","default","2026-01-08 14:08:19","","2026-01-08 14:08:32","13","0","NORMAL_CLEARING","0db164f6-0f68-4db6-8bec-cc4bf759b760","","1003","",""
"1003","1003","9+972567301988","default","2026-01-08 14:08:19","","2026-01-08 14:08:32","13","0","NORMAL_CLEARING","d723ba19-8daf-473f-b4ac-ed44084cae05","","1003","",""
"1003","1003","8+421552302622","default","2026-01-08 14:08:27","","2026-01-08 14:08:40","13","0","NORMAL_CLEARING","cd21a1ab-2053-4b61-87ce-6dedaf1f6470","","1003","",""
"1003","1003","8+972567301988","default","2026-01-08 14:08:27","","2026-01-08 14:08:40","13","0","NORMAL_CLEARING","101ade80-25df-47b6-9fc3-61ec684eef9f","","1003","",""
"1003","1003","8+972567301988","default","2026-01-08 14:08:29","","2026-01-08 14:08:43","14","0","NORMAL_CLEARING","3f73e5d6-bcf9-4d7b-8eb8-18054b50718f","","1003","",""
"1003","1003","8+421552302622","default","2026-01-08 14:08:30","","2026-01-08 14:08:43","13","0","NORMAL_CLEARING","f8f8388d-f91d-4c30-aab1-9db3beefd595","","1003","",""
"1003","1003","8+972567301988","default","2026-01-08 14:08:30","","2026-01-08 14:08:43","13","0","NORMAL_CLEARING","35a672e8-04ee-41a6-85f0-0e8cf7b5ba3e","","1003","",""
"1003","1003","8+421552302622","default","2026-01-08 14:08:30","","2026-01-08 14:08:43","13","0","NORMAL_CLEARING","100e02f2-1f67-41fc-8871-d35f37bd9e1f","","1003","",""
"1003","1003","8+421552302622","default","2026-01-08 14:08:35","","2026-01-08 14:08:49","14","0","NORMAL_CLEARING","21f2cd39-b499-4823-b671-4ee97df22a50","","1003","",""
"1003","1003","8+972567301988","default","2026-01-08 14:08:35","","2026-01-08 14:08:49","14","0","NORMAL_CLEARING","75ebc9ad-a923-498c-b843-370f09e81518","","1003","",""
"1003","1003","8+421552302622","default","2026-01-08 14:08:41","","2026-01-08 14:08:55","14","0","NORMAL_CLEARING","bbdf46a7-593c-4f09-84ba-131b3eb04daa","","1003","",""
"1003","1003","8+972567301988","default","2026-01-08 14:08:41","","2026-01-08 14:08:55","14","0","NORMAL_CLEARING","747fbb2c-3f32-4265-b3bc-e9d8ddb394eb","","1003","",""
"1003","1003","7+972567301988","default","2026-01-08 14:08:50","","2026-01-08 14:09:03","13","0","NORMAL_CLEARING","1c63d8c0-4f10-4bfb-8144-89a4a6fdbaff","","1003","",""
"1003","1003","7+421552302622","default","2026-01-08 14:08:50","","2026-01-08 14:09:03","13","0","NORMAL_CLEARING","e3a25860-efbf-40a0-b00b-95b382bfbf3e","","1003","",""
"1003","1003","7+421552302622","default","2026-01-08 14:08:52","","2026-01-08 14:09:06","14","0","NORMAL_CLEARING","6125f11c-fbba-4710-a3ac-504614daadb8","","1003","",""
"1003","1003","7+972567301988","default","2026-01-08 14:08:52","","2026-01-08 14:09:06","14","0","NORMAL_CLEARING","ebcd572d-900f-48b1-86a6-c9c8f03cc4f1","","1003","",""
"1003","1003","7+972567301988","default","2026-01-08 14:08:52","","2026-01-08 14:09:07","15","0","NORMAL_CLEARING","f6a9c461-94c3-410b-b6aa-e61bf401d8a6","","1003","",""
"1003","1003","7+421552302622","default","2026-01-08 14:08:52","","2026-01-08 14:09:07","15","0","NORMAL_CLEARING","d7f40c64-9118-4c22-9450-dc3e447183ca","","1003","",""
"1003","1003","7+421552302622","default","2026-01-08 14:08:57","","2026-01-08 14:09:12","15","0","NORMAL_CLEARING","668acdcb-a660-4176-82da-b962c8ec842f","","1003","",""
"1003","1003","7+972567301988","default","2026-01-08 14:08:57","","2026-01-08 14:09:12","15","0","NORMAL_CLEARING","1120bf9d-327f-4171-a74c-a30a3141cd58","","1003","",""
"1003","1003","7+972567301988","default","2026-01-08 14:09:03","","2026-01-08 14:09:18","15","0","NORMAL_CLEARING","2e0c9499-0788-40f2-aee9-ba93cbaaa6ed","","1003","",""
"1003","1003","7+421552302622","default","2026-01-08 14:09:03","","2026-01-08 14:09:18","15","0","NORMAL_CLEARING","b7782916-9f0d-4212-9a62-387468dabd70","","1003","",""
"1003","1003","5+421552302622","default","2026-01-08 14:09:12","","2026-01-08 14:09:25","13","0","NORMAL_CLEARING","012e2144-3e0e-47d8-8308-60d37e063a0a","","1003","",""
"1003","1003","5+972567301988","default","2026-01-08 14:09:12","","2026-01-08 14:09:25","13","0","NORMAL_CLEARING","2a5ab21e-2830-4f3c-bba5-460b096ec0d7","","1003","",""
"1003","1003","5+421552302622","default","2026-01-08 14:09:14","","2026-01-08 14:09:28","14","0","NORMAL_CLEARING","ce7ca6bf-8477-4395-abeb-75ed6e523d81","","1003","",""
"1003","1003","5+972567301988","default","2026-01-08 14:09:14","","2026-01-08 14:09:28","14","0","NORMAL_CLEARING","37157ed1-ad19-4176-8ebe-ba754b3efa94","","1003","",""
"1003","1003","5+421552302622","default","2026-01-08 14:09:15","","2026-01-08 14:09:28","13","0","NORMAL_CLEARING","ed59afa6-9a6f-4701-952e-87a9a42555ac","","1003","",""
"1003","1003","5+972567301988","default","2026-01-08 14:09:15","","2026-01-08 14:09:28","13","0","NORMAL_CLEARING","fb319684-bf1d-4bd5-83f7-54f680e66d5c","","1003","",""
"1003","1003","5+972567301988","default","2026-01-08 14:09:20","","2026-01-08 14:09:33","13","0","NORMAL_CLEARING","4b373948-5157-4753-bac4-aba3b9c434c1","","1003","",""
"1003","1003","5+421552302622","default","2026-01-08 14:09:20","","2026-01-08 14:09:33","13","0","NORMAL_CLEARING","727a6894-c6fc-4880-a7c3-34e60f12a5a7","","1003","",""
"1003","1003","5+421552302622","default","2026-01-08 14:09:26","","2026-01-08 14:09:39","13","0","NORMAL_CLEARING","0ea8d35a-3358-4315-8edf-11a130ed7376","","1003","",""
"1003","1003","5+972567301988","default","2026-01-08 14:09:26","","2026-01-08 14:09:39","13","0","NORMAL_CLEARING","a7ed1e23-e883-4ec3-be03-0b429e39d0b7","","1003","",""
"1003","1003","3+421552302622","default","2026-01-08 14:09:34","","2026-01-08 14:09:48","14","0","NORMAL_CLEARING","0dfd9664-8388-4ead-9573-1d58cb7ac230","","1003","",""
"1003","1003","3+972567301988","default","2026-01-08 14:09:34","","2026-01-08 14:09:48","14","0","NORMAL_CLEARING","9c245546-68bd-4e49-954d-c2c6f1801dd8","","1003","",""
"1003","1003","3+972567301988","default","2026-01-08 14:09:36","","2026-01-08 14:09:50","14","0","NORMAL_CLEARING","a598aa49-aab7-4513-a65d-a49f73b1c5c3","","1003","",""
"1003","1003","3+421552302622","default","2026-01-08 14:09:36","","2026-01-08 14:09:50","14","0","NORMAL_CLEARING","3884fb56-9ada-483d-a04e-e413c692fa82","","1003","",""
"1003","1003","3+421552302622","default","2026-01-08 14:09:37","","2026-01-08 14:09:51","14","0","NORMAL_CLEARING","421a7cfd-4939-4c0c-a22e-bb5b523532a9","","1003","",""
"1003","1003","3+972567301988","default","2026-01-08 14:09:37","","2026-01-08 14:09:51","14","0","NORMAL_CLEARING","9b2996db-ce82-4433-a551-bbe03877d6ab","","1003","",""
"1003","1003","3+972567301988","default","2026-01-08 14:09:42","","2026-01-08 14:09:56","14","0","NORMAL_CLEARING","77b7eb41-f6b4-49d7-b91c-e6a2b4c93deb","","1003","",""
"1003","1003","3+421552302622","default","2026-01-08 14:09:42","","2026-01-08 14:09:56","14","0","NORMAL_CLEARING","5a0116ad-a528-44a9-8bf7-14a21800ed4d","","1003","",""
"1003","1003","3+421552302622","default","2026-01-08 14:09:48","","2026-01-08 14:10:02","14","0","NORMAL_CLEARING","16421733-5421-4f72-b590-b7136f627322","","1003","",""
"1003","1003","3+972567301988","default","2026-01-08 14:09:48","","2026-01-08 14:10:02","14","0","NORMAL_CLEARING","02e4f118-8105-430d-8d0e-6dd235bf0f76","","1003","",""
"1003","1003","1+421552302622","default","2026-01-08 14:09:56","","2026-01-08 14:10:11","15","0","NORMAL_CLEARING","07537405-9d6d-4d4d-b5e4-5ad99f590b44","","1003","",""
"1003","1003","1+972567301988","default","2026-01-08 14:09:56","","2026-01-08 14:10:11","15","0","NORMAL_CLEARING","d47559d1-7551-4ee8-88f1-5eaccf42bb8c","","1003","",""
"1003","1003","1+972567301988","default","2026-01-08 14:09:59","","2026-01-08 14:10:13","14","0","NORMAL_CLEARING","08ec16b3-bcdc-40db-a01f-dee31856e95f","","1003","",""
"1003","1003","1+972567301988","default","2026-01-08 14:09:59","","2026-01-08 14:10:13","14","0","NORMAL_CLEARING","4fba5107-51aa-4f80-a837-0ae81995c6df","","1003","",""
"1003","1003","1+421552302622","default","2026-01-08 14:09:59","","2026-01-08 14:10:13","14","0","NORMAL_CLEARING","8591a3db-e1af-4e02-b825-73797a6c2416","","1003","",""
"1003","1003","1+421552302622","default","2026-01-08 14:09:59","","2026-01-08 14:10:13","14","0","NORMAL_CLEARING","de4eee56-5e09-40b7-a066-75a5ec161957","","1003","",""
"1003","1003","1+972567301988","default","2026-01-08 14:10:05","","2026-01-08 14:10:19","14","0","NORMAL_CLEARING","1a39fa5f-e084-4fc5-b070-a38d2ec822af","","1003","",""
"1003","1003","1+421552302622","default","2026-01-08 14:10:05","","2026-01-08 14:10:20","15","0","NORMAL_CLEARING","21006897-0ed6-47e7-b583-64d0702e46d9","","1003","",""
"1003","1003","1+972567301988","default","2026-01-08 14:10:10","","2026-01-08 14:10:26","16","0","NORMAL_CLEARING","ee958a84-d9ba-40b5-a71c-3561964c8bd8","","1003","",""
"1003","1003","1+421552302622","default","2026-01-08 14:10:10","","2026-01-08 14:10:26","16","0","NORMAL_CLEARING","a39d2abd-a57d-47b1-8a37-bc71b3653420","","1003","",""
"1003","1003","2000421552302622","default","2026-01-08 14:10:19","","2026-01-08 14:10:36","17","0","NORMAL_CLEARING","5e3871ee-81c7-40a7-acf1-e885433267c2","","1003","",""
"1003","1003","2000972567301988","default","2026-01-08 14:10:19","","2026-01-08 14:10:36","17","0","NORMAL_CLEARING","b91d36d5-501d-44df-a862-a297f6058648","","1003","",""
"1003","1003","2000972567301988","default","2026-01-08 14:10:22","","2026-01-08 14:10:38","16","0","NORMAL_CLEARING","9f079206-530b-4149-8ebc-977660b01e9f","","1003","",""
"1003","1003","2000972567301988","default","2026-01-08 14:10:22","","2026-01-08 14:10:38","16","0","NORMAL_CLEARING","62add0a9-0639-49f9-9afd-ec0e4c914a0f","","1003","",""
"1003","1003","2000421552302622","default","2026-01-08 14:10:22","","2026-01-08 14:10:38","16","0","NORMAL_CLEARING","49e96111-5057-4ad0-8f2d-93141bec3b64","","1003","",""
"1003","1003","2000421552302622","default","2026-01-08 14:10:22","","2026-01-08 14:10:38","16","0","NORMAL_CLEARING","b30d7da1-d27c-4a20-a121-35541e8a2fa5","","1003","",""
"1003","1003","2000972567301988","default","2026-01-08 14:10:27","","2026-01-08 14:10:44","17","0","NORMAL_CLEARING","cc4548d9-3e76-4196-9877-390db8d0344e","","1003","",""
"1003","1003","2000421552302622","default","2026-01-08 14:10:27","","2026-01-08 14:10:44","17","0","NORMAL_CLEARING","d03499a1-3ed9-47d5-9d04-ee6dc3f3b80e","","1003","",""
"1003","1003","2000972567301988","default","2026-01-08 14:10:33","","2026-01-08 14:10:49","16","0","NORMAL_CLEARING","a4daafce-2796-4615-b2d6-8568aa2f0ed3","","1003","",""
"1003","1003","2000421552302622","default","2026-01-08 14:10:33","","2026-01-08 14:10:49","16","0","NORMAL_CLEARING","41baa71f-9d86-4b5f-b028-fd8666b333cf","","1003","",""
"1003","1003","3000972567301988","default","2026-01-08 14:10:42","","2026-01-08 14:10:58","16","0","NORMAL_CLEARING","e8a5e93e-44e6-49ad-bcb6-a155ff5ec171","","1003","",""
"1003","1003","3000421552302622","default","2026-01-08 14:10:42","","2026-01-08 14:10:58","16","0","NORMAL_CLEARING","70628777-5587-48fd-9a9d-c0b866dea7b8","","1003","",""
"1003","1003","3000972567301988","default","2026-01-08 14:10:44","","2026-01-08 14:11:00","16","0","NORMAL_CLEARING","e1762079-549c-4850-959d-ab5ef97dffeb","","1003","",""
"1003","1003","3000421552302622","default","2026-01-08 14:10:44","","2026-01-08 14:11:00","16","0","NORMAL_CLEARING","0d13953d-3a2d-48e5-bf8c-fa41fe0bd0de","","1003","",""
"1003","1003","3000972567301988","default","2026-01-08 14:10:44","","2026-01-08 14:11:00","16","0","NORMAL_CLEARING","79dc9cd8-bad9-4e04-9cc4-1373b74302fc","","1003","",""
"1003","1003","3000421552302622","default","2026-01-08 14:10:44","","2026-01-08 14:11:00","16","0","NORMAL_CLEARING","4c8158e8-9d37-4838-9e46-5093221c9bea","","1003","",""
"1003","1003","3000972567301988","default","2026-01-08 14:10:49","","2026-01-08 14:11:05","16","0","NORMAL_CLEARING","3152b479-a892-4129-be55-6e9d8771d13d","","1003","",""
"1003","1003","3000421552302622","default","2026-01-08 14:10:49","","2026-01-08 14:11:05","16","0","NORMAL_CLEARING","6910707f-733b-458d-82ad-9d58c3a5a79d","","1003","",""
"1003","1003","3000421552302622","default","2026-01-08 14:10:55","","2026-01-08 14:11:10","15","0","NORMAL_CLEARING","fe7d7266-1bbf-4c14-8e1e-5c955c2d6ecf","","1003","",""
"1003","1003","3000972567301988","default","2026-01-08 14:10:55","","2026-01-08 14:11:10","15","0","NORMAL_CLEARING","b561a7a1-32db-4e62-90a1-511992d34055","","1003","",""
"1003","1003","4000421552302622","default","2026-01-08 14:11:04","","2026-01-08 14:11:18","14","0","NORMAL_CLEARING","e13a9643-a74c-4013-9ab1-bef504d1c458","","1003","",""
"1003","1003","4000972567301988","default","2026-01-08 14:11:04","","2026-01-08 14:11:19","15","0","NORMAL_CLEARING","fb7450dc-2d6c-43ea-8db5-2d20898fa930","","1003","",""
"1003","1003","4000972567301988","default","2026-01-08 14:11:06","","2026-01-08 14:11:21","15","0","NORMAL_CLEARING","8cd2e13c-4b90-4746-ae46-576761eeac93","","1003","",""
"1003","1003","4000421552302622","default","2026-01-08 14:11:06","","2026-01-08 14:11:21","15","0","NORMAL_CLEARING","159c5f0d-d2aa-4f73-ad7c-c31fe3439f84","","1003","",""
"1003","1003","4000421552302622","default","2026-01-08 14:11:06","","2026-01-08 14:11:21","15","0","NORMAL_CLEARING","a0dab7aa-c024-4e02-8244-5ccc6958e856","","1003","",""
"1003","1003","4000972567301988","default","2026-01-08 14:11:06","","2026-01-08 14:11:21","15","0","NORMAL_CLEARING","aec99c19-4ebe-4e13-8259-08254369a12e","","1003","",""
"1003","1003","4000421552302622","default","2026-01-08 14:11:12","","2026-01-08 14:11:26","14","0","NORMAL_CLEARING","2df40aa2-2f3b-44eb-98ba-b9a0d3c97d55","","1003","",""
"1003","1003","4000972567301988","default","2026-01-08 14:11:12","","2026-01-08 14:11:26","14","0","NORMAL_CLEARING","c6e0163a-b46d-45b0-af42-c75bd4955ec7","","1003","",""
"1003","1003","4000972567301988","default","2026-01-08 14:11:17","","2026-01-08 14:11:32","15","0","NORMAL_CLEARING","9121437a-77d3-4d8a-bd49-5c19a92bbfb0","","1003","",""
"1003","1003","4000421552302622","default","2026-01-08 14:11:18","","2026-01-08 14:11:32","14","0","NORMAL_CLEARING","2a2d6b2e-5b4a-46cf-86c5-c967a6ba09e6","","1003","",""
"1003","1003","5000972567301988","default","2026-01-08 14:11:26","","2026-01-08 14:11:41","15","0","NORMAL_CLEARING","db37d92d-e5f9-4699-9833-21923abaf44a","","1003","",""
"1003","1003","5000421552302622","default","2026-01-08 14:11:26","","2026-01-08 14:11:41","15","0","NORMAL_CLEARING","008662cc-7dae-4a01-be00-32e7c6c34f46","","1003","",""
"1003","1003","5000421552302622","default","2026-01-08 14:11:28","","2026-01-08 14:11:43","15","0","NORMAL_CLEARING","de874ba0-c6fa-4eac-9c08-bb8c5b78592d","","1003","",""
"1003","1003","5000972567301988","default","2026-01-08 14:11:28","","2026-01-08 14:11:43","15","0","NORMAL_CLEARING","04119d2f-369c-4056-b287-5edd1bd513ea","","1003","",""
"1003","1003","5000972567301988","default","2026-01-08 14:11:29","","2026-01-08 14:11:44","15","0","NORMAL_CLEARING","39b3d887-64a4-432c-92eb-e949b1aa89d9","","1003","",""
"1003","1003","5000421552302622","default","2026-01-08 14:11:29","","2026-01-08 14:11:44","15","0","NORMAL_CLEARING","ac649b0a-f1d5-4a2d-a5f8-d528a507b86f","","1003","",""
"1003","1003","5000972567301988","default","2026-01-08 14:11:34","","2026-01-08 14:11:49","15","0","NORMAL_CLEARING","37a9b0c7-e67b-4f3c-8700-ec67892c0d7d","","1003","",""
"1003","1003","5000421552302622","default","2026-01-08 14:11:34","","2026-01-08 14:11:49","15","0","NORMAL_CLEARING","caa0e7bd-2c36-415e-a0be-9ac2c39307d5","","1003","",""
"1003","1003","5000421552302622","default","2026-01-08 14:11:40","","2026-01-08 14:11:55","15","0","NORMAL_CLEARING","9e74be1f-827c-473b-b558-4bfaaca6505b","","1003","",""
"1003","1003","5000972567301988","default","2026-01-08 14:11:40","","2026-01-08 14:11:55","15","0","NORMAL_CLEARING","b33121c2-77c8-4c55-b5e3-00ed16792f67","","1003","",""
"1003","1003","6000421552302622","default","2026-01-08 14:11:48","","2026-01-08 14:12:04","16","0","NORMAL_CLEARING","e39616f1-6e89-4429-b0a1-135f21ee77c6","","1003","",""
"1003","1003","6000972567301988","default","2026-01-08 14:11:48","","2026-01-08 14:12:04","16","0","NORMAL_CLEARING","510be94c-e61e-4746-9bab-68caf077b5e5","","1003","",""
"1003","1003","6000972567301988","default","2026-01-08 14:11:51","","2026-01-08 14:12:06","15","0","NORMAL_CLEARING","dcd83ebf-1f18-48ce-89d2-048573b0e365","","1003","",""
"1003","1003","6000421552302622","default","2026-01-08 14:11:51","","2026-01-08 14:12:07","16","0","NORMAL_CLEARING","48e9edac-7a4e-4efd-b322-ad4d6f75cd7d","","1003","",""
"1003","1003","6000421552302622","default","2026-01-08 14:11:51","","2026-01-08 14:12:07","16","0","NORMAL_CLEARING","9cb6fc75-7c61-4692-9ccb-8f062f72e747","","1003","",""
"1003","1003","6000972567301988","default","2026-01-08 14:11:51","","2026-01-08 14:12:07","16","0","NORMAL_CLEARING","1ea78ce4-093f-4a84-8b3c-3cb6d1520b9e","","1003","",""
"1003","1003","6000972567301988","default","2026-01-08 14:11:56","","2026-01-08 14:12:12","16","0","NORMAL_CLEARING","20589f78-27ad-4454-8c6e-74c9e6661f09","","1003","",""
"1003","1003","6000421552302622","default","2026-01-08 14:11:56","","2026-01-08 14:12:12","16","0","NORMAL_CLEARING","2dbfa15c-73f3-4a1c-969e-86127886929d","","1003","",""
"1003","1003","6000421552302622","default","2026-01-08 14:12:02","","2026-01-08 14:12:18","16","0","NORMAL_CLEARING","c556ff8b-c432-4fe4-b006-91d511438093","","1003","",""
"1003","1003","6000972567301988","default","2026-01-08 14:12:02","","2026-01-08 14:12:19","17","0","NORMAL_CLEARING","bf37a7ff-8432-4f28-bebc-99915fb6ab47","","1003","",""
"1003","1003","10000972567301988","default","2026-01-08 14:12:11","","2026-01-08 14:12:26","15","0","NORMAL_CLEARING","a8c58e8f-81f8-48b6-bf7a-5262535c2a71","","1003","",""
"1003","1003","10000421552302622","default","2026-01-08 14:12:11","","2026-01-08 14:12:26","15","0","NORMAL_CLEARING","745488c8-4580-4ffc-b7df-75bfa023807f","","1003","",""
"1003","1003","10000972567301988","default","2026-01-08 14:12:13","","2026-01-08 14:12:28","15","0","NORMAL_CLEARING","05675509-7360-40a8-8f74-d0811d59f262","","1003","",""
"1003","1003","10000421552302622","default","2026-01-08 14:12:13","","2026-01-08 14:12:28","15","0","NORMAL_CLEARING","92b5f1db-ba4a-4704-a881-93f6a70cba37","","1003","",""
"1003","1003","10000972567301988","default","2026-01-08 14:12:14","","2026-01-08 14:12:29","15","0","NORMAL_CLEARING","5ad8b669-392f-4432-b4db-6187b7d52b93","","1003","",""
"1003","1003","10000421552302622","default","2026-01-08 14:12:14","","2026-01-08 14:12:29","15","0","NORMAL_CLEARING","f090d4ef-23a4-402b-ad94-289eac457217","","1003","",""
"1003","1003","10000421552302622","default","2026-01-08 14:12:18","","2026-01-08 14:12:34","16","0","NORMAL_CLEARING","976bd3a1-fc11-447c-889c-34c545dde64b","","1003","",""
"1003","1003","10000972567301988","default","2026-01-08 14:12:18","","2026-01-08 14:12:34","16","0","NORMAL_CLEARING","5a96abdf-9cb5-4c6c-ba8b-7ee3568a9346","","1003","",""
"1003","1003","10000972567301988","default","2026-01-08 14:12:25","","2026-01-08 14:12:40","15","0","NORMAL_CLEARING","5213e9b0-1f0d-4f80-966e-f837f37a487c","","1003","",""
"1003","1003","10000421552302622","default","2026-01-08 14:12:25","","2026-01-08 14:12:40","15","0","NORMAL_CLEARING","a6365de4-ee37-4cef-a46b-036a2d54024c","","1003","",""
"1003","1003","20000972567301988","default","2026-01-08 14:12:33","","2026-01-08 14:12:47","14","0","NORMAL_CLEARING","bbff1155-113e-4642-8a19-70e62f38d8cc","","1003","",""
"1003","1003","20000421552302622","default","2026-01-08 14:12:33","","2026-01-08 14:12:47","14","0","NORMAL_CLEARING","7258a3c1-af50-4539-a570-ca3957c1254c","","1003","",""
"1003","1003","20000421552302622","default","2026-01-08 14:12:35","","2026-01-08 14:12:49","14","0","NORMAL_CLEARING","02756252-5232-49fe-8715-1d5c07096b9c","","1003","",""
"1003","1003","20000972567301988","default","2026-01-08 14:12:35","","2026-01-08 14:12:50","15","0","NORMAL_CLEARING","7b39e0d5-a492-4903-82ca-b90b269d48cb","","1003","",""
"1003","1003","20000972567301988","default","2026-01-08 14:12:36","","2026-01-08 14:12:50","14","0","NORMAL_CLEARING","cbece57b-047f-404b-a960-37bf1c91bada","","1003","",""
"1003","1003","20000421552302622","default","2026-01-08 14:12:36","","2026-01-08 14:12:50","14","0","NORMAL_CLEARING","fe9ba2bd-d714-46e8-a91a-212f81e53242","","1003","",""
"1003","1003","20000972567301988","default","2026-01-08 14:12:41","","2026-01-08 14:12:55","14","0","NORMAL_CLEARING","becd7a55-2726-49cd-a9d8-c51b87abdc29","","1003","",""
"1003","1003","20000421552302622","default","2026-01-08 14:12:41","","2026-01-08 14:12:55","14","0","NORMAL_CLEARING","f61bfe7d-a379-4b8a-83bd-a891a3c1441f","","1003","",""
"1003","1003","20000421552302622","default","2026-01-08 14:12:47","","2026-01-08 14:13:02","15","0","NORMAL_CLEARING","b88abf5a-03aa-4d94-9c31-78ca9ab90f78","","1003","",""
"1003","1003","20000972567301988","default","2026-01-08 14:12:47","","2026-01-08 14:13:02","15","0","NORMAL_CLEARING","5473ecc8-c1e5-4637-8087-7c4e3458f009","","1003","",""
"1003","1003","30000972567301988","default","2026-01-08 14:12:55","","2026-01-08 14:13:10","15","0","NORMAL_CLEARING","55e24abc-ae7c-4760-a988-d7e214eb996b","","1003","",""
"1003","1003","30000421552302622","default","2026-01-08 14:12:55","","2026-01-08 14:13:10","15","0","NORMAL_CLEARING","e146bc4d-3759-411f-93fa-d1345708ccf9","","1003","",""
"1003","1003","30000972567301988","default","2026-01-08 14:12:58","","2026-01-08 14:13:13","15","0","NORMAL_CLEARING","b38a2d7d-e14b-4c4c-b412-1a526dbb9e60","","1003","",""
"1003","1003","30000421552302622","default","2026-01-08 14:12:58","","2026-01-08 14:13:13","15","0","NORMAL_CLEARING","9a6c0a86-1534-43f6-a6f4-637ffa029dd7","","1003","",""
"1003","1003","30000421552302622","default","2026-01-08 14:12:58","","2026-01-08 14:13:14","16","0","NORMAL_CLEARING","e1f6455b-2873-4dbb-87ea-d010b3c06346","","1003","",""
"1003","1003","30000972567301988","default","2026-01-08 14:12:58","","2026-01-08 14:13:14","16","0","NORMAL_CLEARING","12401fcc-5d04-4b5f-872b-09cd2389dd06","","1003","",""
"1003","1003","30000972567301988","default","2026-01-08 14:13:03","","2026-01-08 14:13:19","16","0","NORMAL_CLEARING","fc934da8-f639-4a5c-b21b-aa1cf4ae832f","","1003","",""
"1003","1003","30000421552302622","default","2026-01-08 14:13:03","","2026-01-08 14:13:19","16","0","NORMAL_CLEARING","c3f64781-2b7f-44dc-92c8-116f6c3d358b","","1003","",""
"1003","1003","30000421552302622","default","2026-01-08 14:13:09","","2026-01-08 14:13:25","16","0","NORMAL_CLEARING","cd6502f5-26d5-46c0-ad19-e03a1078db70","","1003","",""
"1003","1003","30000972567301988","default","2026-01-08 14:13:09","","2026-01-08 14:13:25","16","0","NORMAL_CLEARING","b11c0bc2-c472-4a5f-abaf-85e492ea306b","","1003","",""
"1003","1003","40000972567301988","default","2026-01-08 14:13:18","","2026-01-08 14:13:32","14","0","NORMAL_CLEARING","79ea76cf-f405-4c18-852e-1c29af76197c","","1003","",""
"1003","1003","40000421552302622","default","2026-01-08 14:13:18","","2026-01-08 14:13:32","14","0","NORMAL_CLEARING","beda20f4-6ef7-4b93-81de-7909dfa194b0","","1003","",""
"1003","1003","40000421552302622","default","2026-01-08 14:13:20","","2026-01-08 14:13:33","13","0","NORMAL_CLEARING","cd4756c5-7420-4443-bbd2-0394d380fe62","","1003","",""
"1003","1003","40000972567301988","default","2026-01-08 14:13:20","","2026-01-08 14:13:33","13","0","NORMAL_CLEARING","8631ce49-8514-4162-87b7-d790fb3736fc","","1003","",""
"1003","1003","40000972567301988","default","2026-01-08 14:13:21","","2026-01-08 14:13:34","13","0","NORMAL_CLEARING","fdf3c287-1526-4b92-bf84-65dbc5f96415","","1003","",""
"1003","1003","40000421552302622","default","2026-01-08 14:13:21","","2026-01-08 14:13:34","13","0","NORMAL_CLEARING","4dad0825-8d95-4bfa-95e9-bf64edf6f33a","","1003","",""
"1003","1003","40000421552302622","default","2026-01-08 14:13:26","","2026-01-08 14:13:39","13","0","NORMAL_CLEARING","19ba6a34-ea50-49cf-9c9f-c9df10c07d8b","","1003","",""
"1003","1003","40000972567301988","default","2026-01-08 14:13:26","","2026-01-08 14:13:39","13","0","NORMAL_CLEARING","158bad79-67c8-4d97-843d-a044d23706df","","1003","",""
"1003","1003","40000421552302622","default","2026-01-08 14:13:31","","2026-01-08 14:13:45","14","0","NORMAL_CLEARING","788d492f-1c52-4970-95d4-c3d40afee707","","1003","",""
"1003","1003","40000972567301988","default","2026-01-08 14:13:31","","2026-01-08 14:13:45","14","0","NORMAL_CLEARING","b47993b0-6620-4660-b8d9-970baed5ac4b","","1003","",""
"1003","1003","50000421552302622","default","2026-01-08 14:13:40","","2026-01-08 14:13:53","13","0","NORMAL_CLEARING","5bd32cc1-2733-4a43-8d29-5e25944285b4","","1003","",""
"1003","1003","50000972567301988","default","2026-01-08 14:13:40","","2026-01-08 14:13:53","13","0","NORMAL_CLEARING","f25c85e9-3688-4040-b350-de5f7ca16255","","1003","",""
"1003","1003","50000972567301988","default","2026-01-08 14:13:42","","2026-01-08 14:13:56","14","0","NORMAL_CLEARING","45af0942-2483-44d4-ae6f-b92f7f485a8d","","1003","",""
"1003","1003","50000421552302622","default","2026-01-08 14:13:42","","2026-01-08 14:13:56","14","0","NORMAL_CLEARING","c7821ba2-c211-47c9-9d9e-4693b6708ca7","","1003","",""
"1003","1003","50000421552302622","default","2026-01-08 14:13:43","","2026-01-08 14:13:56","13","0","NORMAL_CLEARING","aebcab2a-0d41-4332-b174-8b13da937c70","","1003","",""
"1003","1003","50000972567301988","default","2026-01-08 14:13:43","","2026-01-08 14:13:56","13","0","NORMAL_CLEARING","bada467b-5446-4a0e-9e47-d8198e19baf3","","1003","",""
"1003","1003","50000972567301988","default","2026-01-08 14:13:48","","2026-01-08 14:14:01","13","0","NORMAL_CLEARING","73648574-d9f2-490e-b892-3606d17857c3","","1003","",""
"1003","1003","50000421552302622","default","2026-01-08 14:13:48","","2026-01-08 14:14:01","13","0","NORMAL_CLEARING","60c45b10-e180-45e6-97ef-1697872ecdcf","","1003","",""
"1003","1003","50000972567301988","default","2026-01-08 14:13:54","","2026-01-08 14:14:06","12","0","NORMAL_CLEARING","7bf3150c-a452-4921-bfa7-8bc8829f162d","","1003","",""
"1003","1003","50000421552302622","default","2026-01-08 14:13:54","","2026-01-08 14:14:06","12","0","NORMAL_CLEARING","881f5d39-3019-4c9f-b16d-96d792867d38","","1003","",""
"1003","1003","60000421552302622","default","2026-01-08 14:14:02","","2026-01-08 14:14:15","13","0","NORMAL_CLEARING","1118ad56-901a-46ed-a761-e5d3b07e807e","","1003","",""
"1003","1003","60000972567301988","default","2026-01-08 14:14:02","","2026-01-08 14:14:15","13","0","NORMAL_CLEARING","6bb62b06-6ed3-472f-aa23-eb840dea0ded","","1003","",""
"1003","1003","60000972567301988","default","2026-01-08 14:14:05","","2026-01-08 14:14:17","12","0","NORMAL_CLEARING","903bcf4d-4100-42a7-8762-1e19c8b3732f","","1003","",""
"1003","1003","60000421552302622","default","2026-01-08 14:14:05","","2026-01-08 14:14:17","12","0","NORMAL_CLEARING","d4171a03-4ded-4088-9ce0-c22a49ad9b56","","1003","",""
"1003","1003","60000421552302622","default","2026-01-08 14:14:05","","2026-01-08 14:14:17","12","0","NORMAL_CLEARING","780576cf-2e1f-455b-a497-d6f84efa9c64","","1003","",""
"1003","1003","60000972567301988","default","2026-01-08 14:14:05","","2026-01-08 14:14:17","12","0","NORMAL_CLEARING","ad2bb6a2-6173-4e76-8267-466adaeeb487","","1003","",""
"1003","1003","60000421552302622","default","2026-01-08 14:14:10","","2026-01-08 14:14:22","12","0","NORMAL_CLEARING","495fd713-5bdc-4cfd-8f67-e9fcd7a3ca47","","1003","",""
"1003","1003","60000972567301988","default","2026-01-08 14:14:10","","2026-01-08 14:14:22","12","0","NORMAL_CLEARING","4298e287-3f75-49c8-b39c-8597e5e96c7a","","1003","",""
"1003","1003","60000421552302622","default","2026-01-08 14:14:16","","2026-01-08 14:14:27","11","0","NORMAL_CLEARING","20547ea5-40ec-4ba6-ae5c-eef4b3842b76","","1003","",""
"1003","1003","60000972567301988","default","2026-01-08 14:14:16","","2026-01-08 14:14:27","11","0","NORMAL_CLEARING","9079a6cf-1f6b-467d-8e21-64b312baf488","","1003","",""
"1003","1003","70000421552302622","default","2026-01-08 14:14:24","","2026-01-08 14:14:38","14","0","NORMAL_CLEARING","13316f68-6969-4ca3-b59c-635a2cc6bb2f","","1003","",""
"1003","1003","70000972567301988","default","2026-01-08 14:14:24","","2026-01-08 14:14:38","14","0","NORMAL_CLEARING","92e40775-bb16-4acb-9319-66f452fb1d48","","1003","",""
"1003","1003","70000421552302622","default","2026-01-08 14:14:27","","2026-01-08 14:14:41","14","0","NORMAL_CLEARING","1482e93b-bcb7-4e8d-8699-b5383a700b22","","1003","",""
"1003","1003","70000972567301988","default","2026-01-08 14:14:27","","2026-01-08 14:14:42","15","0","NORMAL_CLEARING","b33fd61c-48d7-403b-abf3-62144dee7539","","1003","",""
"1003","1003","70000421552302622","default","2026-01-08 14:14:27","","2026-01-08 14:14:42","15","0","NORMAL_CLEARING","8163ea31-0f97-4e56-a1db-3b301497a3fc","","1003","",""
"1003","1003","70000972567301988","default","2026-01-08 14:14:27","","2026-01-08 14:14:43","16","0","NORMAL_CLEARING","7024ccd5-7909-484a-b9c9-cc53c3e7bcd7","","1003","",""
"1003","1003","70000972567301988","default","2026-01-08 14:14:32","","2026-01-08 14:14:49","17","0","NORMAL_CLEARING","811bc08a-f5b0-4b29-bb71-a99c470636fb","","1003","",""
"1003","1003","70000421552302622","default","2026-01-08 14:14:32","","2026-01-08 14:14:49","17","0","NORMAL_CLEARING","98af4f85-4698-4401-8833-16e99bbc393b","","1003","",""
"1003","1003","70000972567301988","default","2026-01-08 14:14:38","","2026-01-08 14:14:55","17","0","NORMAL_CLEARING","77223364-e2bd-41b9-8907-46a1337df7dd","","1003","",""
"1003","1003","70000421552302622","default","2026-01-08 14:14:38","","2026-01-08 14:14:55","17","0","NORMAL_CLEARING","92dc194e-8741-4246-ad9e-0480fa6ac070","","1003","",""
"1003","1003","80000972567301988","default","2026-01-08 14:14:47","","2026-01-08 14:15:03","16","0","NORMAL_CLEARING","5b1a15f5-cc8c-462b-8f5c-2c4b26fef732","","1003","",""
"1003","1003","80000421552302622","default","2026-01-08 14:14:47","","2026-01-08 14:15:04","17","0","NORMAL_CLEARING","dca0a093-dc7d-4dbb-8f16-ece9e4f5d7c2","","1003","",""
"1003","1003","80000421552302622","default","2026-01-08 14:14:49","","2026-01-08 14:15:05","16","0","NORMAL_CLEARING","50a9d832-12f7-4967-a26e-0bc5b7498f64","","1003","",""
"1003","1003","80000972567301988","default","2026-01-08 14:14:49","","2026-01-08 14:15:05","16","0","NORMAL_CLEARING","b40bfad0-3dc4-41c8-995c-619b88e583c0","","1003","",""
"1003","1003","80000972567301988","default","2026-01-08 14:14:50","","2026-01-08 14:15:06","16","0","NORMAL_CLEARING","a12d1863-28f0-4187-9a52-88d02f730003","","1003","",""
"1003","1003","80000421552302622","default","2026-01-08 14:14:50","","2026-01-08 14:15:06","16","0","NORMAL_CLEARING","f68cd642-c14a-41be-9d55-75620a603cbc","","1003","",""
"1003","1003","80000421552302622","default","2026-01-08 14:14:55","","2026-01-08 14:15:11","16","0","NORMAL_CLEARING","2ce0ebb9-09b4-44a0-95c5-79310172b1e4","","1003","",""
"1003","1003","80000972567301988","default","2026-01-08 14:14:55","","2026-01-08 14:15:11","16","0","NORMAL_CLEARING","d49031f8-441a-483c-bff0-185616910122","","1003","",""
"1003","1003","80000972567301988","default","2026-01-08 14:15:01","","2026-01-08 14:15:18","17","0","NORMAL_CLEARING","db0f7ad9-c6fe-4b77-aabb-be779c70c027","","1003","",""
"1003","1003","80000421552302622","default","2026-01-08 14:15:01","","2026-01-08 14:15:18","17","0","NORMAL_CLEARING","e99698e3-b68a-431e-b796-94f270a1a369","","1003","",""
"1003","1003","90000972567301988","default","2026-01-08 14:15:10","","2026-01-08 14:15:26","16","0","NORMAL_CLEARING","e0345abb-b6a5-44d7-be72-a9f9a841cf23","","1003","",""
"1003","1003","90000421552302622","default","2026-01-08 14:15:10","","2026-01-08 14:15:27","17","0","NORMAL_CLEARING","7a4f393e-e1d1-4fa4-b0c3-0ea2ee55a675","","1003","",""
"1003","1003","90000972567301988","default","2026-01-08 14:15:12","","2026-01-08 14:15:28","16","0","NORMAL_CLEARING","46199df4-bd5f-42bf-ac10-3288e4874337","","1003","",""
"1003","1003","90000421552302622","default","2026-01-08 14:15:12","","2026-01-08 14:15:29","17","0","NORMAL_CLEARING","916857bc-60b4-4187-97b8-13b01dc7663c","","1003","",""
"1003","1003","90000972567301988","default","2026-01-08 14:15:12","","2026-01-08 14:15:29","17","0","NORMAL_CLEARING","64fd8230-14f6-40c2-8e01-77b6b802988d","","1003","",""
"1003","1003","90000421552302622","default","2026-01-08 14:15:12","","2026-01-08 14:15:29","17","0","NORMAL_CLEARING","f7da987c-1cf3-4736-a54e-68cf08edf178","","1003","",""
"1003","1003","90000972567301988","default","2026-01-08 14:15:17","","2026-01-08 14:15:32","15","0","NORMAL_CLEARING","648e083b-77c2-423c-9491-8810919faba6","","1003","",""
"1003","1003","90000421552302622","default","2026-01-08 14:15:17","","2026-01-08 14:15:32","15","0","NORMAL_CLEARING","980c65f6-544f-466a-ad16-4eb2b75c451b","","1003","",""
"1003","1003","90000421552302622","default","2026-01-08 14:15:23","","2026-01-08 14:15:37","14","0","NORMAL_CLEARING","6d6dbeb0-212a-4715-8fbe-4da556f2b69f","","1003","",""
"1003","1003","90000972567301988","default","2026-01-08 14:15:23","","2026-01-08 14:15:37","14","0","NORMAL_CLEARING","856c353e-b531-4be2-bba7-bb901e20a359","","1003","",""
"1003","1003","000000421552302622","default","2026-01-08 14:15:32","","2026-01-08 14:15:44","12","0","NORMAL_CLEARING","a2909da8-5680-4f87-a3ba-9e24a357b6d3","","1003","",""
"1003","1003","000000972567301988","default","2026-01-08 14:15:32","","2026-01-08 14:15:44","12","0","NORMAL_CLEARING","48d6909d-88e2-4e34-b9a6-20d2c176bc23","","1003","",""
"1003","1003","000000421552302622","default","2026-01-08 14:15:34","","2026-01-08 14:15:46","12","0","NORMAL_CLEARING","3444e8e6-d54b-46d4-954f-e5dc18e537bd","","1003","",""
"1003","1003","000000972567301988","default","2026-01-08 14:15:34","","2026-01-08 14:15:46","12","0","NORMAL_CLEARING","7adb8fb1-c5a2-4375-8f9d-970a3f922a31","","1003","",""
"1003","1003","000000972567301988","default","2026-01-08 14:15:34","","2026-01-08 14:15:46","12","0","NORMAL_CLEARING","2a87528b-d78d-4b6e-a9c2-d9776db11ee6","","1003","",""
"1003","1003","000000421552302622","default","2026-01-08 14:15:34","","2026-01-08 14:15:46","12","0","NORMAL_CLEARING","7fa83929-8469-4758-adab-0effd5aca753","","1003","",""
"1003","1003","000000972567301988","default","2026-01-08 14:15:40","","2026-01-08 14:15:51","11","0","NORMAL_CLEARING","d7051be5-bcd3-4fdc-9d33-7d5cfa59b237","","1003","",""
"1003","1003","000000421552302622","default","2026-01-08 14:15:40","","2026-01-08 14:15:51","11","0","NORMAL_CLEARING","35647b30-087b-46f3-bef0-09221286b154","","1003","",""
"1003","1003","000000421552302622","default","2026-01-08 14:15:46","","2026-01-08 14:15:57","11","0","NORMAL_CLEARING","4df9f07c-7a55-4640-a7e2-7bd55f48b586","","1003","",""
"1003","1003","000000972567301988","default","2026-01-08 14:15:46","","2026-01-08 14:15:57","11","0","NORMAL_CLEARING","2b8d43fb-db2d-4f0b-8b98-82fe9b1159b2","","1003","",""
"1003","1003","100000972567301988","default","2026-01-08 14:15:54","","2026-01-08 14:16:05","11","0","NORMAL_CLEARING","36d5a29b-cb09-4349-a682-f2bded78d650","","1003","",""
"1003","1003","100000421552302622","default","2026-01-08 14:15:54","","2026-01-08 14:16:06","12","0","NORMAL_CLEARING","d187e570-9fe6-4a9a-beb8-4fa4ac7fb32e","","1003","",""
"1003","1003","100000421552302622","default","2026-01-08 14:15:56","","2026-01-08 14:16:08","12","0","NORMAL_CLEARING","425e22bc-44c4-46e2-9cf9-a89c71678386","","1003","",""
"1003","1003","100000972567301988","default","2026-01-08 14:15:56","","2026-01-08 14:16:08","12","0","NORMAL_CLEARING","4152975b-0fc3-4a8a-accd-ef6aa6e6cc0a","","1003","",""
"1003","1003","100000972567301988","default","2026-01-08 14:15:57","","2026-01-08 14:16:08","11","0","NORMAL_CLEARING","7fbc2455-72a3-44bd-a836-29becd189089","","1003","",""
"1003","1003","100000421552302622","default","2026-01-08 14:15:57","","2026-01-08 14:16:08","11","0","NORMAL_CLEARING","9d5424ed-8107-4c3d-b386-b4cfbc363587","","1003","",""
"1003","1003","100000421552302622","default","2026-01-08 14:16:02","","2026-01-08 14:16:13","11","0","NORMAL_CLEARING","4803b13f-823e-4580-be82-0ff87ceb8355","","1003","",""
"1003","1003","100000972567301988","default","2026-01-08 14:16:02","","2026-01-08 14:16:13","11","0","NORMAL_CLEARING","122c815a-701f-4e1a-a1e3-efa87049e200","","1003","",""
"1003","1003","100000972567301988","default","2026-01-08 14:16:08","","2026-01-08 14:16:19","11","0","NORMAL_CLEARING","4fa45c0d-730d-48ab-99f0-6faa59f1b5d2","","1003","",""
"1003","1003","100000421552302622","default","2026-01-08 14:16:08","","2026-01-08 14:16:19","11","0","NORMAL_CLEARING","f440cffb-f900-46ce-bb2b-16911e8662ac","","1003","",""
"1003","1003","200000421552302622","default","2026-01-08 14:16:16","","2026-01-08 14:16:28","12","0","NORMAL_CLEARING","b814c2e1-2b95-4ef4-8432-6ea395796f54","","1003","",""
"1003","1003","200000972567301988","default","2026-01-08 14:16:16","","2026-01-08 14:16:28","12","0","NORMAL_CLEARING","603cf31c-c7c3-43ab-aeac-7a951c2032c1","","1003","",""
"1003","1003","200000421552302622","default","2026-01-08 14:16:19","","2026-01-08 14:16:30","11","0","NORMAL_CLEARING","5738b72a-dd33-4a1e-9627-e36129838cbb","","1003","",""
"1003","1003","200000972567301988","default","2026-01-08 14:16:19","","2026-01-08 14:16:30","11","0","NORMAL_CLEARING","8bd589d8-0f7b-406d-835a-7be286607222","","1003","",""
"1003","1003","200000421552302622","default","2026-01-08 14:16:19","","2026-01-08 14:16:30","11","0","NORMAL_CLEARING","21ed0eb2-0147-417a-9802-821faadebc47","","1003","",""
"1003","1003","200000972567301988","default","2026-01-08 14:16:19","","2026-01-08 14:16:30","11","0","NORMAL_CLEARING","33b5a094-38e1-4f96-a45b-bb2f848120b2","","1003","",""
"1003","1003","200000972567301988","default","2026-01-08 14:16:24","","2026-01-08 14:16:35","11","0","NORMAL_CLEARING","4dc96a79-08a6-4068-b577-b1005bdb84c4","","1003","",""
"1003","1003","200000421552302622","default","2026-01-08 14:16:24","","2026-01-08 14:16:35","11","0","NORMAL_CLEARING","a492c487-11c5-49d0-b470-27e14598e008","","1003","",""
"1003","1003","200000972567301988","default","2026-01-08 14:16:30","","2026-01-08 14:16:41","11","0","NORMAL_CLEARING","63efd72d-2c97-4c49-a544-b0c4592c818c","","1003","",""
"1003","1003","200000421552302622","default","2026-01-08 14:16:30","","2026-01-08 14:16:41","11","0","NORMAL_CLEARING","1d4eec73-2e48-4694-ad5d-ea8957b70f56","","1003","",""
"1003","1003","300000421552302622","default","2026-01-08 14:16:39","","2026-01-08 14:16:50","11","0","NORMAL_CLEARING","2d75c68d-9262-4171-a9d2-ebf164a56744","","1003","",""
"1003","1003","300000972567301988","default","2026-01-08 14:16:39","","2026-01-08 14:16:50","11","0","NORMAL_CLEARING","b1f6350d-e97d-46cc-a668-26b7447f48e7","","1003","",""
"1003","1003","300000972567301988","default","2026-01-08 14:16:41","","2026-01-08 14:16:52","11","0","NORMAL_CLEARING","602d448f-9290-4481-b578-8ff6bca86fcb","","1003","",""
"1003","1003","300000421552302622","default","2026-01-08 14:16:41","","2026-01-08 14:16:52","11","0","NORMAL_CLEARING","217ff4f8-58fc-425c-81d7-ce5c46dd5b75","","1003","",""
"1003","1003","300000421552302622","default","2026-01-08 14:16:41","","2026-01-08 14:16:52","11","0","NORMAL_CLEARING","5eedaded-d26f-4e2b-8fd8-aa2ebda8dfe7","","1003","",""
"1003","1003","300000972567301988","default","2026-01-08 14:16:41","","2026-01-08 14:16:52","11","0","NORMAL_CLEARING","f491c823-a615-433a-bafe-49df7ef1c42a","","1003","",""
"1003","1003","300000972567301988","default","2026-01-08 14:16:46","","2026-01-08 14:16:57","11","0","NORMAL_CLEARING","e97e107a-1fbd-483b-ba69-49f13049d88e","","1003","",""
"1003","1003","300000421552302622","default","2026-01-08 14:16:46","","2026-01-08 14:16:57","11","0","NORMAL_CLEARING","c0948dc9-e503-4833-a3d9-efb27cb6589d","","1003","",""
"1003","1003","300000421552302622","default","2026-01-08 14:16:52","","2026-01-08 14:17:04","12","0","NORMAL_CLEARING","3e15a404-337d-44ac-91af-d6867901be24","","1003","",""
"1003","1003","300000972567301988","default","2026-01-08 14:16:52","","2026-01-08 14:17:05","13","0","NORMAL_CLEARING","5cbde89e-768d-4888-b06d-345230fa6564","","1003","",""
"1003","1003","400000972567301988","default","2026-01-08 14:17:01","","2026-01-08 14:17:14","13","0","NORMAL_CLEARING","b933efe2-6e40-40c5-af81-34b4a62bf9cf","","1003","",""
"1003","1003","400000421552302622","default","2026-01-08 14:17:01","","2026-01-08 14:17:14","13","0","NORMAL_CLEARING","96ec603a-aeb9-46ab-952a-7e39edefb497","","1003","",""
"1003","1003","400000972567301988","default","2026-01-08 14:17:03","","2026-01-08 14:17:16","13","0","NORMAL_CLEARING","88604aef-9c4d-4259-a1f7-4029565712d8","","1003","",""
"1003","1003","400000421552302622","default","2026-01-08 14:17:03","","2026-01-08 14:17:16","13","0","NORMAL_CLEARING","1e6bb4d1-98df-4580-90f5-126d020812e0","","1003","",""
"1003","1003","400000972567301988","default","2026-01-08 14:17:04","","2026-01-08 14:17:17","13","0","NORMAL_CLEARING","d54adaed-656a-4809-93e5-7d70ef6d6028","","1003","",""
"1003","1003","400000421552302622","default","2026-01-08 14:17:04","","2026-01-08 14:17:17","13","0","NORMAL_CLEARING","e8a7fd8f-405d-4c0f-9b36-541f46d934c3","","1003","",""
"1003","1003","400000421552302622","default","2026-01-08 14:17:09","","2026-01-08 14:17:22","13","0","NORMAL_CLEARING","ba015aac-bd4e-4af1-bc3c-7e3b1f649ade","","1003","",""
"1003","1003","400000972567301988","default","2026-01-08 14:17:09","","2026-01-08 14:17:22","13","0","NORMAL_CLEARING","7df6ad4f-6d16-4c1e-8acf-3886cbc8e134","","1003","",""
"1003","1003","400000972567301988","default","2026-01-08 14:17:15","","2026-01-08 14:17:30","15","0","NORMAL_CLEARING","e8f599cc-9ade-4f4f-bbce-1881aa2a1cae","","1003","",""
"1003","1003","400000421552302622","default","2026-01-08 14:17:15","","2026-01-08 14:17:30","15","0","NORMAL_CLEARING","032c8109-3ee2-40b0-bc2e-5432bcff4d8e","","1003","",""
"1003","1003","500000972567301988","default","2026-01-08 14:17:23","","2026-01-08 14:17:40","17","0","NORMAL_CLEARING","28a2283d-b0c8-48c0-8f86-4d741d3be680","","1003","",""
"1003","1003","500000421552302622","default","2026-01-08 14:17:23","","2026-01-08 14:17:40","17","0","NORMAL_CLEARING","afaa8526-bf1e-491e-aba6-66bd9ba145ed","","1003","",""
"1003","1003","500000421552302622","default","2026-01-08 14:17:26","","2026-01-08 14:17:42","16","0","NORMAL_CLEARING","8d85157c-23b1-4c21-9781-8fdb55654ae0","","1003","",""
"1003","1003","500000972567301988","default","2026-01-08 14:17:26","","2026-01-08 14:17:43","17","0","NORMAL_CLEARING","067e71d8-7c06-4253-94a9-22118e6b6920","","1003","",""
"1003","1003","500000421552302622","default","2026-01-08 14:17:27","","2026-01-08 14:17:44","17","0","NORMAL_CLEARING","ac4ced91-e0f5-4332-b713-9e592da777d5","","1003","",""
"1003","1003","500000972567301988","default","2026-01-08 14:17:27","","2026-01-08 14:17:44","17","0","NORMAL_CLEARING","d6728a21-264f-4ea0-b7ea-745de21da361","","1003","",""
"1003","1003","500000972567301988","default","2026-01-08 14:17:31","","2026-01-08 14:17:48","17","0","NORMAL_CLEARING","169974b9-f917-401f-b6a8-b8f55ae85cb1","","1003","",""
"1003","1003","500000421552302622","default","2026-01-08 14:17:31","","2026-01-08 14:17:49","18","0","NORMAL_CLEARING","74722c98-df14-407b-8c31-ec773d70e580","","1003","",""
"1003","1003","500000421552302622","default","2026-01-08 14:17:37","","2026-01-08 14:17:55","18","0","NORMAL_CLEARING","8382846b-1322-45fb-a460-5faa48c3bddf","","1003","",""
"1003","1003","500000972567301988","default","2026-01-08 14:17:37","","2026-01-08 14:17:55","18","0","NORMAL_CLEARING","d90025a7-f322-4700-8a4a-d3558373a7a4","","1003","",""
"1003","1003","600000421552302622","default","2026-01-08 14:17:46","","2026-01-08 14:18:03","17","0","NORMAL_CLEARING","7bdb4e84-de13-4918-8712-b06a4e07fc3a","","1003","",""
"1003","1003","600000972567301988","default","2026-01-08 14:17:46","","2026-01-08 14:18:03","17","0","NORMAL_CLEARING","d6a5149e-1ca0-4648-a183-6f9d6fd5a18e","","1003","",""
"1003","1003","600000421552302622","default","2026-01-08 14:17:48","","2026-01-08 14:18:05","17","0","NORMAL_CLEARING","a5cf4891-42f0-484c-beb2-e42ee067bb69","","1003","",""
"1003","1003","600000972567301988","default","2026-01-08 14:17:48","","2026-01-08 14:18:05","17","0","NORMAL_CLEARING","9eb851b6-200e-4448-9e6e-329410848d12","","1003","",""
"1003","1003","600000421552302622","default","2026-01-08 14:17:49","","2026-01-08 14:18:06","17","0","NORMAL_CLEARING","6ca7c74c-1ebc-498f-9eee-e4ef6d7a6729","","1003","",""
"1003","1003","600000972567301988","default","2026-01-08 14:17:49","","2026-01-08 14:18:06","17","0","NORMAL_CLEARING","d00eee26-5b9f-4aa8-ae9b-04862d6bf19e","","1003","",""
"1003","1003","600000972567301988","default","2026-01-08 14:17:53","","2026-01-08 14:18:10","17","0","NORMAL_CLEARING","a1eb29c7-fe11-4122-974c-2972533a6998","","1003","",""
"1003","1003","600000421552302622","default","2026-01-08 14:17:53","","2026-01-08 14:18:10","17","0","NORMAL_CLEARING","141da55e-7b0a-4eba-820a-8dea4cf8398b","","1003","",""
"1003","1003","600000421552302622","default","2026-01-08 14:18:00","","2026-01-08 14:18:17","17","0","NORMAL_CLEARING","e76d860a-e313-4b5d-b66b-f3cfe1be8a0e","","1003","",""
"1003","1003","600000972567301988","default","2026-01-08 14:18:00","","2026-01-08 14:18:17","17","0","NORMAL_CLEARING","ad306c1b-86b4-43b2-afae-4f56ee543df4","","1003","",""
"1003","1003","700000972567301988","default","2026-01-08 14:18:09","","2026-01-08 14:18:27","18","0","NORMAL_CLEARING","2942cb8a-58ad-455d-83dd-fcb805c003b2","","1003","",""
"1003","1003","700000421552302622","default","2026-01-08 14:18:09","","2026-01-08 14:18:28","19","0","NORMAL_CLEARING","3c8beb52-8265-463b-bec9-9a8464cad44f","","1003","",""
"1003","1003","700000972567301988","default","2026-01-08 14:18:11","","2026-01-08 14:18:30","19","0","NORMAL_CLEARING","9eee15e9-0998-439a-b891-8f7593d0d1ed","","1003","",""
"1003","1003","700000421552302622","default","2026-01-08 14:18:11","","2026-01-08 14:18:30","19","0","NORMAL_CLEARING","a8e025a6-6bb2-4505-93fa-45ca9ef5d08c","","1003","",""
"1003","1003","700000972567301988","default","2026-01-08 14:18:11","","2026-01-08 14:18:30","19","0","NORMAL_CLEARING","61d13c6d-5f57-4e59-9ea1-76698577696d","","1003","",""
"1003","1003","700000421552302622","default","2026-01-08 14:18:11","","2026-01-08 14:18:30","19","0","NORMAL_CLEARING","d551fde9-44a7-4b26-98ee-e928bed8aa68","","1003","",""
"1003","1003","700000421552302622","default","2026-01-08 14:18:16","","2026-01-08 14:18:34","18","0","NORMAL_CLEARING","895266c7-3f16-48d7-8bf7-7a4f9c7d8100","","1003","",""
"1003","1003","700000972567301988","default","2026-01-08 14:18:16","","2026-01-08 14:18:34","18","0","NORMAL_CLEARING","81f74c18-e5fe-4df7-90b4-accee6e22e65","","1003","",""
"1003","1003","700000421552302622","default","2026-01-08 14:18:22","","2026-01-08 14:18:39","17","0","NORMAL_CLEARING","fe52ab04-b052-42c6-94aa-dcdd8d0d358e","","1003","",""
"1003","1003","700000972567301988","default","2026-01-08 14:18:22","","2026-01-08 14:18:39","17","0","NORMAL_CLEARING","70687e8b-1564-4ad1-9593-0ba303661915","","1003","",""
"1003","1003","800000972567301988","default","2026-01-08 14:18:31","","2026-01-08 14:18:47","16","0","NORMAL_CLEARING","f6580d64-61d4-4ff7-bf26-86c76416f702","","1003","",""
"1003","1003","800000421552302622","default","2026-01-08 14:18:31","","2026-01-08 14:18:47","16","0","NORMAL_CLEARING","cb15b48a-0094-4dc5-85d6-2eb08101040a","","1003","",""
"1003","1003","800000421552302622","default","2026-01-08 14:18:33","","2026-01-08 14:18:48","15","0","NORMAL_CLEARING","0ab47ed7-b311-4838-bbf0-3e693a265dc3","","1003","",""
"1003","1003","800000972567301988","default","2026-01-08 14:18:33","","2026-01-08 14:18:49","16","0","NORMAL_CLEARING","7927b0ba-f12c-445b-8f76-d74b73eed06d","","1003","",""
"1003","1003","800000421552302622","default","2026-01-08 14:18:34","","2026-01-08 14:18:49","15","0","NORMAL_CLEARING","9f6fe883-a428-4c92-b129-8f302d5c0078","","1003","",""
"1003","1003","800000972567301988","default","2026-01-08 14:18:34","","2026-01-08 14:18:49","15","0","NORMAL_CLEARING","150b3d00-7004-4dcd-8c4c-5a4abfcd4939","","1003","",""
"1003","1003","800000972567301988","default","2026-01-08 14:18:38","","2026-01-08 14:18:53","15","0","NORMAL_CLEARING","b0a396ac-91f4-4f80-96be-69c4b5d12e2c","","1003","",""
"1003","1003","800000421552302622","default","2026-01-08 14:18:38","","2026-01-08 14:18:54","16","0","NORMAL_CLEARING","0c91ce81-8c9a-4131-bbad-fbc3346c7d79","","1003","",""
"1003","1003","800000972567301988","default","2026-01-08 14:18:45","","2026-01-08 14:18:59","14","0","NORMAL_CLEARING","e30b8c12-a0f5-4e3c-99cd-ad5f64225de4","","1003","",""
"1003","1003","800000421552302622","default","2026-01-08 14:18:45","","2026-01-08 14:18:59","14","0","NORMAL_CLEARING","e3791137-bef7-48e6-a089-0dbf38848d9f","","1003","",""
"1003","1003","900000421552302622","default","2026-01-08 14:18:53","","2026-01-08 14:19:08","15","0","NORMAL_CLEARING","b94bf3ae-01e1-4176-a192-a66f3bf3aec9","","1003","",""
"1003","1003","900000972567301988","default","2026-01-08 14:18:53","","2026-01-08 14:19:08","15","0","NORMAL_CLEARING","c81ce878-71f8-48ad-895c-1749749c80a1","","1003","",""
"1003","1003","900000421552302622","default","2026-01-08 14:18:56","","2026-01-08 14:19:10","14","0","NORMAL_CLEARING","608511d3-6879-4a9c-9922-c75c7d87b74b","","1003","",""
"1003","1003","900000972567301988","default","2026-01-08 14:18:56","","2026-01-08 14:19:10","14","0","NORMAL_CLEARING","6254114f-cf28-42cf-9da9-2d97b38c8ef5","","1003","",""
"1003","1003","900000421552302622","default","2026-01-08 14:18:56","","2026-01-08 14:19:10","14","0","NORMAL_CLEARING","2103e184-9eca-4269-81b9-d391c7519bf1","","1003","",""
"1003","1003","900000972567301988","default","2026-01-08 14:18:56","","2026-01-08 14:19:10","14","0","NORMAL_CLEARING","32efdafb-2abc-462c-b951-ef2a190362bd","","1003","",""
"1003","1003","900000972567301988","default","2026-01-08 14:19:01","","2026-01-08 14:19:15","14","0","NORMAL_CLEARING","5f316a40-847a-4c75-8970-6c72a16aaef4","","1003","",""
"1003","1003","900000421552302622","default","2026-01-08 14:19:01","","2026-01-08 14:19:15","14","0","NORMAL_CLEARING","ba83c1f7-1d72-42a2-9ceb-45a65338f012","","1003","",""
"1003","1003","900000972567301988","default","2026-01-08 14:19:07","","2026-01-08 14:19:21","14","0","NORMAL_CLEARING","d82698c8-7c2c-4e05-8e87-335dc25655e4","","1003","",""
"1003","1003","900000421552302622","default","2026-01-08 14:19:07","","2026-01-08 14:19:21","14","0","NORMAL_CLEARING","20cf1717-c8f4-48ed-81e8-f6cd49884c31","","1003","",""
"1003","1003","0000000421552302622","default","2026-01-08 14:19:16","","2026-01-08 14:19:29","13","0","NORMAL_CLEARING","e94babfe-4170-4f14-8017-ba3fb84aecc0","","1003","",""
"1003","1003","0000000972567301988","default","2026-01-08 14:19:16","","2026-01-08 14:19:29","13","0","NORMAL_CLEARING","77770ef5-ed8d-4257-820c-6a9c85c62334","","1003","",""
"1003","1003","0000000972567301988","default","2026-01-08 14:19:18","","2026-01-08 14:19:31","13","0","NORMAL_CLEARING","fee69732-416d-4371-a54b-3989d12aaaa0","","1003","",""
"1003","1003","0000000421552302622","default","2026-01-08 14:19:18","","2026-01-08 14:19:31","13","0","NORMAL_CLEARING","b48c20e8-0658-47ac-b6b9-62228869a35a","","1003","",""
"1003","1003","0000000421552302622","default","2026-01-08 14:19:18","","2026-01-08 14:19:31","13","0","NORMAL_CLEARING","585f5bc5-be39-4bb9-a9b4-965e62ac1b3f","","1003","",""
"1003","1003","0000000972567301988","default","2026-01-08 14:19:18","","2026-01-08 14:19:31","13","0","NORMAL_CLEARING","ab582adf-7a87-4310-b2f1-dc5702f9473a","","1003","",""
"1003","1003","0000000421552302622","default","2026-01-08 14:19:23","","2026-01-08 14:19:37","14","0","NORMAL_CLEARING","e76ab756-2c4d-4111-bf19-1244ff3adfeb","","1003","",""
"1003","1003","0000000972567301988","default","2026-01-08 14:19:23","","2026-01-08 14:19:37","14","0","NORMAL_CLEARING","2d8cb0a5-dbc8-4080-8812-4b0788367e09","","1003","",""
"1003","1003","0000000421552302622","default","2026-01-08 14:19:29","","2026-01-08 14:19:44","15","0","NORMAL_CLEARING","dbd06c48-48ab-464f-a34a-285d1bb97fb9","","1003","",""
"1003","1003","0000000972567301988","default","2026-01-08 14:19:29","","2026-01-08 14:19:44","15","0","NORMAL_CLEARING","9e211f71-800a-4760-93d2-47ad568bf42b","","1003","",""
"1003","1003","888421552302622","default","2026-01-08 14:19:38","","2026-01-08 14:19:53","15","0","NORMAL_CLEARING","6578c014-1fec-42c6-963e-a4506d198f61","","1003","",""
"1003","1003","888972567301988","default","2026-01-08 14:19:38","","2026-01-08 14:19:54","16","0","NORMAL_CLEARING","26c9e2cd-9587-4005-af45-e8eff0bcd4ee","","1003","",""
"1003","1003","888972567301988","default","2026-01-08 14:19:40","","2026-01-08 14:19:56","16","0","NORMAL_CLEARING","27be29d4-73f0-47d9-bc9d-1900b5535c94","","1003","",""
"1003","1003","888421552302622","default","2026-01-08 14:19:40","","2026-01-08 14:19:56","16","0","NORMAL_CLEARING","0cddce2b-c36d-4d59-99dc-f179215246c0","","1003","",""
"1003","1003","888421552302622","default","2026-01-08 14:19:41","","2026-01-08 14:19:56","15","0","NORMAL_CLEARING","812dde12-de4a-487f-921a-868e6a587820","","1003","",""
"1003","1003","888972567301988","default","2026-01-08 14:19:41","","2026-01-08 14:19:56","15","0","NORMAL_CLEARING","1ff7a72c-1260-4fd5-991f-a24749c8e2b3","","1003","",""
"1003","1003","888972567301988","default","2026-01-08 14:19:45","","2026-01-08 14:20:01","16","0","NORMAL_CLEARING","02619f3b-ef60-40ba-8ab1-49a15e4f48ee","","1003","",""
"1003","1003","888421552302622","default","2026-01-08 14:19:45","","2026-01-08 14:20:01","16","0","NORMAL_CLEARING","9e5696b9-864b-40df-a013-5af3d1edd0b2","","1003","",""
"1003","1003","888972567301988","default","2026-01-08 14:19:52","","2026-01-08 14:20:07","15","0","NORMAL_CLEARING","07730c43-fec2-4104-aeb0-ca7b5a34a938","","1003","",""
"1003","1003","888421552302622","default","2026-01-08 14:19:52","","2026-01-08 14:20:08","16","0","NORMAL_CLEARING","3f797770-be62-467e-891f-e74a1bdf3c77","","1003","",""
"1003","1003","999972567301988","default","2026-01-08 14:20:01","","2026-01-08 14:20:15","14","0","NORMAL_CLEARING","81da0da5-f5eb-4989-ba53-07febb1a7dea","","1003","",""
"1003","1003","999421552302622","default","2026-01-08 14:20:01","","2026-01-08 14:20:15","14","0","NORMAL_CLEARING","f8f63529-9a97-4aea-81be-932928c4bfdc","","1003","",""
"1003","1003","999972567301988","default","2026-01-08 14:20:03","","2026-01-08 14:20:16","13","0","NORMAL_CLEARING","c87cc28c-b6dd-4c91-9005-b39f9de69df6","","1003","",""
"1003","1003","999421552302622","default","2026-01-08 14:20:03","","2026-01-08 14:20:17","14","0","NORMAL_CLEARING","204c2ad4-8da2-4bd0-b53a-86bbd812bb9b","","1003","",""
"1003","1003","999972567301988","default","2026-01-08 14:20:03","","2026-01-08 14:20:17","14","0","NORMAL_CLEARING","52a9f822-19ac-44e8-a808-130cf1e8731b","","1003","",""
"1003","1003","999421552302622","default","2026-01-08 14:20:03","","2026-01-08 14:20:17","14","0","NORMAL_CLEARING","a2878631-dc3b-4314-9416-c61fac12355f","","1003","",""
"1003","1003","999421552302622","default","2026-01-08 14:20:08","","2026-01-08 14:20:22","14","0","NORMAL_CLEARING","e634bf4a-3c4c-4143-ba2b-8fe11c9f3178","","1003","",""
"1003","1003","999972567301988","default","2026-01-08 14:20:08","","2026-01-08 14:20:22","14","0","NORMAL_CLEARING","34be4fbd-50ba-4e00-ac70-74b1480ee279","","1003","",""
"1003","1003","999972567301988","default","2026-01-08 14:20:15","","2026-01-08 14:20:29","14","0","NORMAL_CLEARING","d3d97846-aa0d-421c-8747-be7a7ab52821","","1003","",""
"1003","1003","999421552302622","default","2026-01-08 14:20:15","","2026-01-08 14:20:29","14","0","NORMAL_CLEARING","7c7d5b15-e86d-4860-9e96-b66b9b41db93","","1003","",""
"1003","1003","777972567301988","default","2026-01-08 14:20:23","","2026-01-08 14:20:37","14","0","NORMAL_CLEARING","90c4012c-6279-457d-b529-5b5bafd8137d","","1003","",""
"1003","1003","777421552302622","default","2026-01-08 14:20:23","","2026-01-08 14:20:37","14","0","NORMAL_CLEARING","aceaef48-ce97-4c91-87d1-98ae704e50f6","","1003","",""
"1003","1003","777972567301988","default","2026-01-08 14:20:26","","2026-01-08 14:20:40","14","0","NORMAL_CLEARING","042df20f-d3ba-4f84-8160-fa93b197520e","","1003","",""
"1003","1003","777421552302622","default","2026-01-08 14:20:26","","2026-01-08 14:20:40","14","0","NORMAL_CLEARING","0a39f303-60e0-4f6c-9856-e0cd1d6070e5","","1003","",""
"1003","1003","777972567301988","default","2026-01-08 14:20:26","","2026-01-08 14:20:40","14","0","NORMAL_CLEARING","916b5ed1-1563-4bc4-8899-a842cee48f75","","1003","",""
"1003","1003","777421552302622","default","2026-01-08 14:20:26","","2026-01-08 14:20:40","14","0","NORMAL_CLEARING","20d45e57-0233-4a78-9d29-cf90c4fae76f","","1003","",""
"1003","1003","777421552302622","default","2026-01-08 14:20:31","","2026-01-08 14:20:45","14","0","NORMAL_CLEARING","d8d0fded-e06d-4a64-923f-b51ee8710bc3","","1003","",""
"1003","1003","777972567301988","default","2026-01-08 14:20:31","","2026-01-08 14:20:46","15","0","NORMAL_CLEARING","682581ec-7fed-41da-8973-605dddc81518","","1003","",""
"1003","1003","777972567301988","default","2026-01-08 14:20:37","","2026-01-08 14:20:52","15","0","NORMAL_CLEARING","8fa5dda0-41f2-498d-85a2-7c759927f118","","1003","",""
"1003","1003","777421552302622","default","2026-01-08 14:20:37","","2026-01-08 14:20:52","15","0","NORMAL_CLEARING","3d08dc97-608a-401d-84ac-cc0729c0475b","","1003","",""
"1003","1003","555972567301988","default","2026-01-08 14:20:46","","2026-01-08 14:21:01","15","0","NORMAL_CLEARING","709ba4a1-d2f1-4a5e-9490-abe665f300a2","","1003","",""
"1003","1003","555421552302622","default","2026-01-08 14:20:46","","2026-01-08 14:21:01","15","0","NORMAL_CLEARING","0afdf0f9-5965-4e22-b356-0449790ada41","","1003","",""
"1003","1003","555972567301988","default","2026-01-08 14:20:48","","2026-01-08 14:21:04","16","0","NORMAL_CLEARING","3a1ed0c8-1caf-40ad-8044-1eabdc91fef6","","1003","",""
"1003","1003","555421552302622","default","2026-01-08 14:20:48","","2026-01-08 14:21:04","16","0","NORMAL_CLEARING","56aa221e-4261-45da-9597-a5286e5754ab","","1003","",""
"1003","1003","555421552302622","default","2026-01-08 14:20:48","","2026-01-08 14:21:04","16","0","NORMAL_CLEARING","baf3c8e9-74ed-4344-a2c6-593998375cfc","","1003","",""
"1003","1003","555972567301988","default","2026-01-08 14:20:48","","2026-01-08 14:21:05","17","0","NORMAL_CLEARING","f77d8188-205e-4dea-88ce-fa8c4d15584d","","1003","",""
"1003","1003","555421552302622","default","2026-01-08 14:20:53","","2026-01-08 14:21:10","17","0","NORMAL_CLEARING","067fb35a-d9f9-4451-95a7-d5dff80414c7","","1003","",""
"1003","1003","555972567301988","default","2026-01-08 14:20:53","","2026-01-08 14:21:10","17","0","NORMAL_CLEARING","139f26ce-e6fd-45fa-8557-35193358e0c7","","1003","",""
"1003","1003","555421552302622","default","2026-01-08 14:21:00","","2026-01-08 14:21:17","17","0","NORMAL_CLEARING","01ab2b26-c2fb-4132-9694-a8818ee75f32","","1003","",""
"1003","1003","555972567301988","default","2026-01-08 14:21:00","","2026-01-08 14:21:17","17","0","NORMAL_CLEARING","fc4b95e6-7fa0-4e40-a0c7-aa4baecfb4ba","","1003","",""
"1003","1003","5600421552302622","default","2026-01-08 14:21:08","","2026-01-08 14:21:26","18","0","NORMAL_CLEARING","24008f51-52b6-423a-ab08-bbe3c6ca52fb","","1003","",""
"1003","1003","5600972567301988","default","2026-01-08 14:21:08","","2026-01-08 14:21:27","19","0","NORMAL_CLEARING","3acc56b7-076c-4519-bcbc-9e5012794160","","1003","",""
"1003","1003","5600421552302622","default","2026-01-08 14:21:10","","2026-01-08 14:21:28","18","0","NORMAL_CLEARING","8a957ac7-fc53-49c3-bcd8-bcda44ec5c3e","","1003","",""
"1003","1003","5600972567301988","default","2026-01-08 14:21:10","","2026-01-08 14:21:28","18","0","NORMAL_CLEARING","6271a249-ef56-4b8a-8f97-d0af1fbac7f9","","1003","",""
"1003","1003","5600972567301988","default","2026-01-08 14:21:11","","2026-01-08 14:21:28","17","0","NORMAL_CLEARING","f336053e-8156-4ef2-93fb-6d12e38a773b","","1003","",""
"1003","1003","5600421552302622","default","2026-01-08 14:21:11","","2026-01-08 14:21:29","18","0","NORMAL_CLEARING","e7bf6a22-6b4e-4da0-8382-f1abc3989d25","","1003","",""
"1003","1003","5600421552302622","default","2026-01-08 14:21:15","","2026-01-08 14:21:33","18","0","NORMAL_CLEARING","6e721e86-11ab-4739-b1f2-7d077c8e518d","","1003","",""
"1003","1003","5600972567301988","default","2026-01-08 14:21:15","","2026-01-08 14:21:33","18","0","NORMAL_CLEARING","6595ee5d-0cc6-498a-9e78-146131f75e75","","1003","",""
"1003","1003","5600972567301988","default","2026-01-08 14:21:22","","2026-01-08 14:21:40","18","0","NORMAL_CLEARING","6edb8866-a0fa-4abe-af31-383713f1cfbb","","1003","",""
"1003","1003","5600421552302622","default","2026-01-08 14:21:22","","2026-01-08 14:21:40","18","0","NORMAL_CLEARING","8236eb84-d52d-447c-9ff4-742168688fc8","","1003","",""
"1003","1003","5700421552302622","default","2026-01-08 14:21:31","","2026-01-08 14:21:48","17","0","NORMAL_CLEARING","9b89be29-bc64-4783-aaed-8a5b259a49f9","","1003","",""
"1003","1003","5700972567301988","default","2026-01-08 14:21:31","","2026-01-08 14:21:48","17","0","NORMAL_CLEARING","3d657f31-7106-4ea1-a442-980a46b11086","","1003","",""
"1003","1003","5700972567301988","default","2026-01-08 14:21:33","","2026-01-08 14:21:49","16","0","NORMAL_CLEARING","d9460849-33ec-4ae4-ba2d-d666abdc1dd4","","1003","",""
"1003","1003","5700421552302622","default","2026-01-08 14:21:33","","2026-01-08 14:21:50","17","0","NORMAL_CLEARING","ed43f3b4-ff6a-4ce3-b740-db6ac55a1e09","","1003","",""
"1003","1003","5700421552302622","default","2026-01-08 14:21:33","","2026-01-08 14:21:50","17","0","NORMAL_CLEARING","3f92b41b-e472-4c6b-bc8b-3c4446f9a956","","1003","",""
"1003","1003","5700972567301988","default","2026-01-08 14:21:33","","2026-01-08 14:21:50","17","0","NORMAL_CLEARING","c4f464af-e35d-4852-a664-e9babddfdb06","","1003","",""
"1003","1003","5700421552302622","default","2026-01-08 14:21:38","","2026-01-08 14:21:54","16","0","NORMAL_CLEARING","c30a2dd7-1c30-47c6-b75b-71b60b0efbd1","","1003","",""
"1003","1003","5700972567301988","default","2026-01-08 14:21:38","","2026-01-08 14:21:54","16","0","NORMAL_CLEARING","dad4bd1b-27bf-4aae-8ca1-5904b60c1907","","1003","",""
"1003","1003","5700972567301988","default","2026-01-08 14:21:45","","2026-01-08 14:22:00","15","0","NORMAL_CLEARING","bd8498b1-969e-4bd4-bb91-716a08d26795","","1003","",""
"1003","1003","5700421552302622","default","2026-01-08 14:21:45","","2026-01-08 14:22:00","15","0","NORMAL_CLEARING","5cd1e51a-fec7-4726-a2ba-ee5817469a65","","1003","",""
"1003","1003","5800421552302622","default","2026-01-08 14:21:53","","2026-01-08 14:22:07","14","0","NORMAL_CLEARING","0fd565b8-a327-4a6d-aef1-b20f71bf92db","","1003","",""
"1003","1003","5800972567301988","default","2026-01-08 14:21:53","","2026-01-08 14:22:07","14","0","NORMAL_CLEARING","ae83ab14-262d-4049-8649-18bf77042333","","1003","",""
"1003","1003","5800972567301988","default","2026-01-08 14:21:55","","2026-01-08 14:22:09","14","0","NORMAL_CLEARING","023f4c37-8402-4299-baac-e6ae0b24b1e7","","1003","",""
"1003","1003","5800421552302622","default","2026-01-08 14:21:55","","2026-01-08 14:22:09","14","0","NORMAL_CLEARING","bb0fea63-3653-40d0-aee8-6eca88392b49","","1003","",""
"1003","1003","5800972567301988","default","2026-01-08 14:21:55","","2026-01-08 14:22:09","14","0","NORMAL_CLEARING","80dd873b-4844-4f12-b1d6-a3e3a07541bc","","1003","",""
"1003","1003","5800421552302622","default","2026-01-08 14:21:55","","2026-01-08 14:22:09","14","0","NORMAL_CLEARING","85b102dc-a9bb-442b-8bba-627623d2d61a","","1003","",""
"1003","1003","5800972567301988","default","2026-01-08 14:22:00","","2026-01-08 14:22:14","14","0","NORMAL_CLEARING","7c5eb0c7-f395-43a3-a52f-d4b88f515874","","1003","",""
"1003","1003","5800421552302622","default","2026-01-08 14:22:00","","2026-01-08 14:22:14","14","0","NORMAL_CLEARING","222e0265-ec50-4246-911d-0aa6fa40f74e","","1003","",""
"1003","1003","5800972567301988","default","2026-01-08 14:22:07","","2026-01-08 14:22:22","15","0","NORMAL_CLEARING","6dd1e58e-bfcb-402e-99c2-f4ae14f7e7a9","","1003","",""
"1003","1003","5800421552302622","default","2026-01-08 14:22:07","","2026-01-08 14:22:22","15","0","NORMAL_CLEARING","0d1bfdf2-df9c-4fa0-b16a-57f92d341e91","","1003","",""
"1003","1003","6300972567301988","default","2026-01-08 14:22:16","","2026-01-08 14:22:30","14","0","NORMAL_CLEARING","69cc4d61-5b28-4e4b-9b09-a3ee2c7a1b57","","1003","",""
"1003","1003","6300421552302622","default","2026-01-08 14:22:16","","2026-01-08 14:22:30","14","0","NORMAL_CLEARING","0cc45598-469d-4e20-b11b-18c7b0722061","","1003","",""
"1003","1003","6300972567301988","default","2026-01-08 14:22:18","","2026-01-08 14:22:31","13","0","NORMAL_CLEARING","01b09745-283f-4445-8d6d-270d41d40129","","1003","",""
"1003","1003","6300421552302622","default","2026-01-08 14:22:18","","2026-01-08 14:22:31","13","0","NORMAL_CLEARING","c7222669-2903-4300-9b21-d36802b3cef6","","1003","",""
"1003","1003","6300421552302622","default","2026-01-08 14:22:18","","2026-01-08 14:22:31","13","0","NORMAL_CLEARING","3a8c1c62-2cbe-426d-a604-f1a35e94dca2","","1003","",""
"1003","1003","6300972567301988","default","2026-01-08 14:22:18","","2026-01-08 14:22:31","13","0","NORMAL_CLEARING","9f7619d4-be68-44d5-b427-da8850a69528","","1003","",""
"1003","1003","6300421552302622","default","2026-01-08 14:22:23","","2026-01-08 14:22:36","13","0","NORMAL_CLEARING","42aeadef-a62b-46a9-bde6-6ee487bfe82d","","1003","",""
"1003","1003","6300972567301988","default","2026-01-08 14:22:23","","2026-01-08 14:22:36","13","0","NORMAL_CLEARING","36266e14-27cf-4c44-8ca7-6f530deb40ad","","1003","",""
"1003","1003","6300972567301988","default","2026-01-08 14:22:30","","2026-01-08 14:22:43","13","0","NORMAL_CLEARING","838ed25e-384d-4436-aa19-ebd2862773ec","","1003","",""
"1003","1003","6300421552302622","default","2026-01-08 14:22:30","","2026-01-08 14:22:43","13","0","NORMAL_CLEARING","ba085edb-06e3-4a0a-8651-c6ed47fb364b","","1003","",""
"1003","1003","6400972567301988","default","2026-01-08 14:22:38","","2026-01-08 14:22:53","15","0","NORMAL_CLEARING","f9baf320-af49-4a4b-9abb-f0fb6794f578","","1003","",""
"1003","1003","6400421552302622","default","2026-01-08 14:22:38","","2026-01-08 14:22:53","15","0","NORMAL_CLEARING","0a97f7d1-ac35-4416-8e7a-2bd20e821d6e","","1003","",""
"1003","1003","6400972567301988","default","2026-01-08 14:22:40","","2026-01-08 14:22:54","14","0","NORMAL_CLEARING","1603a1d8-f73f-478a-b688-fb528859c7ea","","1003","",""
"1003","1003","6400421552302622","default","2026-01-08 14:22:40","","2026-01-08 14:22:54","14","0","NORMAL_CLEARING","52ff3713-358f-4925-9fa0-3f6c6ccbfdb7","","1003","",""
"1003","1003","6400972567301988","default","2026-01-08 14:22:40","","2026-01-08 14:22:54","14","0","NORMAL_CLEARING","60641745-73b2-46a5-8be5-1fb1b25c10da","","1003","",""
"1003","1003","6400421552302622","default","2026-01-08 14:22:40","","2026-01-08 14:22:55","15","0","NORMAL_CLEARING","18c07277-1df9-4f2c-8faf-8b1ad51e0375","","1003","",""
"1003","1003","6400972567301988","default","2026-01-08 14:22:45","","2026-01-08 14:22:58","13","0","NORMAL_CLEARING","731c80b6-c832-4bdb-b3b6-cdf60a1461a9","","1003","",""
"1003","1003","6400421552302622","default","2026-01-08 14:22:45","","2026-01-08 14:22:58","13","0","NORMAL_CLEARING","791105df-3cdf-4027-9864-1182a2646d1e","","1003","",""
"1003","1003","6400421552302622","default","2026-01-08 14:22:52","","2026-01-08 14:23:04","12","0","NORMAL_CLEARING","5fdc0dc4-4765-43f5-a7b6-cf8f0e90e71f","","1003","",""
"1003","1003","6400972567301988","default","2026-01-08 14:22:52","","2026-01-08 14:23:04","12","0","NORMAL_CLEARING","43699af3-6bd6-46b2-a453-793de4989e09","","1003","",""
"1003","1003","6700421552302622","default","2026-01-08 14:23:00","","2026-01-08 14:23:14","14","0","NORMAL_CLEARING","99142a27-14ee-4074-a487-1ac82963753c","","1003","",""
"1003","1003","6700972567301988","default","2026-01-08 14:23:00","","2026-01-08 14:23:14","14","0","NORMAL_CLEARING","b04c2d29-63fd-47a7-bb60-0ab117d55df8","","1003","",""
"1003","1003","6700421552302622","default","2026-01-08 14:23:02","","2026-01-08 14:23:16","14","0","NORMAL_CLEARING","f8473336-2366-42c5-871f-4f8171ceb93c","","1003","",""
"1003","1003","6700972567301988","default","2026-01-08 14:23:02","","2026-01-08 14:23:16","14","0","NORMAL_CLEARING","e71445d5-3d9c-4b41-b971-e744d1041883","","1003","",""
"1003","1003","6700421552302622","default","2026-01-08 14:23:03","","2026-01-08 14:23:17","14","0","NORMAL_CLEARING","e5866b90-b506-48a0-b285-a3c21fe35337","","1003","",""
"1003","1003","6700972567301988","default","2026-01-08 14:23:03","","2026-01-08 14:23:17","14","0","NORMAL_CLEARING","f0cfd35f-96b8-4fc2-839e-0c208656e38c","","1003","",""
"1003","1003","6700421552302622","default","2026-01-08 14:23:07","","2026-01-08 14:23:22","15","0","NORMAL_CLEARING","a6f394ee-a24b-4d2c-a4d5-fab6183ba836","","1003","",""
"1003","1003","6700972567301988","default","2026-01-08 14:23:07","","2026-01-08 14:23:22","15","0","NORMAL_CLEARING","73693169-b98b-43d4-988a-ec8b3564c0d0","","1003","",""
"1003","1003","6700972567301988","default","2026-01-08 14:23:14","","2026-01-08 14:23:29","15","0","NORMAL_CLEARING","0852ec31-8300-4954-8a63-118a4aad4327","","1003","",""
"1003","1003","6700421552302622","default","2026-01-08 14:23:14","","2026-01-08 14:23:29","15","0","NORMAL_CLEARING","27b2ce17-f36b-4473-b7a2-4d2abbb2f844","","1003","",""
"1003","1003","6900972567301988","default","2026-01-08 14:23:23","","2026-01-08 14:23:38","15","0","NORMAL_CLEARING","31eb3c96-25c7-4b8a-9c36-b6898ed16bf5","","1003","",""
"1003","1003","6900421552302622","default","2026-01-08 14:23:23","","2026-01-08 14:23:38","15","0","NORMAL_CLEARING","62b65aef-6d9b-46dd-a400-7095c4cb571d","","1003","",""
"1003","1003","6900421552302622","default","2026-01-08 14:23:24","","2026-01-08 14:23:39","15","0","NORMAL_CLEARING","8c2d994e-96c6-4dee-9e9c-7646c5cee162","","1003","",""
"1003","1003","6900972567301988","default","2026-01-08 14:23:24","","2026-01-08 14:23:39","15","0","NORMAL_CLEARING","d58d7c6e-4c43-4c39-b078-0c82a1328277","","1003","",""
"1003","1003","6900972567301988","default","2026-01-08 14:23:25","","2026-01-08 14:23:40","15","0","NORMAL_CLEARING","50085934-5734-460c-ba17-a66f95f90291","","1003","",""
"1003","1003","6900421552302622","default","2026-01-08 14:23:25","","2026-01-08 14:23:40","15","0","NORMAL_CLEARING","97dfc343-fae3-4118-9ef5-3939dd28e3b3","","1003","",""
"1003","1003","6900421552302622","default","2026-01-08 14:23:29","","2026-01-08 14:23:44","15","0","NORMAL_CLEARING","e5579aea-512e-4b8d-a005-d0a9a11e4a61","","1003","",""
"1003","1003","6900972567301988","default","2026-01-08 14:23:29","","2026-01-08 14:23:45","16","0","NORMAL_CLEARING","89786fdc-696f-4592-ba60-416585e21331","","1003","",""
"1003","1003","6900421552302622","default","2026-01-08 14:23:36","","2026-01-08 14:23:53","17","0","NORMAL_CLEARING","647212f5-fc1f-43b8-9cd4-12d96a5c9e4c","","1003","",""
"1003","1003","6900972567301988","default","2026-01-08 14:23:37","","2026-01-08 14:23:53","16","0","NORMAL_CLEARING","dd8e4986-4434-4355-85a9-cd9093c7d459","","1003","",""
"1003","1003","0810972567301988","default","2026-01-08 14:23:45","","2026-01-08 14:24:01","16","0","NORMAL_CLEARING","2b89284e-88fc-4cb7-a905-eaa201eb3687","","1003","",""
"1003","1003","0810421552302622","default","2026-01-08 14:23:45","","2026-01-08 14:24:02","17","0","NORMAL_CLEARING","978100d9-94d9-4221-9f45-97ce43ba2cf7","","1003","",""
"1003","1003","0810972567301988","default","2026-01-08 14:23:46","","2026-01-08 14:24:03","17","0","NORMAL_CLEARING","00ba4e12-decc-490d-a07b-e2efcfbe9e1c","","1003","",""
"1003","1003","0810421552302622","default","2026-01-08 14:23:46","","2026-01-08 14:24:03","17","0","NORMAL_CLEARING","87235e3c-966e-4bea-9f1e-ea33899a0e74","","1003","",""
"1003","1003","0810972567301988","default","2026-01-08 14:23:47","","2026-01-08 14:24:04","17","0","NORMAL_CLEARING","819ef3f5-e149-4cc8-b4e4-8a9eed048b2c","","1003","",""
"1003","1003","0810421552302622","default","2026-01-08 14:23:47","","2026-01-08 14:24:04","17","0","NORMAL_CLEARING","48501044-4a66-46fc-b1d9-bcea173a19de","","1003","",""
"1003","1003","0810421552302622","default","2026-01-08 14:23:52","","2026-01-08 14:24:08","16","0","NORMAL_CLEARING","49840902-0aa1-4db0-9c67-cb787dbfc239","","1003","",""
"1003","1003","0810972567301988","default","2026-01-08 14:23:52","","2026-01-08 14:24:08","16","0","NORMAL_CLEARING","1ef5fe31-2722-40c2-b171-deff92659389","","1003","",""
"1003","1003","0810421552302622","default","2026-01-08 14:23:59","","2026-01-08 14:24:14","15","0","NORMAL_CLEARING","512217b9-fb63-41ed-8650-92ac42e87025","","1003","",""
"1003","1003","0810972567301988","default","2026-01-08 14:23:59","","2026-01-08 14:24:14","15","0","NORMAL_CLEARING","8aa7476e-9f7b-476a-9651-b281ea61ad35","","1003","",""
"1003","1003","009810972567301988","default","2026-01-08 14:24:07","","2026-01-08 14:24:23","16","0","NORMAL_CLEARING","66fde968-6cf5-4fed-8f34-682c19394e46","","1003","",""
"1003","1003","009810421552302622","default","2026-01-08 14:24:07","","2026-01-08 14:24:23","16","0","NORMAL_CLEARING","2ff59965-7baf-4cb3-a5c2-a44f519e863c","","1003","",""
"1003","1003","009810972567301988","default","2026-01-08 14:24:09","","2026-01-08 14:24:25","16","0","NORMAL_CLEARING","945b6f96-3dd0-4510-8ed5-194b04a93b3f","","1003","",""
"1003","1003","009810421552302622","default","2026-01-08 14:24:09","","2026-01-08 14:24:25","16","0","NORMAL_CLEARING","75a45d72-d64c-4ade-a08f-5f6c296d5884","","1003","",""
"1003","1003","009810421552302622","default","2026-01-08 14:24:09","","2026-01-08 14:24:25","16","0","NORMAL_CLEARING","3beb483d-28ce-4ee3-b841-2dec40826d4a","","1003","",""
"1003","1003","009810972567301988","default","2026-01-08 14:24:09","","2026-01-08 14:24:25","16","0","NORMAL_CLEARING","dcac8e00-c46c-404b-bf41-1c8f4ba266b6","","1003","",""
"1003","1003","009810421552302622","default","2026-01-08 14:24:14","","2026-01-08 14:24:30","16","0","NORMAL_CLEARING","a3492029-5be6-4e20-9529-0c00013d7548","","1003","",""
"1003","1003","009810972567301988","default","2026-01-08 14:24:14","","2026-01-08 14:24:30","16","0","NORMAL_CLEARING","4eca81c1-69e9-4cc1-b39f-aab0b0b8374f","","1003","",""
"1003","1003","009810972567301988","default","2026-01-08 14:24:21","","2026-01-08 14:24:37","16","0","NORMAL_CLEARING","69102d7d-7ff0-4a99-b698-814af01dec84","","1003","",""
"1003","1003","009810421552302622","default","2026-01-08 14:24:21","","2026-01-08 14:24:37","16","0","NORMAL_CLEARING","e6266c75-e962-4838-9fb6-def0004fd26b","","1003","",""
"1003","1003","1012421552302622","default","2026-01-08 14:24:30","","2026-01-08 14:24:44","14","0","NORMAL_CLEARING","ea799888-fb96-4c6a-bce3-498638f78dba","","1003","",""
"1003","1003","1012972567301988","default","2026-01-08 14:24:30","","2026-01-08 14:24:44","14","0","NORMAL_CLEARING","3b905d0e-4cd0-4855-814c-b63ee7dc2f70","","1003","",""
"1003","1003","1012421552302622","default","2026-01-08 14:24:31","","2026-01-08 14:24:45","14","0","NORMAL_CLEARING","7f732f76-176a-4f1a-80c7-c17c57f2fff1","","1003","",""
"1003","1003","1012972567301988","default","2026-01-08 14:24:31","","2026-01-08 14:24:45","14","0","NORMAL_CLEARING","73fe2c1c-ab4b-4943-99f3-eb8377ea795c","","1003","",""
"1003","1003","1012972567301988","default","2026-01-08 14:24:32","","2026-01-08 14:24:45","13","0","NORMAL_CLEARING","41a4166d-f03a-406c-aa10-8b94cf58b12b","","1003","",""
"1003","1003","1012421552302622","default","2026-01-08 14:24:32","","2026-01-08 14:24:45","13","0","NORMAL_CLEARING","650a956e-9377-4ba1-a749-ef4e0ced825e","","1003","",""
"1003","1003","1012972567301988","default","2026-01-08 14:24:36","","2026-01-08 14:24:50","14","0","NORMAL_CLEARING","da156c92-7dd0-45bc-83b8-72df03b10487","","1003","",""
"1003","1003","1012421552302622","default","2026-01-08 14:24:36","","2026-01-08 14:24:50","14","0","NORMAL_CLEARING","e26a70a7-0ed7-4aa7-b55b-6e5abf603ebc","","1003","",""
"1003","1003","1012972567301988","default","2026-01-08 14:24:43","","2026-01-08 14:24:56","13","0","NORMAL_CLEARING","c198c92c-4c1b-4ff6-a802-13a4e604cbd0","","1003","",""
"1003","1003","1012421552302622","default","2026-01-08 14:24:43","","2026-01-08 14:24:56","13","0","NORMAL_CLEARING","48bb436c-c67c-4559-8ecf-5d672dd68989","","1003","",""
"1003","1003","330972567301988","default","2026-01-08 14:24:52","","2026-01-08 14:25:06","14","0","NORMAL_CLEARING","da693eb9-f327-4727-b21e-61f6072b6592","","1003","",""
"1003","1003","330421552302622","default","2026-01-08 14:24:52","","2026-01-08 14:25:06","14","0","NORMAL_CLEARING","d332ccce-425f-42c0-abee-8061119d1e9a","","1003","",""
"1003","1003","330421552302622","default","2026-01-08 14:24:53","","2026-01-08 14:25:07","14","0","NORMAL_CLEARING","5ba0f64c-96cb-4cf9-8347-08a1b765e63e","","1003","",""
"1003","1003","330972567301988","default","2026-01-08 14:24:53","","2026-01-08 14:25:07","14","0","NORMAL_CLEARING","67a5de04-23db-4600-97fb-eac710f00ea7","","1003","",""
"1003","1003","330421552302622","default","2026-01-08 14:24:54","","2026-01-08 14:25:08","14","0","NORMAL_CLEARING","4a9e05a1-bb59-4659-a9a1-aa34b5f2a039","","1003","",""
"1003","1003","330972567301988","default","2026-01-08 14:24:54","","2026-01-08 14:25:08","14","0","NORMAL_CLEARING","55009075-e5e6-4be2-9b8d-37849e1e138d","","1003","",""
"1003","1003","330972567301988","default","2026-01-08 14:24:58","","2026-01-08 14:25:12","14","0","NORMAL_CLEARING","f9b46dfc-7339-4534-9de0-9bf93c09a597","","1003","",""
"1003","1003","330421552302622","default","2026-01-08 14:24:58","","2026-01-08 14:25:12","14","0","NORMAL_CLEARING","dc4ae90b-a9b5-46f7-911b-1a506b101210","","1003","",""
"1003","1003","330972567301988","default","2026-01-08 14:25:06","","2026-01-08 14:25:20","14","0","NORMAL_CLEARING","ba2f214f-2fbf-467b-9d14-333bd0010cd0","","1003","",""
"1003","1003","330421552302622","default","2026-01-08 14:25:06","","2026-01-08 14:25:20","14","0","NORMAL_CLEARING","8b1c648c-daa3-4e8c-8aff-6eda5f885c15","","1003","",""
"1003","1003","9017421552302622","default","2026-01-08 14:25:14","","2026-01-08 14:25:28","14","0","NORMAL_CLEARING","102e604b-36d3-4f2b-90ec-5c9139ce6a95","","1003","",""
"1003","1003","9017972567301988","default","2026-01-08 14:25:14","","2026-01-08 14:25:28","14","0","NORMAL_CLEARING","bfb32287-cea0-40e2-bbf4-2524f0a8d2f1","","1003","",""
"1003","1003","9017972567301988","default","2026-01-08 14:25:16","","2026-01-08 14:25:30","14","0","NORMAL_CLEARING","e49b079c-e9ae-4e74-b1ee-716ac34c4799","","1003","",""
"1003","1003","9017421552302622","default","2026-01-08 14:25:16","","2026-01-08 14:25:31","15","0","NORMAL_CLEARING","1e32614f-a016-4aba-b525-0b6dbd665d68","","1003","",""
"1003","1003","9017972567301988","default","2026-01-08 14:25:16","","2026-01-08 14:25:31","15","0","NORMAL_CLEARING","b46fae1d-5e3e-4a66-83e4-4b5d22446d20","","1003","",""
"1003","1003","9017421552302622","default","2026-01-08 14:25:16","","2026-01-08 14:25:31","15","0","NORMAL_CLEARING","f8920cb1-8cd6-4554-bf88-dcb94ee73530","","1003","",""
"1003","1003","9017421552302622","default","2026-01-08 14:25:20","","2026-01-08 14:25:34","14","0","NORMAL_CLEARING","6fff4c5e-47aa-4a40-9f2d-f87c47a942c4","","1003","",""
"1003","1003","9017972567301988","default","2026-01-08 14:25:20","","2026-01-08 14:25:34","14","0","NORMAL_CLEARING","59e4815f-d98b-4ed4-b940-494af9d49cb1","","1003","",""
"1003","1003","9017972567301988","default","2026-01-08 14:25:29","","2026-01-08 14:25:42","13","0","NORMAL_CLEARING","d7ac0fa4-fc95-47d0-b0c1-5018f24564f5","","1003","",""
"1003","1003","9017421552302622","default","2026-01-08 14:25:29","","2026-01-08 14:25:43","14","0","NORMAL_CLEARING","fe3a9469-b417-446a-9ed3-91db9ca54063","","1003","",""
"1003","1003","9018421552302622","default","2026-01-08 14:25:37","","2026-01-08 14:25:52","15","0","NORMAL_CLEARING","20bc2118-6669-4b4c-ad43-f8d74037fd96","","1003","",""
"1003","1003","9018972567301988","default","2026-01-08 14:25:37","","2026-01-08 14:25:52","15","0","NORMAL_CLEARING","477e9a62-907b-4e61-b648-35d46127de5e","","1003","",""
"1003","1003","9018972567301988","default","2026-01-08 14:25:39","","2026-01-08 14:25:53","14","0","NORMAL_CLEARING","6a99015a-bf3d-4297-a3b0-bdc81ca7ac92","","1003","",""
"1003","1003","9018421552302622","default","2026-01-08 14:25:39","","2026-01-08 14:25:54","15","0","NORMAL_CLEARING","7e968d7d-1835-4b8e-a8f5-048a8e69913b","","1003","",""
"1003","1003","9018972567301988","default","2026-01-08 14:25:39","","2026-01-08 14:25:54","15","0","NORMAL_CLEARING","d551e99a-68ad-48ad-8149-8b278edbbd00","","1003","",""
"1003","1003","9018421552302622","default","2026-01-08 14:25:39","","2026-01-08 14:25:54","15","0","NORMAL_CLEARING","7d0bb8f6-b698-43b3-878b-3b95dab70749","","1003","",""
"1003","1003","9018972567301988","default","2026-01-08 14:25:43","","2026-01-08 14:25:58","15","0","NORMAL_CLEARING","5b03693f-206a-4606-a5ac-803bfb081670","","1003","",""
"1003","1003","9018421552302622","default","2026-01-08 14:25:43","","2026-01-08 14:25:58","15","0","NORMAL_CLEARING","dc46d1a3-2421-4d8d-af47-062aa89fcfa9","","1003","",""
"1003","1003","9018421552302622","default","2026-01-08 14:25:51","","2026-01-08 14:26:07","16","0","NORMAL_CLEARING","0b8127de-b8d5-43a3-bf9f-e3f62e88f670","","1003","",""
"1003","1003","9018972567301988","default","2026-01-08 14:25:51","","2026-01-08 14:26:07","16","0","NORMAL_CLEARING","8e286627-c5b3-4ae4-8b75-ef5b4a91a5f7","","1003","",""
"1003","1003","20972567301988","default","2026-01-08 14:25:59","","2026-01-08 14:26:14","15","0","NORMAL_CLEARING","321ceb10-9863-418d-9093-758b53828363","","1003","",""
"1003","1003","20421552302622","default","2026-01-08 14:25:59","","2026-01-08 14:26:14","15","0","NORMAL_CLEARING","dea66beb-af21-4321-96cb-a2e6f1754373","","1003","",""
"1003","1003","20421552302622","default","2026-01-08 14:26:01","","2026-01-08 14:26:15","14","0","NORMAL_CLEARING","5852e248-0f28-4ef2-978f-5bc39870889d","","1003","",""
"1003","1003","20972567301988","default","2026-01-08 14:26:01","","2026-01-08 14:26:15","14","0","NORMAL_CLEARING","cc6bca40-b8ee-455a-acfa-10b15ebcc759","","1003","",""
"1003","1003","20421552302622","default","2026-01-08 14:26:01","","2026-01-08 14:26:15","14","0","NORMAL_CLEARING","07a27fef-58e6-41a7-8c29-0c5b71ce29af","","1003","",""
"1003","1003","20972567301988","default","2026-01-08 14:26:01","","2026-01-08 14:26:15","14","0","NORMAL_CLEARING","cb74850b-8c45-4247-a102-0cb8224499dd","","1003","",""
"1003","1003","20421552302622","default","2026-01-08 14:26:05","","2026-01-08 14:26:19","14","0","NORMAL_CLEARING","e9974a1b-2183-49ca-99ad-3898b444204d","","1003","",""
"1003","1003","20972567301988","default","2026-01-08 14:26:05","","2026-01-08 14:26:19","14","0","NORMAL_CLEARING","ae1ab455-176a-49ac-8d5b-3068a3ffde49","","1003","",""
"1003","1003","20421552302622","default","2026-01-08 14:26:14","","2026-01-08 14:26:26","12","0","NORMAL_CLEARING","166294ee-8880-4bc0-8022-57cc0538d4ab","","1003","",""
"1003","1003","20972567301988","default","2026-01-08 14:26:14","","2026-01-08 14:26:27","13","0","NORMAL_CLEARING","25484dca-8886-4598-b859-992afa88891e","","1003","",""
"1003","1003","30972567301988","default","2026-01-08 14:26:21","","2026-01-08 14:26:35","14","0","NORMAL_CLEARING","4495bc71-94b4-47a2-92b9-5c7a8f3ba268","","1003","",""
"1003","1003","30421552302622","default","2026-01-08 14:26:21","","2026-01-08 14:26:36","15","0","NORMAL_CLEARING","c2c01126-b678-409b-a306-027f30cebf22","","1003","",""
"1003","1003","30421552302622","default","2026-01-08 14:26:23","","2026-01-08 14:26:37","14","0","NORMAL_CLEARING","24ebac8c-64bf-4fb7-9bba-fea8179d5e3c","","1003","",""
"1003","1003","30421552302622","default","2026-01-08 14:26:23","","2026-01-08 14:26:37","14","0","NORMAL_CLEARING","97a14146-dfa6-4635-83b4-d1151ac904b2","","1003","",""
"1003","1003","30972567301988","default","2026-01-08 14:26:23","","2026-01-08 14:26:37","14","0","NORMAL_CLEARING","0f592a59-e72b-4a6c-8c54-829037eae70e","","1003","",""
"1003","1003","30972567301988","default","2026-01-08 14:26:23","","2026-01-08 14:26:37","14","0","NORMAL_CLEARING","259c4590-b336-435c-a27d-8c34691b2916","","1003","",""
"1003","1003","30421552302622","default","2026-01-08 14:26:27","","2026-01-08 14:26:41","14","0","NORMAL_CLEARING","a6c05904-4410-400c-9631-fc8c6e5b6c3c","","1003","",""
"1003","1003","30972567301988","default","2026-01-08 14:26:27","","2026-01-08 14:26:41","14","0","NORMAL_CLEARING","591692b7-7e5b-4884-93c9-8a42c1b27510","","1003","",""
"1003","1003","30421552302622","default","2026-01-08 14:26:36","","2026-01-08 14:26:49","13","0","NORMAL_CLEARING","908edc0a-8a52-4920-a409-2bacf4b37602","","1003","",""
"1003","1003","30972567301988","default","2026-01-08 14:26:36","","2026-01-08 14:26:49","13","0","NORMAL_CLEARING","8dae573a-8f93-4c35-89bc-6740e6a8a805","","1003","",""
"1003","1003","50972567301988","default","2026-01-08 14:26:44","","2026-01-08 14:26:57","13","0","NORMAL_CLEARING","9fd82c0f-ff7c-4e41-adb6-ec8c7c1d759b","","1003","",""
"1003","1003","50421552302622","default","2026-01-08 14:26:44","","2026-01-08 14:26:57","13","0","NORMAL_CLEARING","5feba78a-99ff-4191-a284-993331a2cc4b","","1003","",""
"1003","1003","50972567301988","default","2026-01-08 14:26:46","","2026-01-08 14:26:58","12","0","NORMAL_CLEARING","6cca19da-b4e0-49b2-be39-2dffaa2b32e8","","1003","",""
"1003","1003","50421552302622","default","2026-01-08 14:26:46","","2026-01-08 14:26:58","12","0","NORMAL_CLEARING","aa1c8de3-dbc4-4df8-8fa8-e41736d71b02","","1003","",""
"1003","1003","50421552302622","default","2026-01-08 14:26:45","","2026-01-08 14:26:58","13","0","NORMAL_CLEARING","a90e52e7-114f-4bdf-a682-82716399e42f","","1003","",""
"1003","1003","50972567301988","default","2026-01-08 14:26:46","","2026-01-08 14:26:58","12","0","NORMAL_CLEARING","32c26a2d-f67f-438a-8e3f-4adfcea55bd3","","1003","",""
"1003","1003","50421552302622","default","2026-01-08 14:26:50","","2026-01-08 14:27:02","12","0","NORMAL_CLEARING","a908ce1d-b3e5-43ac-966e-bb34b83e34f5","","1003","",""
"1003","1003","50972567301988","default","2026-01-08 14:26:50","","2026-01-08 14:27:02","12","0","NORMAL_CLEARING","24274b3a-2384-4d4b-a47c-aa3003fff831","","1003","",""
"1003","1003","50421552302622","default","2026-01-08 14:26:58","","2026-01-08 14:27:11","13","0","NORMAL_CLEARING","5b19a74c-e095-42ee-af81-8407861ab2be","","1003","",""
"1003","1003","50972567301988","default","2026-01-08 14:26:58","","2026-01-08 14:27:11","13","0","NORMAL_CLEARING","cddaa151-b554-4f18-b9f5-b181adab4a45","","1003","",""
"1003","1003","60421552302622","default","2026-01-08 14:27:06","","2026-01-08 14:27:19","13","0","NORMAL_CLEARING","d654b5d5-c4ee-461f-9c76-cf23c6174bc9","","1003","",""
"1003","1003","60972567301988","default","2026-01-08 14:27:06","","2026-01-08 14:27:19","13","0","NORMAL_CLEARING","3a57feef-7a08-49d8-bf3b-fda9c9e94f36","","1003","",""
"1003","1003","60421552302622","default","2026-01-08 14:27:08","","2026-01-08 14:27:21","13","0","NORMAL_CLEARING","0f135a83-fdc4-4248-9b75-75584c28d184","","1003","",""
"1003","1003","60421552302622","default","2026-01-08 14:27:08","","2026-01-08 14:27:21","13","0","NORMAL_CLEARING","367dd221-ee78-4e7e-bfba-8b34efe128be","","1003","",""
"1003","1003","60972567301988","default","2026-01-08 14:27:08","","2026-01-08 14:27:21","13","0","NORMAL_CLEARING","2b309bed-9ba8-44ac-a181-c42633f00a38","","1003","",""
"1003","1003","60972567301988","default","2026-01-08 14:27:08","","2026-01-08 14:27:21","13","0","NORMAL_CLEARING","b4e03010-d26f-4e17-a6d1-4d450b047a88","","1003","",""
"1003","1003","60972567301988","default","2026-01-08 14:27:12","","2026-01-08 14:27:26","14","0","NORMAL_CLEARING","f82e2cac-1eff-4a54-a615-dbce8b443fcc","","1003","",""
"1003","1003","60421552302622","default","2026-01-08 14:27:12","","2026-01-08 14:27:27","15","0","NORMAL_CLEARING","fd96763c-afe8-410c-bdd9-be4ea61e5a07","","1003","",""
"1003","1003","60972567301988","default","2026-01-08 14:27:20","","2026-01-08 14:27:36","16","0","NORMAL_CLEARING","ed36ac45-e41b-4220-ad34-2a827ce37c64","","1003","",""
"1003","1003","60421552302622","default","2026-01-08 14:27:20","","2026-01-08 14:27:37","17","0","NORMAL_CLEARING","c3346090-7208-4126-b1e2-a518160d02e6","","1003","",""
"1003","1003","70972567301988","default","2026-01-08 14:27:30","","2026-01-08 14:27:37","7","0","MANAGER_REQUEST","bca41b1e-2317-473b-86c9-2d676f6ab5b3","","1003","",""
"1003","1003","70972567301988","default","2026-01-08 14:27:34","","2026-01-08 14:27:37","3","0","MANAGER_REQUEST","e11805b6-d3f8-4985-8939-ab18f6e3280f","","1003","",""
"1003","1003","70972567301988","default","2026-01-08 14:27:30","","2026-01-08 14:27:38","8","0","MANAGER_REQUEST","cb67f8c1-7e8e-49a0-b39b-98f9b33f1941","","1003","",""
"1003","1003","70421552302622","default","2026-01-08 14:27:30","","2026-01-08 14:27:38","8","0","MANAGER_REQUEST","b28b99ac-d44e-4a61-92dd-d193335b4929","","1003","",""
"1003","1003","70421552302622","default","2026-01-08 14:27:34","","2026-01-08 14:27:38","4","0","MANAGER_REQUEST","19caa207-8e9e-401e-a86e-23aaddd9f39e","","1003","",""
"1003","1003","70972567301988","default","2026-01-08 14:27:28","","2026-01-08 14:27:38","10","0","MANAGER_REQUEST","e614456c-665d-4380-8230-bc13b9332179","","1003","",""
"1003","1003","70421552302622","default","2026-01-08 14:27:28","","2026-01-08 14:27:38","10","0","MANAGER_REQUEST","ee03cfad-65b1-4153-b2ed-a8a6f8c83103","","1003","",""
"1003","1003","70421552302622","default","2026-01-08 14:27:30","","2026-01-08 14:27:38","8","0","MANAGER_REQUEST","467a5349-b44d-438e-b841-0ddfd9c0fcac","","1003","",""
