"1010","1010","+972567301988","default","2026-01-08 13:26:40","","2026-01-08 13:26:54","14","0","CALL_REJECTED","f8c80891-cee1-4f9f-8c4b-93e989a55610","","1010","",""
"1010","1010","+972567301988","default","2026-01-08 13:26:40","","2026-01-08 13:26:54","14","0","CALL_REJECTED","f727bf9e-1477-4857-ab92-18f8bb75ac5c","","1010","",""
"1010","1010","+421552302622","default","2026-01-08 13:26:40","","2026-01-08 13:26:54","14","0","CALL_REJECTED","207f7890-e252-4c2f-8486-46fb0119c719","","1010","",""
"1010","1010","+421552302622","default","2026-01-08 13:26:40","","2026-01-08 13:26:54","14","0","CALL_REJECTED","1ec02eef-ee16-448c-8c53-5e4feff28b33","","1010","",""
"1010","1010","+972567301988","default","2026-01-08 13:26:40","","2026-01-08 13:26:54","14","0","CALL_REJECTED","ce342c5a-283e-4491-a26e-d6b1c53c5e72","","1010","",""
"1010","1010","+972567301988","default","2026-01-08 13:26:40","","2026-01-08 13:26:54","14","0","CALL_REJECTED","2c0dc397-e0b7-4434-81e8-9a7e511a132d","","1010","",""
"1010","1010","+421552302622","default","2026-01-08 13:26:40","","2026-01-08 13:26:54","14","0","CALL_REJECTED","c1a351d7-cc20-4ce7-a78b-cc82c17d9b83","","1010","",""
"1010","1010","+421552302622","default","2026-01-08 13:26:40","","2026-01-08 13:26:54","14","0","CALL_REJECTED","e583ae4d-7bdb-45ab-9916-fcb919fb36fa","","1010","",""
"1010","1010","+972567301988","default","2026-01-08 13:26:40","","2026-01-08 13:26:54","14","0","CALL_REJECTED","4a34e32e-07e5-4fff-8c4a-9919d3787594","","1010","",""
"1010","1010","+421552302622","default","2026-01-08 13:26:40","","2026-01-08 13:26:54","14","0","CALL_REJECTED","93e3860d-b900-4409-a56f-990447d0a180","","1010","",""
"1010","1010","+0972567301988","default","2026-01-08 13:27:02","","2026-01-08 13:27:15","13","0","UNALLOCATED_NUMBER","42064f41-f483-4278-8ec1-ec7ab643aacd","","1010","",""
"1010","1010","+0421552302622","default","2026-01-08 13:27:02","","2026-01-08 13:27:15","13","0","UNALLOCATED_NUMBER","902afd67-f1a0-47a6-bd3a-1b846817a718","","1010","",""
"1010","1010","+0972567301988","default","2026-01-08 13:27:02","","2026-01-08 13:27:15","13","0","UNALLOCATED_NUMBER","dc446518-4559-4834-a8ea-5259c6a8c39a","","1010","",""
"1010","1010","+0421552302622","default","2026-01-08 13:27:02","","2026-01-08 13:27:15","13","0","UNALLOCATED_NUMBER","e8665c00-f091-4ae0-aca1-1e624f006c9d","","1010","",""
"1010","1010","+0421552302622","default","2026-01-08 13:27:02","","2026-01-08 13:27:15","13","0","UNALLOCATED_NUMBER","edbd0e5a-7bb1-4d20-89c3-4aaa3afc519c","","1010","",""
"1010","1010","+0972567301988","default","2026-01-08 13:27:02","","2026-01-08 13:27:15","13","0","UNALLOCATED_NUMBER","6aab4c5e-57ce-4e91-bc40-c8f7391826cf","","1010","",""
"1010","1010","+0972567301988","default","2026-01-08 13:27:02","","2026-01-08 13:27:15","13","0","UNALLOCATED_NUMBER","8271277e-4af2-4dd6-b79a-889b198933ef","","1010","",""
"1010","1010","+0421552302622","default","2026-01-08 13:27:02","","2026-01-08 13:27:15","13","0","UNALLOCATED_NUMBER","15d53566-0dd7-4f2a-9602-fccc1d27d277","","1010","",""
"1010","1010","+0421552302622","default","2026-01-08 13:27:02","","2026-01-08 13:27:16","14","0","UNALLOCATED_NUMBER","10315cd5-619c-4c95-94ec-ed258230f4d6","","1010","",""
"1010","1010","+0972567301988","default","2026-01-08 13:27:02","","2026-01-08 13:27:16","14","0","UNALLOCATED_NUMBER","90d7278d-b2b7-4330-8685-625c16301585","","1010","",""
"1010","1010","0+421552302622","default","2026-01-08 13:27:24","","2026-01-08 13:27:35","11","0","NORMAL_CLEARING","d50e17f8-c518-41f9-b04f-31133a9d804a","","1010","",""
"1010","1010","0+421552302622","default","2026-01-08 13:27:24","","2026-01-08 13:27:35","11","0","NORMAL_CLEARING","260063b9-af9d-4bdc-93b2-f7abc8725c47","","1010","",""
"1010","1010","0+972567301988","default","2026-01-08 13:27:24","","2026-01-08 13:27:35","11","0","NORMAL_CLEARING","6a5d89e2-9f45-43fc-821e-f01925d7252a","","1010","",""
"1010","1010","0+972567301988","default","2026-01-08 13:27:24","","2026-01-08 13:27:35","11","0","NORMAL_CLEARING","fc23eb19-0db8-48e0-8550-2808a0e8f1ff","","1010","",""
"1010","1010","0+972567301988","default","2026-01-08 13:27:24","","2026-01-08 13:27:35","11","0","NORMAL_CLEARING","237f6dea-9eb3-4900-9f02-78854bf11d3e","","1010","",""
"1010","1010","0+421552302622","default","2026-01-08 13:27:24","","2026-01-08 13:27:35","11","0","NORMAL_CLEARING","a5f54cdb-b0a8-485e-abfd-29a7b531aaa4","","1010","",""
"1010","1010","0+421552302622","default","2026-01-08 13:27:24","","2026-01-08 13:27:36","12","0","NORMAL_CLEARING","41b3884a-9cff-431d-abb2-acc06241b130","","1010","",""
"1010","1010","0+421552302622","default","2026-01-08 13:27:24","","2026-01-08 13:27:36","12","0","NORMAL_CLEARING","48c091f2-45e0-4f23-91fb-3a4de28895cb","","1010","",""
"1010","1010","0+972567301988","default","2026-01-08 13:27:24","","2026-01-08 13:27:36","12","0","NORMAL_CLEARING","8b98032b-70c8-4462-8c7b-c0f71a3b256c","","1010","",""
"1010","1010","0+972567301988","default","2026-01-08 13:27:24","","2026-01-08 13:27:36","12","0","NORMAL_CLEARING","903d8f08-9c87-4bb1-80d4-c609f2874f9b","","1010","",""
"1010","1010","+00972567301988","default","2026-01-08 13:27:46","","2026-01-08 13:27:58","12","0","UNALLOCATED_NUMBER","04918d70-2be2-4b93-bd1c-d43107761765","","1010","",""
"1010","1010","+00972567301988","default","2026-01-08 13:27:46","","2026-01-08 13:27:58","12","0","UNALLOCATED_NUMBER","efca65d3-ead4-4224-9279-210034877043","","1010","",""
"1010","1010","+00421552302622","default","2026-01-08 13:27:46","","2026-01-08 13:27:58","12","0","UNALLOCATED_NUMBER","5d11aca2-a9b0-4905-9ced-b0058d4d3234","","1010","",""
"1010","1010","+00972567301988","default","2026-01-08 13:27:46","","2026-01-08 13:27:58","12","0","UNALLOCATED_NUMBER","d2590857-827c-4aa7-b807-15a89f856fb5","","1010","",""
"1010","1010","+00421552302622","default","2026-01-08 13:27:46","","2026-01-08 13:27:58","12","0","UNALLOCATED_NUMBER","5f255898-28ef-45f5-9f95-b2db0f82c255","","1010","",""
"1010","1010","+00421552302622","default","2026-01-08 13:27:46","","2026-01-08 13:27:58","12","0","UNALLOCATED_NUMBER","a1477249-4d02-4f03-b1e7-d44c86e84993","","1010","",""
"1010","1010","+00421552302622","default","2026-01-08 13:27:46","","2026-01-08 13:27:58","12","0","UNALLOCATED_NUMBER","65d7f265-0a2f-4de6-90f5-380d38a3a807","","1010","",""
"1010","1010","+00972567301988","default","2026-01-08 13:27:46","","2026-01-08 13:27:58","12","0","UNALLOCATED_NUMBER","30cb63b3-f5a6-4498-ae87-c1288d03e108","","1010","",""
"1010","1010","+00972567301988","default","2026-01-08 13:27:46","","2026-01-08 13:27:58","12","0","UNALLOCATED_NUMBER","4b291cae-3f4e-4bbb-a2f0-f36ac4d3769c","","1010","",""
"1010","1010","+00421552302622","default","2026-01-08 13:27:46","","2026-01-08 13:27:58","12","0","UNALLOCATED_NUMBER","6d2a7f5e-65b7-4cf8-b421-e4cd97ebb22c","","1010","",""
"1010","1010","972567301988","default","2026-01-08 13:28:08","","2026-01-08 13:28:21","13","0","CALL_REJECTED","bec81968-4774-412b-86be-70b5455a16ce","","1010","",""
"1010","1010","972567301988","default","2026-01-08 13:28:08","","2026-01-08 13:28:21","13","0","CALL_REJECTED","bac6999f-b9da-4d99-a0a5-2c5a3b238f2f","","1010","",""
"1010","1010","972567301988","default","2026-01-08 13:28:08","","2026-01-08 13:28:21","13","0","CALL_REJECTED","e958f7ee-a48b-4acd-a88e-5c038a5d4c90","","1010","",""
"1010","1010","421552302622","default","2026-01-08 13:28:08","","2026-01-08 13:28:21","13","0","CALL_REJECTED","16326a96-9b46-4d58-8b2a-aad0c0a8a00f","","1010","",""
"1010","1010","421552302622","default","2026-01-08 13:28:08","","2026-01-08 13:28:21","13","0","CALL_REJECTED","fc6a1e09-045d-4d6e-9c23-1741e87ce21f","","1010","",""
"1010","1010","421552302622","default","2026-01-08 13:28:08","","2026-01-08 13:28:21","13","0","CALL_REJECTED","08f765a1-63e8-49b6-9b06-345df7e99212","","1010","",""
"1010","1010","421552302622","default","2026-01-08 13:28:09","","2026-01-08 13:28:22","13","0","CALL_REJECTED","86db074c-5fe1-4bfe-86bd-3b7eb44e5881","","1010","",""
"1010","1010","972567301988","default","2026-01-08 13:28:09","","2026-01-08 13:28:22","13","0","CALL_REJECTED","6dc75e68-cdee-4323-9b2a-caa300523528","","1010","",""
"1010","1010","972567301988","default","2026-01-08 13:28:09","","2026-01-08 13:28:22","13","0","CALL_REJECTED","700e558d-f150-4cba-b038-8d9b8d5d7e05","","1010","",""
"1010","1010","421552302622","default","2026-01-08 13:28:09","","2026-01-08 13:28:22","13","0","CALL_REJECTED","7eab3745-1d1e-482a-aa0b-967a5fe95def","","1010","",""
"1010","1010","*421552302622","default","2026-01-08 13:28:30","","2026-01-08 13:28:41","11","0","NORMAL_CLEARING","83ee311a-9b6c-4ba7-a482-86ead0a2ee6b","","1010","",""
"1010","1010","*972567301988","default","2026-01-08 13:28:30","","2026-01-08 13:28:41","11","0","NORMAL_CLEARING","4ed33f29-9258-430b-8edd-3238649fea92","","1010","",""
"1010","1010","*972567301988","default","2026-01-08 13:28:31","","2026-01-08 13:28:41","10","0","NORMAL_CLEARING","3ef341f9-a371-45f1-bf94-ff6e1c2aa658","","1010","",""
"1010","1010","*421552302622","default","2026-01-08 13:28:31","","2026-01-08 13:28:42","11","0","NORMAL_CLEARING","cb662741-c5f6-4712-9150-f2a256b3fd16","","1010","",""
"1010","1010","*421552302622","default","2026-01-08 13:28:31","","2026-01-08 13:28:42","11","0","NORMAL_CLEARING","04398bd4-60ce-4a87-940c-478cc5753743","","1010","",""
"1010","1010","*972567301988","default","2026-01-08 13:28:31","","2026-01-08 13:28:42","11","0","NORMAL_CLEARING","dfb5ac10-ae6b-4116-9ff4-b60f5dc771c8","","1010","",""
"1010","1010","/421552302622","default","2026-01-08 13:28:51","","2026-01-08 13:29:01","10","0","NORMAL_CLEARING","86adff8f-f432-42be-a633-b5abb3074b6c","","1010","",""
"1010","1010","/972567301988","default","2026-01-08 13:28:51","","2026-01-08 13:29:02","11","0","NORMAL_CLEARING","b9d1b8d4-205e-4ca2-8528-e66550021e65","","1010","",""
"1010","1010","/972567301988","default","2026-01-08 13:28:52","","2026-01-08 13:29:02","10","0","NORMAL_CLEARING","dec4f7aa-01c1-4430-a481-1ceedfa6a2d8","","1010","",""
"1010","1010","/421552302622","default","2026-01-08 13:28:52","","2026-01-08 13:29:03","11","0","NORMAL_CLEARING","209e0bef-7485-43e6-a21d-13c1dcf5ce01","","1010","",""
"1010","1010","/972567301988","default","2026-01-08 13:28:52","","2026-01-08 13:29:03","11","0","NORMAL_CLEARING","52accabe-5f0a-490a-9d14-c8a6d1770357","","1010","",""
"1010","1010","/421552302622","default","2026-01-08 13:28:52","","2026-01-08 13:29:03","11","0","NORMAL_CLEARING","16edba08-5ec9-4099-9d52-1af6398cace6","","1010","",""
"1010","1010","/972567301988","default","2026-01-08 13:28:53","","2026-01-08 13:29:04","11","0","NORMAL_CLEARING","bbb7fdf1-4aea-4523-9bdd-155ff1b618a0","","1010","",""
"1010","1010","/421552302622","default","2026-01-08 13:28:53","","2026-01-08 13:29:04","11","0","NORMAL_CLEARING","40071482-b19f-4c5e-85aa-ea813edc707d","","1010","",""
"1010","1010","/421552302622","default","2026-01-08 13:28:53","","2026-01-08 13:29:04","11","0","NORMAL_CLEARING","330036d0-5cae-4647-8d04-7eff884be01e","","1010","",""
"1010","1010","/972567301988","default","2026-01-08 13:28:53","","2026-01-08 13:29:04","11","0","NORMAL_CLEARING","8ba23e09-ef87-43ad-a13c-30258e118a68","","1010","",""
"1010","1010","~421552302622","default","2026-01-08 13:29:13","","2026-01-08 13:29:23","10","0","NORMAL_CLEARING","f8ede1c4-6ab2-453a-b8ec-6637df770c4a","","1010","",""
"1010","1010","~972567301988","default","2026-01-08 13:29:13","","2026-01-08 13:29:23","10","0","NORMAL_CLEARING","9ebe11d7-bc5b-4904-acb3-aedb5c0eca7e","","1010","",""
"1010","1010","~421552302622","default","2026-01-08 13:29:14","","2026-01-08 13:29:24","10","0","NORMAL_CLEARING","87ef5cb1-6b99-4e09-baf9-5ef36ac69758","","1010","",""
"1010","1010","~972567301988","default","2026-01-08 13:29:14","","2026-01-08 13:29:24","10","0","NORMAL_CLEARING","75e2ba0e-aba1-4cb7-a699-d9e624f70251","","1010","",""
"1010","1010","~972567301988","default","2026-01-08 13:29:14","","2026-01-08 13:29:25","11","0","NORMAL_CLEARING","60109e9e-d127-49fa-853b-ce6b590b6f40","","1010","",""
"1010","1010","~421552302622","default","2026-01-08 13:29:14","","2026-01-08 13:29:25","11","0","NORMAL_CLEARING","efc74236-c1ec-45d1-a2a9-072b9055d525","","1010","",""
"1010","1010","~421552302622","default","2026-01-08 13:29:15","","2026-01-08 13:29:26","11","0","NORMAL_CLEARING","1331aa44-2d37-4e0d-a8cb-0fdf569e791b","","1010","",""
"1010","1010","~972567301988","default","2026-01-08 13:29:15","","2026-01-08 13:29:26","11","0","NORMAL_CLEARING","423b1d87-9ee2-4e1d-b86d-77d438988b6b","","1010","",""
"1010","1010","~421552302622","default","2026-01-08 13:29:15","","2026-01-08 13:29:26","11","0","NORMAL_CLEARING","9d79f48b-60ca-4645-9965-66e69dc3fd51","","1010","",""
"1010","1010","~972567301988","default","2026-01-08 13:29:15","","2026-01-08 13:29:26","11","0","NORMAL_CLEARING","4b5e1fbd-c68b-4334-8f4a-4bb8184011b2","","1010","",""
"1010","1010","!972567301988","default","2026-01-08 13:29:35","","2026-01-08 13:29:46","11","0","NORMAL_CLEARING","a0d64af5-f88e-41af-8f2d-17c0f0acc74a","","1010","",""
"1010","1010","!421552302622","default","2026-01-08 13:29:35","","2026-01-08 13:29:46","11","0","NORMAL_CLEARING","03316509-fde1-4edb-9adc-10e89d28ea5d","","1010","",""
"1010","1010","!421552302622","default","2026-01-08 13:29:36","","2026-01-08 13:29:47","11","0","NORMAL_CLEARING","e2051c3d-a8a6-43d2-b349-added1a8a344","","1010","",""
"1010","1010","!972567301988","default","2026-01-08 13:29:36","","2026-01-08 13:29:47","11","0","NORMAL_CLEARING","ccaf7ed5-a477-4248-859b-74d53774f14c","","1010","",""
"1010","1010","!421552302622","default","2026-01-08 13:29:37","","2026-01-08 13:29:47","10","0","NORMAL_CLEARING","51dfafeb-0332-4c9d-8b14-c4146d79d40f","","1010","",""
"1010","1010","!972567301988","default","2026-01-08 13:29:37","","2026-01-08 13:29:48","11","0","NORMAL_CLEARING","66839d77-b264-453d-9189-3537f4c95fd0","","1010","",""
"1010","1010","!421552302622","default","2026-01-08 13:29:37","","2026-01-08 13:29:48","11","0","NORMAL_CLEARING","44175643-2d9d-453d-843b-05e8e395b561","","1010","",""
"1010","1010","!972567301988","default","2026-01-08 13:29:37","","2026-01-08 13:29:48","11","0","NORMAL_CLEARING","0851f1ae-f34e-42e8-ad51-064b397513bf","","1010","",""
"1010","1010","!421552302622","default","2026-01-08 13:29:37","","2026-01-08 13:29:48","11","0","NORMAL_CLEARING","15d42d25-c081-42ca-a570-cefc204a7388","","1010","",""
"1010","1010","!972567301988","default","2026-01-08 13:29:37","","2026-01-08 13:29:48","11","0","NORMAL_CLEARING","fdce1a7c-4851-4dbb-bb02-6b0de2859c7f","","1010","",""
"1010","1010","#421552302622","default","2026-01-08 13:29:57","","2026-01-08 13:30:09","12","0","NORMAL_CLEARING","e1f68317-7671-4e90-93d6-441f7af2c2b4","","1010","",""
"1010","1010","#972567301988","default","2026-01-08 13:29:57","","2026-01-08 13:30:09","12","0","NORMAL_CLEARING","ce431547-0ade-4d3d-a0e9-22d6a0e6c05a","","1010","",""
"1010","1010","#421552302622","default","2026-01-08 13:29:58","","2026-01-08 13:30:10","12","0","NORMAL_CLEARING","b3d32a8e-d844-4444-b26d-1d68b1822aae","","1010","",""
"1010","1010","#972567301988","default","2026-01-08 13:29:58","","2026-01-08 13:30:10","12","0","NORMAL_CLEARING","95367f95-db23-4b50-8ff1-df1b70f2a865","","1010","",""
"1010","1010","#421552302622","default","2026-01-08 13:29:59","","2026-01-08 13:30:10","11","0","NORMAL_CLEARING","9fdea8f0-2ce2-4bce-954c-97fec082072c","","1010","",""
"1010","1010","#972567301988","default","2026-01-08 13:29:59","","2026-01-08 13:30:10","11","0","NORMAL_CLEARING","dfbdc828-5d4b-4b72-be29-1fe71cf65e81","","1010","",""
"1010","1010","#421552302622","default","2026-01-08 13:29:59","","2026-01-08 13:30:11","12","0","NORMAL_CLEARING","3440a353-3fde-4090-83a6-5ec3c936c91b","","1010","",""
"1010","1010","#972567301988","default","2026-01-08 13:29:59","","2026-01-08 13:30:11","12","0","NORMAL_CLEARING","9fe9e3bb-22e6-4de7-b901-b8b46a24b1be","","1010","",""
"1010","1010","#421552302622","default","2026-01-08 13:29:59","","2026-01-08 13:30:11","12","0","NORMAL_CLEARING","9d7ea1b3-0a63-405d-8fa1-606c3c841387","","1010","",""
"1010","1010","#972567301988","default","2026-01-08 13:29:59","","2026-01-08 13:30:11","12","0","NORMAL_CLEARING","e2f78508-43ff-4b43-954b-dad93c2931d1","","1010","",""
"1010","1010","$421552302622","default","2026-01-08 13:30:19","","2026-01-08 13:30:30","11","0","NORMAL_CLEARING","6dd6c1df-e92b-40bd-aa53-2dcf7684e862","","1010","",""
"1010","1010","$972567301988","default","2026-01-08 13:30:19","","2026-01-08 13:30:30","11","0","NORMAL_CLEARING","f12575a2-2270-4f99-af26-098ae3ab3656","","1010","",""
"1010","1010","$972567301988","default","2026-01-08 13:30:20","","2026-01-08 13:30:31","11","0","NORMAL_CLEARING","061983cd-6737-4dd7-a818-8ad9668fbb67","","1010","",""
"1010","1010","$421552302622","default","2026-01-08 13:30:20","","2026-01-08 13:30:31","11","0","NORMAL_CLEARING","1b9a4ed7-8897-4abd-add0-e6b8b86c758a","","1010","",""
"1010","1010","$421552302622","default","2026-01-08 13:30:21","","2026-01-08 13:30:32","11","0","NORMAL_CLEARING","fb0049d3-2088-473c-b872-bb6372c07e65","","1010","",""
"1010","1010","$972567301988","default","2026-01-08 13:30:21","","2026-01-08 13:30:33","12","0","NORMAL_CLEARING","8c3459b5-ad3c-4395-a28e-cf9e3a173585","","1010","",""
"1010","1010","$421552302622","default","2026-01-08 13:30:22","","2026-01-08 13:30:33","11","0","NORMAL_CLEARING","51018d62-3f3d-4a74-80bc-876fb95633f8","","1010","",""
"1010","1010","$972567301988","default","2026-01-08 13:30:22","","2026-01-08 13:30:33","11","0","NORMAL_CLEARING","7dbec75b-c927-443b-828f-5393dcb1156e","","1010","",""
"1010","1010","$972567301988","default","2026-01-08 13:30:22","","2026-01-08 13:30:33","11","0","NORMAL_CLEARING","3957c1cd-eb01-49c6-8a54-0ba1470f5964","","1010","",""
"1010","1010","$421552302622","default","2026-01-08 13:30:22","","2026-01-08 13:30:33","11","0","NORMAL_CLEARING","5f0896bd-0a15-4429-98d4-7de21ea625a7","","1010","",""
"1010","1010","B1552302622","default","2026-01-08 13:30:41","","2026-01-08 13:30:52","11","0","NORMAL_CLEARING","25b1e90c-368a-4870-ab9e-5c5305763692","","1010","",""
"1010","1010","—2567301988","default","2026-01-08 13:30:41","","2026-01-08 13:30:52","11","0","NORMAL_CLEARING","788c0781-7ba5-4a5a-9ca2-f0cfef8add26","","1010","",""
"1010","1010","B1552302622","default","2026-01-08 13:30:43","","2026-01-08 13:30:53","10","0","NORMAL_CLEARING","8d381f0e-75d2-4772-b499-682f28381d68","","1010","",""
"1010","1010","—2567301988","default","2026-01-08 13:30:43","","2026-01-08 13:30:53","10","0","NORMAL_CLEARING","a7fd8e98-ab02-4f0e-80fd-2e6ff9cb77ce","","1010","",""
"1010","1010","B1552302622","default","2026-01-08 13:30:43","","2026-01-08 13:30:54","11","0","NORMAL_CLEARING","4fc03747-907c-4a47-b42d-c39aa147ce4f","","1010","",""
"1010","1010","—2567301988","default","2026-01-08 13:30:43","","2026-01-08 13:30:54","11","0","NORMAL_CLEARING","08c07bf8-d8c4-438d-a22d-a890b9c2f17a","","1010","",""
"1010","1010","B1552302622","default","2026-01-08 13:30:44","","2026-01-08 13:30:54","10","0","NORMAL_CLEARING","434f0a12-a6f6-440e-9eb8-0db009ac9114","","1010","",""
"1010","1010","—2567301988","default","2026-01-08 13:30:44","","2026-01-08 13:30:54","10","0","NORMAL_CLEARING","5002a4ed-38d1-48fd-ad31-c00f429f2e65","","1010","",""
"1010","1010","B1552302622","default","2026-01-08 13:30:44","","2026-01-08 13:30:54","10","0","NORMAL_CLEARING","77b13052-5ea9-4018-9743-1896cdf007f1","","1010","",""
"1010","1010","—2567301988","default","2026-01-08 13:30:44","","2026-01-08 13:30:54","10","0","NORMAL_CLEARING","bf00f026-4687-44d1-97d6-a6abbf7487bf","","1010","",""
"1010","1010","00421552302622","default","2026-01-08 13:31:04","","2026-01-08 13:31:24","20","0","NORMAL_CLEARING","9db71532-e20e-46cc-9afe-2b4a1a2772e2","","1010","",""
"1010","1010","00972567301988","default","2026-01-08 13:31:04","","2026-01-08 13:31:24","20","0","NORMAL_CLEARING","a016aa20-ad0a-4b81-9df5-35bd89d0db90","","1010","",""
"1010","1010","00972567301988","default","2026-01-08 13:31:05","","2026-01-08 13:31:25","20","0","NORMAL_CLEARING","04fcf7c7-d946-402c-86de-f21af3f9c92e","","1010","",""
"1010","1010","00421552302622","default","2026-01-08 13:31:05","","2026-01-08 13:31:26","21","0","NORMAL_CLEARING","2052a3f3-a8c1-45e7-8a99-8ecb053072ae","","1010","",""
"1010","1010","00972567301988","default","2026-01-08 13:31:05","","2026-01-08 13:31:26","21","0","NORMAL_CLEARING","e352272b-bbe7-40db-b676-dc804ec5f279","","1010","",""
"1010","1010","00421552302622","default","2026-01-08 13:31:05","","2026-01-08 13:31:26","21","0","NORMAL_CLEARING","902f0285-ab5c-411d-b0ec-ed4f81299e68","","1010","",""
"1010","1010","00421552302622","default","2026-01-08 13:31:06","","2026-01-08 13:31:27","21","0","NORMAL_CLEARING","fc33a112-ef91-477b-8700-75e2fa054d66","","1010","",""
"1010","1010","00421552302622","default","2026-01-08 13:31:06","","2026-01-08 13:31:27","21","0","NORMAL_CLEARING","c5fb9063-5373-4ce7-9191-73efcf2e16d9","","1010","",""
"1010","1010","00972567301988","default","2026-01-08 13:31:06","","2026-01-08 13:31:27","21","0","NORMAL_CLEARING","35cac0e2-d04d-4481-a8c0-5552b0efadf3","","1010","",""
"1010","1010","00972567301988","default","2026-01-08 13:31:06","","2026-01-08 13:31:27","21","0","NORMAL_CLEARING","3d271a45-4e82-4d0e-a28f-40875e7a9ccd","","1010","",""
"1010","1010","900972567301988","default","2026-01-08 13:31:27","","2026-01-08 13:31:47","20","0","UNALLOCATED_NUMBER","d49bc70e-c876-4733-93d5-6b2a8ec8bdba","","1010","",""
"1010","1010","900421552302622","default","2026-01-08 13:31:27","","2026-01-08 13:31:47","20","0","UNALLOCATED_NUMBER","660da572-fa69-49ca-afd2-f0790ecc8dc2","","1010","",""
"1010","1010","900421552302622","default","2026-01-08 13:31:28","","2026-01-08 13:31:48","20","0","UNALLOCATED_NUMBER","14da432e-fd07-42ff-ab00-7b69498c6d93","","1010","",""
"1010","1010","900972567301988","default","2026-01-08 13:31:28","","2026-01-08 13:31:48","20","0","UNALLOCATED_NUMBER","f176f7a5-2a9b-47a1-afce-fc3ee4c2a920","","1010","",""
"1010","1010","900972567301988","default","2026-01-08 13:31:28","","2026-01-08 13:31:49","21","0","UNALLOCATED_NUMBER","17d8d9ef-e022-432b-bb47-eaf19d6d8ec6","","1010","",""
"1010","1010","900421552302622","default","2026-01-08 13:31:28","","2026-01-08 13:31:49","21","0","UNALLOCATED_NUMBER","b309e2ab-71f8-41eb-8033-450b733b3bf0","","1010","",""
"1010","1010","900421552302622","default","2026-01-08 13:31:29","","2026-01-08 13:31:49","20","0","UNALLOCATED_NUMBER","5890ca6c-714e-4cc0-a81d-d504bf9e3790","","1010","",""
"1010","1010","900972567301988","default","2026-01-08 13:31:29","","2026-01-08 13:31:50","21","0","UNALLOCATED_NUMBER","0584b8ff-51c9-4bb3-907c-584bd84f6c38","","1010","",""
"1010","1010","900421552302622","default","2026-01-08 13:31:30","","2026-01-08 13:31:50","20","0","UNALLOCATED_NUMBER","92065f56-3402-4a41-928e-78caf0524994","","1010","",""
"1010","1010","900972567301988","default","2026-01-08 13:31:30","","2026-01-08 13:31:51","21","0","UNALLOCATED_NUMBER","d34fd909-c994-4bdc-b244-cf8ed98495d0","","1010","",""
"1010","1010","000972567301988","default","2026-01-08 13:31:49","","2026-01-08 13:32:11","22","0","NORMAL_CLEARING","e95b1787-3ca0-465d-8c5b-c68e00a5882f","","1010","",""
"1010","1010","000421552302622","default","2026-01-08 13:31:49","","2026-01-08 13:32:12","23","0","NORMAL_CLEARING","d30d83a4-f99e-480d-8e38-ea2d907f6a1c","","1010","",""
"1010","1010","000421552302622","default","2026-01-08 13:31:50","","2026-01-08 13:32:12","22","0","NORMAL_CLEARING","e30f6c0d-623d-49dc-9106-4db919316442","","1010","",""
"1010","1010","000972567301988","default","2026-01-08 13:31:50","","2026-01-08 13:32:12","22","0","NORMAL_CLEARING","b5a22a90-a94c-40ef-bac1-03f05dc76ab3","","1010","",""
"1010","1010","000972567301988","default","2026-01-08 13:31:51","","2026-01-08 13:32:13","22","0","NORMAL_CLEARING","f345eb57-2157-4f7c-91d1-44244461f378","","1010","",""
"1010","1010","000421552302622","default","2026-01-08 13:31:51","","2026-01-08 13:32:13","22","0","NORMAL_CLEARING","fe2641c6-2cda-4e00-b90a-f1ef77cde803","","1010","",""
"1010","1010","000421552302622","default","2026-01-08 13:31:51","","2026-01-08 13:32:14","23","0","NORMAL_CLEARING","d5d95ef9-3859-433e-be9d-ee1529ce9deb","","1010","",""
"1010","1010","000421552302622","default","2026-01-08 13:31:52","","2026-01-08 13:32:14","22","0","NORMAL_CLEARING","d80c2dfe-a918-44e1-a9f8-fddb23720dba","","1010","",""
"1010","1010","000972567301988","default","2026-01-08 13:31:52","","2026-01-08 13:32:14","22","0","NORMAL_CLEARING","d5d8bc59-1176-4400-9768-7bc87457e994","","1010","",""
"1010","1010","000972567301988","default","2026-01-08 13:31:52","","2026-01-08 13:32:15","23","0","NORMAL_CLEARING","2ed1ea8d-2fbf-41bf-950a-fd1a5cdd7c38","","1010","",""
"1010","1010","0000972567301988","default","2026-01-08 13:32:11","","2026-01-08 13:32:27","16","0","NORMAL_CLEARING","f6134c26-73f8-431b-b46b-9d1447323641","","1010","",""
"1010","1010","0000421552302622","default","2026-01-08 13:32:11","","2026-01-08 13:32:28","17","0","NORMAL_CLEARING","448ffbea-999d-42ac-b2c6-c2777114240e","","1010","",""
"1010","1010","0000421552302622","default","2026-01-08 13:32:12","","2026-01-08 13:32:28","16","0","NORMAL_CLEARING","e09d0cbe-035b-489c-af3c-eb01124b569f","","1010","",""
"1010","1010","0000972567301988","default","2026-01-08 13:32:12","","2026-01-08 13:32:28","16","0","NORMAL_CLEARING","d8f22670-900b-4a3e-9843-8b94bf4907e9","","1010","",""
"1010","1010","0000421552302622","default","2026-01-08 13:32:13","","2026-01-08 13:32:28","15","0","NORMAL_CLEARING","dafe6138-9e2f-4220-88c9-986a56c57c17","","1010","",""
"1010","1010","0000972567301988","default","2026-01-08 13:32:13","","2026-01-08 13:32:28","15","0","NORMAL_CLEARING","5155c1d9-6e55-4493-bc66-f19290fc04c7","","1010","",""
"1010","1010","0000972567301988","default","2026-01-08 13:32:14","","2026-01-08 13:32:29","15","0","NORMAL_CLEARING","8fc514da-ed68-4957-9a4a-e5cefc560f1c","","1010","",""
"1010","1010","0000972567301988","default","2026-01-08 13:32:14","","2026-01-08 13:32:29","15","0","NORMAL_CLEARING","42b0bb15-b965-4584-98ab-6e268dd6eb09","","1010","",""
"1010","1010","0000421552302622","default","2026-01-08 13:32:14","","2026-01-08 13:32:29","15","0","NORMAL_CLEARING","b469361f-6a82-4f50-80d4-3030ac3ba7d6","","1010","",""
"1010","1010","0000421552302622","default","2026-01-08 13:32:14","","2026-01-08 13:32:29","15","0","NORMAL_CLEARING","38864af3-89ca-4eaa-98b8-086a9fc3b858","","1010","",""
"1010","1010","9011972567301988","default","2026-01-08 13:32:56","","2026-01-08 13:33:10","14","0","NORMAL_CLEARING","440100ff-673c-4800-953f-a9416222b040","","1010","",""
"1010","1010","9011421552302622","default","2026-01-08 13:32:56","","2026-01-08 13:33:10","14","0","NORMAL_CLEARING","bd6610d2-f6d7-4431-a47a-ec02f86f13c9","","1010","",""
"1010","1010","9011421552302622","default","2026-01-08 13:32:57","","2026-01-08 13:33:11","14","0","NORMAL_CLEARING","b21e3958-ebe7-4482-9867-3c4d67e7934e","","1010","",""
"1010","1010","9011972567301988","default","2026-01-08 13:32:57","","2026-01-08 13:33:11","14","0","NORMAL_CLEARING","838a792f-123f-4aad-bdad-4472bc7dae2a","","1010","",""
"1010","1010","9011421552302622","default","2026-01-08 13:32:58","","2026-01-08 13:33:12","14","0","NORMAL_CLEARING","727075b3-e2bd-431c-b041-dba2d7282bce","","1010","",""
"1010","1010","9011972567301988","default","2026-01-08 13:32:58","","2026-01-08 13:33:12","14","0","NORMAL_CLEARING","8ecf2eca-d5fc-4f83-85a0-1d7084fc64ce","","1010","",""
"1010","1010","9011972567301988","default","2026-01-08 13:32:59","","2026-01-08 13:33:13","14","0","NORMAL_CLEARING","0f6bcfb5-23d1-40be-9ff7-c1772c6d4e5f","","1010","",""
"1010","1010","9011972567301988","default","2026-01-08 13:32:59","","2026-01-08 13:33:13","14","0","NORMAL_CLEARING","fc6e813d-ace0-4be8-838f-6d6e0da4a44d","","1010","",""
"1010","1010","9011421552302622","default","2026-01-08 13:32:59","","2026-01-08 13:33:14","15","0","NORMAL_CLEARING","98a01420-46c5-4106-8cb6-d098d04f8c64","","1010","",""
"1010","1010","9011421552302622","default","2026-01-08 13:32:59","","2026-01-08 13:33:14","15","0","NORMAL_CLEARING","f373ac88-934a-4db3-993d-e1c342e2e8b1","","1010","",""
"1010","1010","8011972567301988","default","2026-01-08 13:33:18","","2026-01-08 13:33:33","15","0","NORMAL_CLEARING","c363e8f8-daef-4c78-be25-13b21e9a95f4","","1010","",""
"1010","1010","8011421552302622","default","2026-01-08 13:33:18","","2026-01-08 13:33:34","16","0","NORMAL_CLEARING","bae66fe8-63e3-42e3-ac84-71da4e8f1f0d","","1010","",""
"1010","1010","8011972567301988","default","2026-01-08 13:33:19","","2026-01-08 13:33:34","15","0","NORMAL_CLEARING","4b950d30-e965-4d2d-ad01-90a1b0ce3073","","1010","",""
"1010","1010","8011421552302622","default","2026-01-08 13:33:19","","2026-01-08 13:33:34","15","0","NORMAL_CLEARING","1c5e6229-bbb8-471f-bcc4-a26603630f5c","","1010","",""
"1010","1010","8011421552302622","default","2026-01-08 13:33:20","","2026-01-08 13:33:35","15","0","NORMAL_CLEARING","ae474b23-20f9-4342-b1ac-16d7117ddcc6","","1010","",""
"1010","1010","8011972567301988","default","2026-01-08 13:33:20","","2026-01-08 13:33:35","15","0","NORMAL_CLEARING","b2ca35c5-fdca-4080-a7bf-14a15dad0798","","1010","",""
"1010","1010","8011421552302622","default","2026-01-08 13:33:21","","2026-01-08 13:33:35","14","0","NORMAL_CLEARING","ecf3e30b-6eea-433a-9055-611ca296ae35","","1010","",""
"1010","1010","8011972567301988","default","2026-01-08 13:33:21","","2026-01-08 13:33:36","15","0","NORMAL_CLEARING","e464261a-c329-4ed4-a3ae-11ba3e1e7a91","","1010","",""
"1010","1010","8011421552302622","default","2026-01-08 13:33:21","","2026-01-08 13:33:36","15","0","NORMAL_CLEARING","06f03e24-1c7e-4481-8aa4-a2fb06d9d43b","","1010","",""
"1010","1010","8011972567301988","default","2026-01-08 13:33:21","","2026-01-08 13:33:36","15","0","NORMAL_CLEARING","669d3d08-4bc0-4965-a864-1deb7380b829","","1010","",""
"1010","1010","011972567301988","default","2026-01-08 13:32:34","","2026-01-08 13:33:47","73","0","NORMAL_CLEARING","30780bed-d9fd-4d64-840c-274236ea6b35","","1010","",""
"1010","1010","011421552302622","default","2026-01-08 13:32:34","","2026-01-08 13:33:47","73","0","NORMAL_CLEARING","fad6cdfe-3a02-4d3c-84e5-4c66afb187e3","","1010","",""
"1010","1010","011421552302622","default","2026-01-08 13:32:35","","2026-01-08 13:33:48","73","0","NORMAL_CLEARING","ea1a7318-2423-4ca4-8434-69ddc3e81ba7","","1010","",""
"1010","1010","011972567301988","default","2026-01-08 13:32:35","","2026-01-08 13:33:48","73","0","NORMAL_CLEARING","8d32ea4b-e069-4a03-ba82-96dc602217d9","","1010","",""
"1010","1010","011421552302622","default","2026-01-08 13:32:35","","2026-01-08 13:33:49","74","0","NORMAL_CLEARING","d85f9aac-4957-40bb-9da0-aa80bcc32ba8","","1010","",""
"1010","1010","011972567301988","default","2026-01-08 13:32:35","","2026-01-08 13:33:49","74","0","NORMAL_CLEARING","15a3030a-351a-4e1d-a403-a97aa2d29bbc","","1010","",""
"1010","1010","011972567301988","default","2026-01-08 13:32:36","","2026-01-08 13:33:50","74","0","NORMAL_CLEARING","b8951ee5-81c9-4c56-b8c6-9ebce0465a6f","","1010","",""
"1010","1010","011421552302622","default","2026-01-08 13:32:36","","2026-01-08 13:33:50","74","0","NORMAL_CLEARING","deab7153-6002-47eb-b239-e1e379bfa778","","1010","",""
"1010","1010","011972567301988","default","2026-01-08 13:32:37","","2026-01-08 13:33:50","73","0","NORMAL_CLEARING","546e4518-6e4c-48be-afb4-d33eba70d1f9","","1010","",""
"1010","1010","011421552302622","default","2026-01-08 13:32:37","","2026-01-08 13:33:50","73","0","NORMAL_CLEARING","7bdd230a-e088-4472-86d5-ff15be2ffd56","","1010","",""
"1010","1010","7011972567301988","default","2026-01-08 13:33:40","","2026-01-08 13:33:58","18","0","NORMAL_CLEARING","0b1f853b-38af-4eb2-b758-0491683b7a6a","","1010","",""
"1010","1010","7011421552302622","default","2026-01-08 13:33:40","","2026-01-08 13:33:58","18","0","NORMAL_CLEARING","653ea567-b16d-4965-b33f-a53402411e8f","","1010","",""
"1010","1010","7011972567301988","default","2026-01-08 13:33:41","","2026-01-08 13:33:59","18","0","NORMAL_CLEARING","c2fa9b51-900d-41eb-bcf0-5af09b850d9c","","1010","",""
"1010","1010","7011421552302622","default","2026-01-08 13:33:41","","2026-01-08 13:33:59","18","0","NORMAL_CLEARING","d3118734-c00c-4ef0-84a1-96acb2e1a479","","1010","",""
"1010","1010","7011972567301988","default","2026-01-08 13:33:42","","2026-01-08 13:34:00","18","0","NORMAL_CLEARING","50591678-b068-4b6b-a04a-539b8ec01dcc","","1010","",""
"1010","1010","7011421552302622","default","2026-01-08 13:33:42","","2026-01-08 13:34:00","18","0","NORMAL_CLEARING","40dbc1c8-7d2a-42a2-972a-7e066a612a12","","1010","",""
"1010","1010","7011972567301988","default","2026-01-08 13:33:43","","2026-01-08 13:34:01","18","0","NORMAL_CLEARING","83a0e99b-856a-45fb-99a1-24a679a2851c","","1010","",""
"1010","1010","7011421552302622","default","2026-01-08 13:33:43","","2026-01-08 13:34:01","18","0","NORMAL_CLEARING","13dfa8d1-b4ad-4ed6-82cd-fbf9f0ed6722","","1010","",""
"1010","1010","7011421552302622","default","2026-01-08 13:33:43","","2026-01-08 13:34:01","18","0","NORMAL_CLEARING","6457d904-819e-41af-b95b-c83918a8fc7a","","1010","",""
"1010","1010","7011972567301988","default","2026-01-08 13:33:43","","2026-01-08 13:34:01","18","0","NORMAL_CLEARING","c8493fc0-846c-44f2-943a-795f0a00e276","","1010","",""
"1010","1010","0972567301988","default","2026-01-08 13:34:03","","2026-01-08 13:34:15","12","0","NORMAL_CLEARING","3eb01fff-3e3d-450a-8569-c1998c769a07","","1010","",""
"1010","1010","0421552302622","default","2026-01-08 13:34:03","","2026-01-08 13:34:15","12","0","NORMAL_CLEARING","1ef006e3-721f-453a-9935-4f9e5de4b7e0","","1010","",""
"1010","1010","0421552302622","default","2026-01-08 13:34:04","","2026-01-08 13:34:16","12","0","NORMAL_CLEARING","55f1036d-0038-4398-a695-d06c77e05400","","1010","",""
"1010","1010","0972567301988","default","2026-01-08 13:34:04","","2026-01-08 13:34:16","12","0","NORMAL_CLEARING","fe28050c-c80e-4d1f-a31f-f81cdc18cdce","","1010","",""
"1010","1010","0972567301988","default","2026-01-08 13:34:05","","2026-01-08 13:34:17","12","0","NORMAL_CLEARING","3d3cd391-04f3-45b6-999b-53b291cae013","","1010","",""
"1010","1010","0421552302622","default","2026-01-08 13:34:05","","2026-01-08 13:34:17","12","0","NORMAL_CLEARING","8fb0f3b0-1d27-47e0-882a-c7531fad36f0","","1010","",""
"1010","1010","0972567301988","default","2026-01-08 13:34:05","","2026-01-08 13:34:17","12","0","NORMAL_CLEARING","d2a5e4ea-c0f1-475f-9984-b19a8547d9f6","","1010","",""
"1010","1010","0421552302622","default","2026-01-08 13:34:06","","2026-01-08 13:34:18","12","0","NORMAL_CLEARING","bffa0cce-8766-4338-8f26-ea1c215af5b2","","1010","",""
"1010","1010","0421552302622","default","2026-01-08 13:34:05","","2026-01-08 13:34:18","13","0","NORMAL_CLEARING","9cbda6f6-ba48-4e43-9c26-ac26bcfda1d6","","1010","",""
"1010","1010","0972567301988","default","2026-01-08 13:34:06","","2026-01-08 13:34:18","12","0","NORMAL_CLEARING","e100d626-e865-475c-97b9-591eb9a07ab9","","1010","",""
"1010","1010","810421552302622","default","2026-01-08 13:34:25","","2026-01-08 13:34:37","12","0","UNALLOCATED_NUMBER","64e88cdb-5625-4aca-96ba-538d1551d740","","1010","",""
"1010","1010","810972567301988","default","2026-01-08 13:34:25","","2026-01-08 13:34:37","12","0","UNALLOCATED_NUMBER","990f4c56-8e47-4ad7-b8ba-6e8f924c51e1","","1010","",""
"1010","1010","810972567301988","default","2026-01-08 13:34:26","","2026-01-08 13:34:38","12","0","UNALLOCATED_NUMBER","764119bc-9091-4e38-92c7-1fa76665c96a","","1010","",""
"1010","1010","810421552302622","default","2026-01-08 13:34:26","","2026-01-08 13:34:38","12","0","UNALLOCATED_NUMBER","b3353c9b-6c47-403f-9463-79e8f4100da7","","1010","",""
"1010","1010","810972567301988","default","2026-01-08 13:34:27","","2026-01-08 13:34:39","12","0","UNALLOCATED_NUMBER","6ab39a07-ed15-4719-a9cd-44edcf8f0bb0","","1010","",""
"1010","1010","810421552302622","default","2026-01-08 13:34:27","","2026-01-08 13:34:39","12","0","UNALLOCATED_NUMBER","e2a1b573-fbe6-4405-8152-04c18eb0c8a0","","1010","",""
"1010","1010","810421552302622","default","2026-01-08 13:34:28","","2026-01-08 13:34:40","12","0","UNALLOCATED_NUMBER","95b15c29-99f5-4e27-b793-4ce4ed4bd6f5","","1010","",""
"1010","1010","810972567301988","default","2026-01-08 13:34:28","","2026-01-08 13:34:40","12","0","UNALLOCATED_NUMBER","5035ea32-b9ca-4e7b-a661-936c60447ca2","","1010","",""
"1010","1010","810421552302622","default","2026-01-08 13:34:28","","2026-01-08 13:34:40","12","0","UNALLOCATED_NUMBER","11719bb0-4d7d-44ff-a6cd-990ab4d3b369","","1010","",""
"1010","1010","810972567301988","default","2026-01-08 13:34:28","","2026-01-08 13:34:40","12","0","UNALLOCATED_NUMBER","5225580e-7cff-4d06-a6b5-b4b3e1e0befe","","1010","",""
"1010","1010","9810972567301988","default","2026-01-08 13:34:47","","2026-01-08 13:34:59","12","0","NORMAL_CLEARING","37af441a-8f7f-4831-9847-4b115ee37f82","","1010","",""
"1010","1010","9810421552302622","default","2026-01-08 13:34:47","","2026-01-08 13:34:59","12","0","NORMAL_CLEARING","84186914-2e8c-4890-9f5d-2091212ae312","","1010","",""
"1010","1010","9810972567301988","default","2026-01-08 13:34:48","","2026-01-08 13:35:00","12","0","NORMAL_CLEARING","af959159-cb90-4f1e-a34e-b76cd3ed68dc","","1010","",""
"1010","1010","9810421552302622","default","2026-01-08 13:34:48","","2026-01-08 13:35:00","12","0","NORMAL_CLEARING","3ee49949-d1ff-4af6-95db-3a984061c8b3","","1010","",""
"1010","1010","9810972567301988","default","2026-01-08 13:34:49","","2026-01-08 13:35:01","12","0","NORMAL_CLEARING","cd8e66bb-ae6f-4cf6-b9c0-7e1a45990128","","1010","",""
"1010","1010","9810421552302622","default","2026-01-08 13:34:49","","2026-01-08 13:35:01","12","0","NORMAL_CLEARING","fa1f3cbf-9d21-429f-a441-b485e7414236","","1010","",""
"1010","1010","9810972567301988","default","2026-01-08 13:34:50","","2026-01-08 13:35:02","12","0","NORMAL_CLEARING","30bb0512-b122-42ef-b734-5f211b2b6428","","1010","",""
"1010","1010","9810421552302622","default","2026-01-08 13:34:50","","2026-01-08 13:35:02","12","0","NORMAL_CLEARING","d812fb41-70a2-4674-87ce-d07e55740340","","1010","",""
"1010","1010","9810421552302622","default","2026-01-08 13:34:50","","2026-01-08 13:35:02","12","0","NORMAL_CLEARING","b05a7cbd-72f4-4b00-8e93-3f2b13205de9","","1010","",""
"1010","1010","9810972567301988","default","2026-01-08 13:34:50","","2026-01-08 13:35:02","12","0","NORMAL_CLEARING","d6595bb1-7bc5-47d8-a3f8-bc6ef8b5fa02","","1010","",""
"1010","1010","1810972567301988","default","2026-01-08 13:35:10","","2026-01-08 13:35:20","10","0","NORMAL_CLEARING","8659a803-62a8-4a7c-b6ac-09fd091591fa","","1010","",""
"1010","1010","1810421552302622","default","2026-01-08 13:35:10","","2026-01-08 13:35:21","11","0","NORMAL_CLEARING","f15f649f-ca23-4696-b500-973f44f0651d","","1010","",""
"1010","1010","1810972567301988","default","2026-01-08 13:35:10","","2026-01-08 13:35:21","11","0","NORMAL_CLEARING","44a99f9e-9119-4f58-ac68-b4a998843a0c","","1010","",""
"1010","1010","1810421552302622","default","2026-01-08 13:35:10","","2026-01-08 13:35:21","11","0","NORMAL_CLEARING","567d76c6-4692-42e9-b9cb-0e493d6ae4f4","","1010","",""
"1010","1010","1810421552302622","default","2026-01-08 13:35:12","","2026-01-08 13:35:22","10","0","NORMAL_CLEARING","f09a53ce-ed8a-48b1-ae0a-4d8134fa09a3","","1010","",""
"1010","1010","1810972567301988","default","2026-01-08 13:35:12","","2026-01-08 13:35:23","11","0","NORMAL_CLEARING","2f231b8d-4936-4fc3-99fc-6aad459a3581","","1010","",""
"1010","1010","1810972567301988","default","2026-01-08 13:35:12","","2026-01-08 13:35:23","11","0","NORMAL_CLEARING","00ae6c6c-aa0e-424e-a9e7-4e0e6a1def10","","1010","",""
"1010","1010","1810421552302622","default","2026-01-08 13:35:12","","2026-01-08 13:35:23","11","0","NORMAL_CLEARING","de76d3ba-ff66-4242-b8dc-1ba2050ff3be","","1010","",""
"1010","1010","1810421552302622","default","2026-01-08 13:35:12","","2026-01-08 13:35:23","11","0","NORMAL_CLEARING","e7173f20-a6ee-4ead-a5af-732b7d40d97d","","1010","",""
"1010","1010","1810972567301988","default","2026-01-08 13:35:12","","2026-01-08 13:35:23","11","0","NORMAL_CLEARING","d63f856b-42ca-493f-b5fb-d9b341cf588a","","1010","",""
"1010","1010","800972567301988","default","2026-01-08 13:35:32","","2026-01-08 13:35:47","15","0","UNALLOCATED_NUMBER","fe6b9af8-3c8e-45b5-82c1-3fdea3274eb9","","1010","",""
"1010","1010","800421552302622","default","2026-01-08 13:35:32","","2026-01-08 13:35:48","16","0","UNALLOCATED_NUMBER","33963c78-a053-41f0-8f71-c54c12b2f495","","1010","",""
"1010","1010","800421552302622","default","2026-01-08 13:35:32","","2026-01-08 13:35:48","16","0","UNALLOCATED_NUMBER","acba7c8c-647d-4bad-a3eb-4575c1c9d5dc","","1010","",""
"1010","1010","800972567301988","default","2026-01-08 13:35:32","","2026-01-08 13:35:49","17","0","UNALLOCATED_NUMBER","60595e3e-17aa-46b3-9e64-381028a8b5da","","1010","",""
"1010","1010","800972567301988","default","2026-01-08 13:35:34","","2026-01-08 13:35:50","16","0","UNALLOCATED_NUMBER","eb2eb597-b95d-4473-b6b6-982eda473509","","1010","",""
"1010","1010","800421552302622","default","2026-01-08 13:35:34","","2026-01-08 13:35:50","16","0","UNALLOCATED_NUMBER","1a5f4608-ec62-416e-909a-eb59cd2bf733","","1010","",""
"1010","1010","800421552302622","default","2026-01-08 13:35:34","","2026-01-08 13:35:51","17","0","UNALLOCATED_NUMBER","1c88a725-0cb0-4cab-9902-0ccc7036e406","","1010","",""
"1010","1010","800421552302622","default","2026-01-08 13:35:34","","2026-01-08 13:35:51","17","0","UNALLOCATED_NUMBER","17b9c79f-e5c8-48f6-92c4-d4a3ca1dd600","","1010","",""
"1010","1010","800972567301988","default","2026-01-08 13:35:34","","2026-01-08 13:35:51","17","0","UNALLOCATED_NUMBER","83014cbb-58d4-4db5-9863-823c50109703","","1010","",""
"1010","1010","800972567301988","default","2026-01-08 13:35:34","","2026-01-08 13:35:51","17","0","UNALLOCATED_NUMBER","2616e7bf-5cbb-4253-8533-6adb76cf2c9e","","1010","",""
"1010","1010","700972567301988","default","2026-01-08 13:35:54","","2026-01-08 13:36:11","17","0","UNALLOCATED_NUMBER","e11810da-87b5-45af-ab75-443e2c28a909","","1010","",""
"1010","1010","700421552302622","default","2026-01-08 13:35:54","","2026-01-08 13:36:11","17","0","UNALLOCATED_NUMBER","92c3c68d-0135-4148-bcc1-c436b0bdda8f","","1010","",""
"1010","1010","700972567301988","default","2026-01-08 13:35:55","","2026-01-08 13:36:12","17","0","UNALLOCATED_NUMBER","66fdeb95-ee9e-48a0-8aa9-d50903143622","","1010","",""
"1010","1010","700421552302622","default","2026-01-08 13:35:55","","2026-01-08 13:36:12","17","0","UNALLOCATED_NUMBER","bd38e0e9-6c45-41ff-bb89-ecf919a6eff8","","1010","",""
"1010","1010","700421552302622","default","2026-01-08 13:35:55","","2026-01-08 13:36:12","17","0","UNALLOCATED_NUMBER","eceb0c2d-5560-42d8-8663-1eb1558eb71d","","1010","",""
"1010","1010","700972567301988","default","2026-01-08 13:35:55","","2026-01-08 13:36:12","17","0","UNALLOCATED_NUMBER","739656ca-03e4-4ebb-8f54-0906e2726168","","1010","",""
"1010","1010","700421552302622","default","2026-01-08 13:35:57","","2026-01-08 13:36:13","16","0","UNALLOCATED_NUMBER","9cb64ed4-beb6-4392-8316-3bdeb8e1c900","","1010","",""
"1010","1010","700421552302622","default","2026-01-08 13:35:57","","2026-01-08 13:36:13","16","0","UNALLOCATED_NUMBER","a34bad0f-0675-4406-9868-c65a1ffb3bd5","","1010","",""
"1010","1010","700972567301988","default","2026-01-08 13:35:57","","2026-01-08 13:36:13","16","0","UNALLOCATED_NUMBER","b00f141d-2615-4a32-b1c9-c62fcff46b64","","1010","",""
"1010","1010","700972567301988","default","2026-01-08 13:35:57","","2026-01-08 13:36:14","17","0","UNALLOCATED_NUMBER","05c68a91-ffa2-4d96-a038-4c066f8b9d76","","1010","",""
"1010","1010","001972567301988","default","2026-01-08 13:36:17","","2026-01-08 13:36:31","14","0","NORMAL_CLEARING","64f2252f-80fc-4884-bb71-5f33bdc2bbf0","","1010","",""
"1010","1010","001421552302622","default","2026-01-08 13:36:17","","2026-01-08 13:36:32","15","0","NORMAL_CLEARING","f6a01594-eddf-4f9c-812c-04f9117990dc","","1010","",""
"1010","1010","001421552302622","default","2026-01-08 13:36:17","","2026-01-08 13:36:32","15","0","NORMAL_CLEARING","0a09b233-a82b-4dea-a821-07309d5b4803","","1010","",""
"1010","1010","001972567301988","default","2026-01-08 13:36:17","","2026-01-08 13:36:32","15","0","NORMAL_CLEARING","420bf3cd-b4cc-4c87-b34b-c1038fb38c0b","","1010","",""
"1010","1010","001421552302622","default","2026-01-08 13:36:17","","2026-01-08 13:36:32","15","0","NORMAL_CLEARING","9203a76f-0708-4780-bd65-9255103b6a43","","1010","",""
"1010","1010","001972567301988","default","2026-01-08 13:36:17","","2026-01-08 13:36:32","15","0","NORMAL_CLEARING","3b952af6-bc7e-4b09-ae8c-a06296863426","","1010","",""
"1010","1010","001421552302622","default","2026-01-08 13:36:19","","2026-01-08 13:36:34","15","0","NORMAL_CLEARING","960c198e-6051-4e18-ab2b-9cf1ce20263f","","1010","",""
"1010","1010","001421552302622","default","2026-01-08 13:36:19","","2026-01-08 13:36:34","15","0","NORMAL_CLEARING","8784aba7-c078-434f-85cc-0c6683551d46","","1010","",""
"1010","1010","001972567301988","default","2026-01-08 13:36:19","","2026-01-08 13:36:34","15","0","NORMAL_CLEARING","d8dff555-aa7f-4a5f-952b-6b0b858799f9","","1010","",""
"1010","1010","001972567301988","default","2026-01-08 13:36:19","","2026-01-08 13:36:34","15","0","NORMAL_CLEARING","57a2347a-d74c-4f96-bf64-ceaf6c21be3f","","1010","",""
"1010","1010","010972567301988","default","2026-01-08 13:36:37","","2026-01-08 13:36:52","15","0","NORMAL_CLEARING","eb5dadd1-8e68-4987-a1f4-c3f456e91449","","1010","",""
"1010","1010","010421552302622","default","2026-01-08 13:36:37","","2026-01-08 13:36:52","15","0","NORMAL_CLEARING","e2b43461-192c-43af-b7e7-a56f3cfdbb83","","1010","",""
"1010","1010","010972567301988","default","2026-01-08 13:36:39","","2026-01-08 13:36:53","14","0","NORMAL_CLEARING","7bdfbf5f-84ab-437c-b742-2dfce9d66113","","1010","",""
"1010","1010","010421552302622","default","2026-01-08 13:36:39","","2026-01-08 13:36:53","14","0","NORMAL_CLEARING","69b0a12a-6001-4fda-9b96-b53cfd522437","","1010","",""
"1010","1010","010972567301988","default","2026-01-08 13:36:39","","2026-01-08 13:36:53","14","0","NORMAL_CLEARING","a7efc466-6c65-4341-9b2a-2ac7c1ae2376","","1010","",""
"1010","1010","010421552302622","default","2026-01-08 13:36:39","","2026-01-08 13:36:53","14","0","NORMAL_CLEARING","3f1cb821-4e54-42e7-8144-e83959e28b1f","","1010","",""
"1010","1010","010972567301988","default","2026-01-08 13:36:40","","2026-01-08 13:36:55","15","0","NORMAL_CLEARING","786e414a-589f-411c-a686-bf1d7bb692d1","","1010","",""
"1010","1010","010421552302622","default","2026-01-08 13:36:40","","2026-01-08 13:36:55","15","0","NORMAL_CLEARING","3c29e33d-912f-4941-be76-2f7e517547b9","","1010","",""
"1010","1010","010972567301988","default","2026-01-08 13:36:40","","2026-01-08 13:36:55","15","0","NORMAL_CLEARING","241a26f5-db63-491e-a3a2-d8948e543377","","1010","",""
"1010","1010","010421552302622","default","2026-01-08 13:36:40","","2026-01-08 13:36:55","15","0","NORMAL_CLEARING","d816768d-e3c5-40dd-ad8d-f3dbd9f2f1ae","","1010","",""
"1010","1010","002972567301988","default","2026-01-08 13:37:00","","2026-01-08 13:37:15","15","0","NORMAL_CLEARING","961fd555-91d2-4b52-9369-75e45818b2ef","","1010","",""
"1010","1010","002421552302622","default","2026-01-08 13:37:00","","2026-01-08 13:37:15","15","0","NORMAL_CLEARING","acba92f5-3ca1-422b-965c-4634c812b927","","1010","",""
"1010","1010","002421552302622","default","2026-01-08 13:37:01","","2026-01-08 13:37:16","15","0","NORMAL_CLEARING","99224df0-44e7-472e-8c96-6add04ad16e6","","1010","",""
"1010","1010","002421552302622","default","2026-01-08 13:37:01","","2026-01-08 13:37:17","16","0","NORMAL_CLEARING","00e58e80-810f-4a5e-994a-3c682b09e194","","1010","",""
"1010","1010","002972567301988","default","2026-01-08 13:37:01","","2026-01-08 13:37:17","16","0","NORMAL_CLEARING","04835872-240d-445b-a9e8-eb54d1d916ba","","1010","",""
"1010","1010","002972567301988","default","2026-01-08 13:37:01","","2026-01-08 13:37:17","16","0","NORMAL_CLEARING","708fb24e-a133-4773-8daf-7caaaafb19ec","","1010","",""
"1010","1010","002421552302622","default","2026-01-08 13:37:03","","2026-01-08 13:37:18","15","0","NORMAL_CLEARING","f073fa9c-3d04-4365-bd45-a66ef90ffda7","","1010","",""
"1010","1010","002972567301988","default","2026-01-08 13:37:03","","2026-01-08 13:37:18","15","0","NORMAL_CLEARING","4e04ee7f-579b-4109-8f5f-ca46f6355e0e","","1010","",""
"1010","1010","002972567301988","default","2026-01-08 13:37:03","","2026-01-08 13:37:18","15","0","NORMAL_CLEARING","0d031d8e-9508-44cd-8386-7be1c572fe21","","1010","",""
"1010","1010","002421552302622","default","2026-01-08 13:37:03","","2026-01-08 13:37:19","16","0","NORMAL_CLEARING","1a30cd44-29f3-419e-9210-45ac4d4c164c","","1010","",""
"1010","1010","8~10421552302622","default","2026-01-08 13:37:22","","2026-01-08 13:37:39","17","0","NORMAL_CLEARING","6e3a7abe-f021-4a6d-969d-8690fe8b395c","","1010","",""
"1010","1010","8~10972567301988","default","2026-01-08 13:37:22","","2026-01-08 13:37:39","17","0","NORMAL_CLEARING","ac0bb26d-6c5c-4a9f-9f8d-573ed9b8ffc3","","1010","",""
"1010","1010","8~10421552302622","default","2026-01-08 13:37:23","","2026-01-08 13:37:40","17","0","NORMAL_CLEARING","97d890db-e88d-4572-82d3-9ab719b2fef8","","1010","",""
"1010","1010","8~10972567301988","default","2026-01-08 13:37:23","","2026-01-08 13:37:40","17","0","NORMAL_CLEARING","b40dd5c9-6971-4284-94e0-2f7c3a9355f7","","1010","",""
"1010","1010","8~10972567301988","default","2026-01-08 13:37:24","","2026-01-08 13:37:40","16","0","NORMAL_CLEARING","2378eb7d-c575-46a4-a75f-26922a642410","","1010","",""
"1010","1010","8~10421552302622","default","2026-01-08 13:37:24","","2026-01-08 13:37:40","16","0","NORMAL_CLEARING","6da4c053-5c53-4ad9-8df0-3617a0340ce8","","1010","",""
"1010","1010","8~10972567301988","default","2026-01-08 13:37:25","","2026-01-08 13:37:42","17","0","NORMAL_CLEARING","5a34dd5b-4922-4683-ba5f-e1616c66aeac","","1010","",""
"1010","1010","8~10421552302622","default","2026-01-08 13:37:25","","2026-01-08 13:37:42","17","0","NORMAL_CLEARING","fc65c067-7116-4c08-99a0-c749d2692b11","","1010","",""
"1010","1010","8~10972567301988","default","2026-01-08 13:37:25","","2026-01-08 13:37:42","17","0","NORMAL_CLEARING","2eace777-54ff-4a02-800d-7596daa2db7f","","1010","",""
"1010","1010","8~10421552302622","default","2026-01-08 13:37:25","","2026-01-08 13:37:42","17","0","NORMAL_CLEARING","4ca9bd10-ad46-4013-83f2-df3a0b38af7b","","1010","",""
"1010","1010","0.0-972567301988","default","2026-01-08 13:37:45","","2026-01-08 13:37:59","14","0","NORMAL_CLEARING","f4e5ccac-5a6d-4ce0-9555-3f7e7969cf37","","1010","",""
"1010","1010","0.0-421552302622","default","2026-01-08 13:37:45","","2026-01-08 13:37:59","14","0","NORMAL_CLEARING","607f996b-26de-4cd7-9ae1-2a5a6617cfc9","","1010","",""
"1010","1010","0.0-972567301988","default","2026-01-08 13:37:46","","2026-01-08 13:37:59","13","0","NORMAL_CLEARING","c9aff151-28d1-4300-8df6-e32962fb7679","","1010","",""
"1010","1010","0.0-421552302622","default","2026-01-08 13:37:46","","2026-01-08 13:38:00","14","0","NORMAL_CLEARING","bd402725-4718-4370-ac52-488b545a1953","","1010","",""
"1010","1010","0.0-972567301988","default","2026-01-08 13:37:46","","2026-01-08 13:38:00","14","0","NORMAL_CLEARING","08f4ddd6-d25b-47a4-921a-0946576caa8b","","1010","",""
"1010","1010","0.0-421552302622","default","2026-01-08 13:37:46","","2026-01-08 13:38:00","14","0","NORMAL_CLEARING","6adac5a9-2c15-4b31-a1df-74b73e8431cd","","1010","",""
"1010","1010","0.0-972567301988","default","2026-01-08 13:37:48","","2026-01-08 13:38:01","13","0","NORMAL_CLEARING","502f38af-76d2-4432-9ed2-1b6075e76050","","1010","",""
"1010","1010","0.0-972567301988","default","2026-01-08 13:37:48","","2026-01-08 13:38:01","13","0","NORMAL_CLEARING","e0106474-f57d-46bc-b943-90b4cb766d62","","1010","",""
"1010","1010","0.0-421552302622","default","2026-01-08 13:37:48","","2026-01-08 13:38:01","13","0","NORMAL_CLEARING","a8a0d061-6cc2-4f78-90af-cc0c3c8f1665","","1010","",""
"1010","1010","0.0-421552302622","default","2026-01-08 13:37:48","","2026-01-08 13:38:02","14","0","NORMAL_CLEARING","f9c9a1c8-1084-4f4d-a2f2-1cfc1528cda1","","1010","",""
"1010","1010","0.0.972567301988","default","2026-01-08 13:38:07","","2026-01-08 13:38:19","12","0","NORMAL_CLEARING","2813cad5-ca26-4125-87aa-743e311a12bd","","1010","",""
"1010","1010","0.0.421552302622","default","2026-01-08 13:38:07","","2026-01-08 13:38:19","12","0","NORMAL_CLEARING","bf895e06-e46c-4790-b3a4-81310fbfe6a1","","1010","",""
"1010","1010","0.0.421552302622","default","2026-01-08 13:38:08","","2026-01-08 13:38:20","12","0","NORMAL_CLEARING","07db5035-9d6c-40a9-8992-541d1c176bfe","","1010","",""
"1010","1010","0.0.972567301988","default","2026-01-08 13:38:08","","2026-01-08 13:38:20","12","0","NORMAL_CLEARING","5abf318d-b2fa-49cb-bb47-5218dbc9fc5a","","1010","",""
"1010","1010","0.0.972567301988","default","2026-01-08 13:38:08","","2026-01-08 13:38:20","12","0","NORMAL_CLEARING","5f7e41e0-2f18-4d14-944b-1babcd168054","","1010","",""
"1010","1010","0.0.421552302622","default","2026-01-08 13:38:08","","2026-01-08 13:38:20","12","0","NORMAL_CLEARING","a5f33263-007f-4b57-aa40-65cd555df63c","","1010","",""
"1010","1010","0.0.972567301988","default","2026-01-08 13:38:10","","2026-01-08 13:38:21","11","0","NORMAL_CLEARING","a7083bbc-4ce7-4550-bfcf-87d62fd22514","","1010","",""
"1010","1010","0.0.972567301988","default","2026-01-08 13:38:10","","2026-01-08 13:38:21","11","0","NORMAL_CLEARING","a851f0c4-3a82-4a95-af98-bab7100828b9","","1010","",""
"1010","1010","0.0.421552302622","default","2026-01-08 13:38:10","","2026-01-08 13:38:21","11","0","NORMAL_CLEARING","cc320a22-e985-479f-98fa-7c0320f0ea73","","1010","",""
"1010","1010","0.0.421552302622","default","2026-01-08 13:38:10","","2026-01-08 13:38:22","12","0","NORMAL_CLEARING","0339acb7-fb4e-4cc9-b251-ec8fec43f2f3","","1010","",""
"1010","1010","-00421552302622","default","2026-01-08 13:38:29","","2026-01-08 13:38:41","12","0","NORMAL_CLEARING","b3197585-4581-4d19-bea6-3523cc9d24dd","","1010","",""
"1010","1010","-00972567301988","default","2026-01-08 13:38:29","","2026-01-08 13:38:42","13","0","NORMAL_CLEARING","a4b1fdbf-1cda-4792-b443-650038d0ac1d","","1010","",""
"1010","1010","-00972567301988","default","2026-01-08 13:38:30","","2026-01-08 13:38:42","12","0","NORMAL_CLEARING","ca5c2a52-d25d-4d3c-8c20-783d6de11c71","","1010","",""
"1010","1010","-00421552302622","default","2026-01-08 13:38:30","","2026-01-08 13:38:43","13","0","NORMAL_CLEARING","315a1ada-8caf-403f-b03b-b4e3ef7e6081","","1010","",""
"1010","1010","-00972567301988","default","2026-01-08 13:38:31","","2026-01-08 13:38:43","12","0","NORMAL_CLEARING","cfaa0fe0-0325-48bb-8052-9895c522c5a7","","1010","",""
"1010","1010","-00421552302622","default","2026-01-08 13:38:31","","2026-01-08 13:38:43","12","0","NORMAL_CLEARING","afc28dcb-cea2-4418-b0f0-5bd9ed3cc1f8","","1010","",""
"1010","1010","-00421552302622","default","2026-01-08 13:38:32","","2026-01-08 13:38:44","12","0","NORMAL_CLEARING","e3b9edaf-4429-4fd2-92e7-0ac8fc4d0742","","1010","",""
"1010","1010","-00972567301988","default","2026-01-08 13:38:32","","2026-01-08 13:38:44","12","0","NORMAL_CLEARING","cf07b6a7-ff4e-4ad6-8594-7dcc83a6aad4","","1010","",""
"1010","1010","-00972567301988","default","2026-01-08 13:38:32","","2026-01-08 13:38:44","12","0","NORMAL_CLEARING","bf2e4165-aa9e-4c37-a5ed-2c853e916a1d","","1010","",""
"1010","1010","-00421552302622","default","2026-01-08 13:38:32","","2026-01-08 13:38:45","13","0","NORMAL_CLEARING","fc991906-1251-4d58-907a-9f13b616bf0e","","1010","",""
"1010","1010","90900421552302622","default","2026-01-08 13:38:51","","2026-01-08 13:39:04","13","0","NORMAL_CLEARING","36b166a0-f56e-412a-b345-d7c96b4460f1","","1010","",""
"1010","1010","90900972567301988","default","2026-01-08 13:38:51","","2026-01-08 13:39:04","13","0","NORMAL_CLEARING","4e5b8347-a17c-40f1-9c3a-a23e0dea3138","","1010","",""
"1010","1010","90900972567301988","default","2026-01-08 13:38:52","","2026-01-08 13:39:05","13","0","NORMAL_CLEARING","6f37da41-aac1-4a92-aa72-edfa4c228747","","1010","",""
"1010","1010","90900421552302622","default","2026-01-08 13:38:52","","2026-01-08 13:39:05","13","0","NORMAL_CLEARING","8ba11ac2-ed68-4ef8-b79c-5962ef3f7839","","1010","",""
"1010","1010","90900972567301988","default","2026-01-08 13:38:53","","2026-01-08 13:39:05","12","0","NORMAL_CLEARING","6fa1028a-0efd-4481-aedb-9660d06ca3ba","","1010","",""
"1010","1010","90900421552302622","default","2026-01-08 13:38:53","","2026-01-08 13:39:05","12","0","NORMAL_CLEARING","bb317378-3cb6-4c8a-a3d5-90e4ab30c505","","1010","",""
"1010","1010","90900421552302622","default","2026-01-08 13:38:54","","2026-01-08 13:39:06","12","0","NORMAL_CLEARING","d9dd175d-21c6-4e40-bcd1-1ff5979106c0","","1010","",""
"1010","1010","90900972567301988","default","2026-01-08 13:38:54","","2026-01-08 13:39:06","12","0","NORMAL_CLEARING","3a30eb89-75fc-41c5-bd43-ca477958b4e5","","1010","",""
"1010","1010","90900421552302622","default","2026-01-08 13:38:54","","2026-01-08 13:39:06","12","0","NORMAL_CLEARING","f5cdf247-079f-47b0-9abb-a5301bdc0b48","","1010","",""
"1010","1010","90900972567301988","default","2026-01-08 13:38:54","","2026-01-08 13:39:07","13","0","NORMAL_CLEARING","acdb862f-bf72-45a1-8ef1-69b55dcf44e6","","1010","",""
"1010","1010","909000421552302622","default","2026-01-08 13:39:14","","2026-01-08 13:39:26","12","0","NORMAL_CLEARING","f57ef435-ee3f-43ff-af32-f93edbe76dbe","","1010","",""
"1010","1010","909000972567301988","default","2026-01-08 13:39:14","","2026-01-08 13:39:26","12","0","NORMAL_CLEARING","9b139ffb-2704-4599-bd64-730eb12b2f66","","1010","",""
"1010","1010","909000972567301988","default","2026-01-08 13:39:15","","2026-01-08 13:39:27","12","0","NORMAL_CLEARING","572cb43a-0e6d-427b-89ec-b0ce9b9097d9","","1010","",""
"1010","1010","909000421552302622","default","2026-01-08 13:39:15","","2026-01-08 13:39:27","12","0","NORMAL_CLEARING","4ae1cf95-ce61-44b4-a4c1-f2c6eacbe0ef","","1010","",""
"1010","1010","909000421552302622","default","2026-01-08 13:39:15","","2026-01-08 13:39:28","13","0","NORMAL_CLEARING","ca0e08ce-4b39-4b16-af0d-ad5ece586a69","","1010","",""
"1010","1010","909000972567301988","default","2026-01-08 13:39:15","","2026-01-08 13:39:28","13","0","NORMAL_CLEARING","d703f15a-a998-4684-ae69-c725bb070ee1","","1010","",""
"1010","1010","909000421552302622","default","2026-01-08 13:39:16","","2026-01-08 13:39:29","13","0","NORMAL_CLEARING","d958e148-9d2d-409a-bd0f-f7228318af02","","1010","",""
"1010","1010","909000972567301988","default","2026-01-08 13:39:16","","2026-01-08 13:39:29","13","0","NORMAL_CLEARING","4fc65b00-2dad-4329-98bf-0275cda47a1a","","1010","",""
"1010","1010","909000972567301988","default","2026-01-08 13:39:17","","2026-01-08 13:39:29","12","0","NORMAL_CLEARING","9888f962-e458-45eb-b643-f6b13642cece","","1010","",""
"1010","1010","909000421552302622","default","2026-01-08 13:39:17","","2026-01-08 13:39:29","12","0","NORMAL_CLEARING","b9f206b1-281b-4f65-9a55-2d5b93709c98","","1010","",""
"1010","1010","00000421552302622","default","2026-01-08 13:39:36","","2026-01-08 13:39:49","13","0","NORMAL_CLEARING","c3ff384e-9a7d-432f-a7d9-366bb012ffdc","","1010","",""
"1010","1010","00000972567301988","default","2026-01-08 13:39:36","","2026-01-08 13:39:49","13","0","NORMAL_CLEARING","37a8935b-de2f-4bf5-ab43-9faa1fe02cae","","1010","",""
"1010","1010","00000421552302622","default","2026-01-08 13:39:37","","2026-01-08 13:39:50","13","0","NORMAL_CLEARING","c3134e28-27b6-4539-989a-9061f6194c17","","1010","",""
"1010","1010","00000972567301988","default","2026-01-08 13:39:37","","2026-01-08 13:39:50","13","0","NORMAL_CLEARING","e162c5c2-1d91-47cd-a278-5dc834104e59","","1010","",""
"1010","1010","00000972567301988","default","2026-01-08 13:39:37","","2026-01-08 13:39:50","13","0","NORMAL_CLEARING","44e64b39-379d-4c19-8e3d-6aa4c7898cdd","","1010","",""
"1010","1010","00000421552302622","default","2026-01-08 13:39:37","","2026-01-08 13:39:50","13","0","NORMAL_CLEARING","a359108c-762b-41b7-a16d-1a568a127218","","1010","",""
"1010","1010","00000421552302622","default","2026-01-08 13:39:38","","2026-01-08 13:39:51","13","0","NORMAL_CLEARING","d041fb36-07ce-449c-95f6-104f30206d67","","1010","",""
"1010","1010","00000972567301988","default","2026-01-08 13:39:38","","2026-01-08 13:39:51","13","0","NORMAL_CLEARING","038ed06a-d6be-4b26-ad04-c085b5ac28e8","","1010","",""
"1010","1010","00000421552302622","default","2026-01-08 13:39:39","","2026-01-08 13:39:51","12","0","NORMAL_CLEARING","96e794d9-5523-4e2f-8302-742276c4fc6b","","1010","",""
"1010","1010","00000972567301988","default","2026-01-08 13:39:39","","2026-01-08 13:39:52","13","0","NORMAL_CLEARING","038ad1e9-316d-42e9-adaf-a3295b044539","","1010","",""
"1010","1010","0190421552302622","default","2026-01-08 13:39:58","","2026-01-08 13:40:11","13","0","NORMAL_CLEARING","3bf25974-04b1-4f24-95d2-7c3afcc127dc","","1010","",""
"1010","1010","0190972567301988","default","2026-01-08 13:39:58","","2026-01-08 13:40:12","14","0","NORMAL_CLEARING","3564aec0-dfa8-434b-8f48-192ffcb4a2b8","","1010","",""
"1010","1010","0190972567301988","default","2026-01-08 13:39:59","","2026-01-08 13:40:13","14","0","NORMAL_CLEARING","9618412b-6b0c-499f-80c5-f1950e9d1a22","","1010","",""
"1010","1010","0190421552302622","default","2026-01-08 13:39:59","","2026-01-08 13:40:13","14","0","NORMAL_CLEARING","4c102a8b-d0ca-4962-a230-6cc516013ff3","","1010","",""
"1010","1010","0190972567301988","default","2026-01-08 13:40:00","","2026-01-08 13:40:13","13","0","NORMAL_CLEARING","b96a9965-7345-4c28-ab85-029813ecf524","","1010","",""
"1010","1010","0190421552302622","default","2026-01-08 13:40:00","","2026-01-08 13:40:13","13","0","NORMAL_CLEARING","313cfd82-4b8b-45a9-9ac1-6e6e355445c9","","1010","",""
"1010","1010","0190421552302622","default","2026-01-08 13:40:01","","2026-01-08 13:40:14","13","0","NORMAL_CLEARING","400cbd2f-8173-472f-8696-db7fd3571d13","","1010","",""
"1010","1010","0190421552302622","default","2026-01-08 13:40:01","","2026-01-08 13:40:15","14","0","NORMAL_CLEARING","aa2c8278-b992-4ba5-8d81-441ea98c6c2b","","1010","",""
"1010","1010","0190972567301988","default","2026-01-08 13:40:01","","2026-01-08 13:40:15","14","0","NORMAL_CLEARING","4e86c0cd-6901-45b3-bf92-e42be65b6773","","1010","",""
"1010","1010","0190972567301988","default","2026-01-08 13:40:01","","2026-01-08 13:40:15","14","0","NORMAL_CLEARING","871b11e8-85e8-465b-a35a-ac8b3a419889","","1010","",""
"1010","1010","01200972567301988","default","2026-01-08 13:40:21","","2026-01-08 13:40:33","12","0","NORMAL_CLEARING","e5d53c1f-2414-46c3-8b54-ff2f47dd931d","","1010","",""
"1010","1010","01200421552302622","default","2026-01-08 13:40:21","","2026-01-08 13:40:33","12","0","NORMAL_CLEARING","87cdfd8e-eb0f-4074-8e0b-ed0fe66bdf1d","","1010","",""
"1010","1010","01200421552302622","default","2026-01-08 13:40:22","","2026-01-08 13:40:34","12","0","NORMAL_CLEARING","1d9de5db-f122-4847-9277-d5b5e9172514","","1010","",""
"1010","1010","01200972567301988","default","2026-01-08 13:40:22","","2026-01-08 13:40:34","12","0","NORMAL_CLEARING","6425639c-df41-44b5-b2ca-87d84f78b688","","1010","",""
"1010","1010","01200421552302622","default","2026-01-08 13:40:23","","2026-01-08 13:40:35","12","0","NORMAL_CLEARING","e21a304d-94b1-4781-86e4-609e478abb30","","1010","",""
"1010","1010","01200972567301988","default","2026-01-08 13:40:23","","2026-01-08 13:40:35","12","0","NORMAL_CLEARING","d41f6656-1c98-468e-bc87-989c0673c82f","","1010","",""
"1010","1010","01200421552302622","default","2026-01-08 13:40:23","","2026-01-08 13:40:35","12","0","NORMAL_CLEARING","b0ddfdcc-1129-4231-8a13-a17f3c2ee901","","1010","",""
"1010","1010","01200972567301988","default","2026-01-08 13:40:23","","2026-01-08 13:40:36","13","0","NORMAL_CLEARING","34218bec-d36a-4cca-8904-c83a71003e14","","1010","",""
"1010","1010","01200421552302622","default","2026-01-08 13:40:24","","2026-01-08 13:40:37","13","0","NORMAL_CLEARING","d139fcb1-b94e-4e1d-a2eb-82da86bcbf6c","","1010","",""
"1010","1010","01200972567301988","default","2026-01-08 13:40:24","","2026-01-08 13:40:37","13","0","NORMAL_CLEARING","3163a33c-11dd-46c0-961c-19ede6fe07cc","","1010","",""
"1010","1010","10700421552302622","default","2026-01-08 13:40:43","","2026-01-08 13:40:55","12","0","NORMAL_CLEARING","d9b51f08-d9d3-48f6-a47b-76c5cd478969","","1010","",""
"1010","1010","10700972567301988","default","2026-01-08 13:40:43","","2026-01-08 13:40:55","12","0","NORMAL_CLEARING","9c8dde7c-9cef-4a82-abf4-2d286f8a7500","","1010","",""
"1010","1010","10700421552302622","default","2026-01-08 13:40:44","","2026-01-08 13:40:56","12","0","NORMAL_CLEARING","3ad96c48-151b-4eb5-b4c3-4ba96a2f1f5c","","1010","",""
"1010","1010","10700972567301988","default","2026-01-08 13:40:44","","2026-01-08 13:40:56","12","0","NORMAL_CLEARING","79387355-573c-4b60-aeb3-8bc25ad93b9e","","1010","",""
"1010","1010","10700972567301988","default","2026-01-08 13:40:45","","2026-01-08 13:40:57","12","0","NORMAL_CLEARING","9016b045-8bb8-4ece-93d2-7fab8e4444ce","","1010","",""
"1010","1010","10700421552302622","default","2026-01-08 13:40:45","","2026-01-08 13:40:57","12","0","NORMAL_CLEARING","7c1da816-cc83-4b37-9824-a2a944ac36ed","","1010","",""
"1010","1010","10700421552302622","default","2026-01-08 13:40:45","","2026-01-08 13:40:57","12","0","NORMAL_CLEARING","f42c3a63-21a1-4100-879f-6033799e4025","","1010","",""
"1010","1010","10700972567301988","default","2026-01-08 13:40:45","","2026-01-08 13:40:58","13","0","NORMAL_CLEARING","8272f8a3-3bf3-4d77-a185-4cf3921ca067","","1010","",""
"1010","1010","10700421552302622","default","2026-01-08 13:40:46","","2026-01-08 13:40:59","13","0","NORMAL_CLEARING","aa06a16b-6189-4f3e-be8e-4d14dff1d855","","1010","",""
"1010","1010","10700972567301988","default","2026-01-08 13:40:46","","2026-01-08 13:40:59","13","0","NORMAL_CLEARING","99916ab4-e360-466b-af70-699518c8eab0","","1010","",""
"1010","1010","00414972567301988","default","2026-01-08 13:41:05","","2026-01-08 13:41:18","13","0","NORMAL_CLEARING","a92a2af4-c6e3-429a-80c6-8966ca50b5de","","1010","",""
"1010","1010","00414421552302622","default","2026-01-08 13:41:05","","2026-01-08 13:41:18","13","0","NORMAL_CLEARING","1d09c297-5361-4a98-b2e6-136897314d8f","","1010","",""
"1010","1010","00414972567301988","default","2026-01-08 13:41:06","","2026-01-08 13:41:19","13","0","NORMAL_CLEARING","d3ed1242-0e7e-4bf5-9e2b-fb984fc42ce4","","1010","",""
"1010","1010","00414421552302622","default","2026-01-08 13:41:06","","2026-01-08 13:41:19","13","0","NORMAL_CLEARING","d0542b31-e45e-4325-a446-6d82e7aefd1f","","1010","",""
"1010","1010","00414972567301988","default","2026-01-08 13:41:07","","2026-01-08 13:41:20","13","0","NORMAL_CLEARING","982a01dd-0705-4e19-9ded-d3baa0daf2a4","","1010","",""
"1010","1010","00414421552302622","default","2026-01-08 13:41:07","","2026-01-08 13:41:20","13","0","NORMAL_CLEARING","fd495ff1-dd97-4b2f-a8b5-2b3357dbdd9d","","1010","",""
"1010","1010","00414421552302622","default","2026-01-08 13:41:08","","2026-01-08 13:41:20","12","0","NORMAL_CLEARING","3773087c-37ca-413e-8a43-613678578441","","1010","",""
"1010","1010","00414972567301988","default","2026-01-08 13:41:08","","2026-01-08 13:41:20","12","0","NORMAL_CLEARING","1c7fab74-825d-4069-811f-d52dae43a852","","1010","",""
"1010","1010","00414972567301988","default","2026-01-08 13:41:08","","2026-01-08 13:41:21","13","0","NORMAL_CLEARING","a210bfaf-4e54-4d3c-a9ef-67a0f6a4a481","","1010","",""
"1010","1010","00414421552302622","default","2026-01-08 13:41:08","","2026-01-08 13:41:21","13","0","NORMAL_CLEARING","28d565f9-08f2-4686-be38-f8515a269011","","1010","",""
"1010","1010","819300972567301988","default","2026-01-08 13:41:27","","2026-01-08 13:41:39","12","0","NORMAL_CLEARING","5a0ba354-e1e1-44ac-a57d-b618ff695b66","","1010","",""
"1010","1010","819300421552302622","default","2026-01-08 13:41:27","","2026-01-08 13:41:39","12","0","NORMAL_CLEARING","6bc0f36d-95f6-4d04-8e8e-30fb33d10654","","1010","",""
"1010","1010","819300421552302622","default","2026-01-08 13:41:28","","2026-01-08 13:41:40","12","0","NORMAL_CLEARING","dab6449b-2ab4-4176-ad11-010e64429f00","","1010","",""
"1010","1010","819300972567301988","default","2026-01-08 13:41:28","","2026-01-08 13:41:40","12","0","NORMAL_CLEARING","9cb8c161-e181-47c8-94d2-8a87a7548a85","","1010","",""
"1010","1010","819300421552302622","default","2026-01-08 13:41:29","","2026-01-08 13:41:40","11","0","NORMAL_CLEARING","9cfc10bd-28c7-481b-a595-4dd6d7623697","","1010","",""
"1010","1010","819300972567301988","default","2026-01-08 13:41:29","","2026-01-08 13:41:40","11","0","NORMAL_CLEARING","e9294d72-75ee-47c3-a923-1b1a7402923c","","1010","",""
"1010","1010","819300421552302622","default","2026-01-08 13:41:30","","2026-01-08 13:41:41","11","0","NORMAL_CLEARING","95de1a55-df68-478b-b07c-fa712f9be336","","1010","",""
"1010","1010","819300972567301988","default","2026-01-08 13:41:30","","2026-01-08 13:41:41","11","0","NORMAL_CLEARING","15f13677-b4d0-41b1-957b-cf3eec516159","","1010","",""
"1010","1010","819300972567301988","default","2026-01-08 13:41:31","","2026-01-08 13:41:42","11","0","NORMAL_CLEARING","50b2103c-704c-45f4-b91d-6dcf9f7a73b0","","1010","",""
"1010","1010","819300421552302622","default","2026-01-08 13:41:31","","2026-01-08 13:41:42","11","0","NORMAL_CLEARING","6c12ee09-ff19-4009-880c-31f35cffc5bb","","1010","",""
"1010","1010","1790900972567301988","default","2026-01-08 13:41:50","","2026-01-08 13:42:00","10","0","NORMAL_CLEARING","a7e12f52-d9a0-40a8-8dc0-b3ee224ed6e0","","1010","",""
"1010","1010","1790900421552302622","default","2026-01-08 13:41:50","","2026-01-08 13:42:00","10","0","NORMAL_CLEARING","4917c98c-be33-4160-baaf-9937aadd68ee","","1010","",""
"1010","1010","1790900421552302622","default","2026-01-08 13:41:51","","2026-01-08 13:42:01","10","0","NORMAL_CLEARING","64601cd6-54a7-460e-885f-f947a3fed8b0","","1010","",""
"1010","1010","1790900972567301988","default","2026-01-08 13:41:51","","2026-01-08 13:42:01","10","0","NORMAL_CLEARING","6a7bcebb-8885-4477-9ca6-f6dc4f6a837e","","1010","",""
"1010","1010","1790900972567301988","default","2026-01-08 13:41:51","","2026-01-08 13:42:02","11","0","NORMAL_CLEARING","31957e8f-2417-473f-9d50-89883eff01d9","","1010","",""
"1010","1010","1790900421552302622","default","2026-01-08 13:41:51","","2026-01-08 13:42:02","11","0","NORMAL_CLEARING","d6578929-77ca-4abd-a138-b00cb9c3398a","","1010","",""
"1010","1010","1790900972567301988","default","2026-01-08 13:41:52","","2026-01-08 13:42:03","11","0","NORMAL_CLEARING","14f73bf4-f6cc-4bd1-b1f4-575f28849561","","1010","",""
"1010","1010","1790900421552302622","default","2026-01-08 13:41:52","","2026-01-08 13:42:03","11","0","NORMAL_CLEARING","4422516c-6f98-4f10-af7a-88630ecde436","","1010","",""
"1010","1010","1790900421552302622","default","2026-01-08 13:41:53","","2026-01-08 13:42:04","11","0","NORMAL_CLEARING","ac324c3b-c36e-43a0-9e16-424d5c3e7384","","1010","",""
"1010","1010","1790900972567301988","default","2026-01-08 13:41:53","","2026-01-08 13:42:04","11","0","NORMAL_CLEARING","1c78ecf2-78a3-4e9c-a0cc-84e41b13c5be","","1010","",""
"1010","1010","00.421552302622","default","2026-01-08 13:42:12","","2026-01-08 13:42:23","11","0","NORMAL_CLEARING","99e466d4-dfcc-44f0-a2cb-8053c0247dfc","","1010","",""
"1010","1010","00.972567301988","default","2026-01-08 13:42:12","","2026-01-08 13:42:23","11","0","NORMAL_CLEARING","5531ff27-79e2-4eb0-8e9f-d06bdeea5255","","1010","",""
"1010","1010","00.972567301988","default","2026-01-08 13:42:13","","2026-01-08 13:42:24","11","0","NORMAL_CLEARING","001a1012-8c5a-4218-b8e3-ca132f194d5a","","1010","",""
"1010","1010","00.421552302622","default","2026-01-08 13:42:13","","2026-01-08 13:42:24","11","0","NORMAL_CLEARING","25cea644-35b4-474e-a426-fc92b5f7244c","","1010","",""
"1010","1010","00.421552302622","default","2026-01-08 13:42:14","","2026-01-08 13:42:25","11","0","NORMAL_CLEARING","083c5f69-5c52-435c-a881-0b9b97440220","","1010","",""
"1010","1010","00.972567301988","default","2026-01-08 13:42:14","","2026-01-08 13:42:25","11","0","NORMAL_CLEARING","387d7086-ad94-4d78-9bb7-50b7d7825762","","1010","",""
"1010","1010","00.421552302622","default","2026-01-08 13:42:14","","2026-01-08 13:42:26","12","0","NORMAL_CLEARING","7b3093fd-5541-488b-9ca0-83318658492d","","1010","",""
"1010","1010","00.972567301988","default","2026-01-08 13:42:14","","2026-01-08 13:42:26","12","0","NORMAL_CLEARING","2dc80e5b-20a6-40ff-be02-deba8cede896","","1010","",""
"1010","1010","00.972567301988","default","2026-01-08 13:42:15","","2026-01-08 13:42:26","11","0","NORMAL_CLEARING","ca6fc566-dfc2-4f6c-838f-74fb1d63981c","","1010","",""
"1010","1010","00.421552302622","default","2026-01-08 13:42:15","","2026-01-08 13:42:27","12","0","NORMAL_CLEARING","d7f1b611-9b94-4538-932c-0590173655c0","","1010","",""
"1010","1010","10421552302622","default","2026-01-08 13:42:34","","2026-01-08 13:42:45","11","0","NORMAL_CLEARING","72d80076-92e3-49d5-b93d-8016d2eb9100","","1010","",""
"1010","1010","10972567301988","default","2026-01-08 13:42:34","","2026-01-08 13:42:45","11","0","NORMAL_CLEARING","48b6208f-de06-4920-ac8a-758be3afe571","","1010","",""
"1010","1010","10972567301988","default","2026-01-08 13:42:35","","2026-01-08 13:42:46","11","0","NORMAL_CLEARING","be63bc0d-7811-43a9-98da-37a78c83133f","","1010","",""
"1010","1010","10421552302622","default","2026-01-08 13:42:35","","2026-01-08 13:42:46","11","0","NORMAL_CLEARING","b9c4d095-3e98-4e0d-82e4-2ec7660e4c59","","1010","",""
"1010","1010","10972567301988","default","2026-01-08 13:42:36","","2026-01-08 13:42:47","11","0","NORMAL_CLEARING","59c14b44-ee45-4cf2-81aa-bea3cb9d8a0a","","1010","",""
"1010","1010","10421552302622","default","2026-01-08 13:42:36","","2026-01-08 13:42:47","11","0","NORMAL_CLEARING","0c217c2b-c413-41bd-a732-c6047f4bf0ca","","1010","",""
"1010","1010","10972567301988","default","2026-01-08 13:42:36","","2026-01-08 13:42:47","11","0","NORMAL_CLEARING","3b98dd0f-a099-4e69-a456-4685afc7dc68","","1010","",""
"1010","1010","10421552302622","default","2026-01-08 13:42:36","","2026-01-08 13:42:47","11","0","NORMAL_CLEARING","093aa972-7f7a-4947-ae1b-783d073e1280","","1010","",""
"1010","1010","10421552302622","default","2026-01-08 13:42:37","","2026-01-08 13:42:48","11","0","NORMAL_CLEARING","110f98b4-8633-4ae8-90a1-bd05600f2fb7","","1010","",""
"1010","1010","10972567301988","default","2026-01-08 13:42:37","","2026-01-08 13:42:48","11","0","NORMAL_CLEARING","c3947923-b53c-4264-ba8b-1e06bdd7a818","","1010","",""
"1010","1010","40972567301988","default","2026-01-08 13:42:56","","2026-01-08 13:43:09","13","0","UNALLOCATED_NUMBER","03b30d0a-d73b-49b0-b1dc-e88bc0d37dca","","1010","",""
"1010","1010","40421552302622","default","2026-01-08 13:42:56","","2026-01-08 13:43:09","13","0","UNALLOCATED_NUMBER","e303436f-cc2d-4da9-96a6-303f56931768","","1010","",""
"1010","1010","40421552302622","default","2026-01-08 13:42:57","","2026-01-08 13:43:10","13","0","UNALLOCATED_NUMBER","2ebe4f97-e79e-4cb0-a20d-523416d6d1b9","","1010","",""
"1010","1010","40972567301988","default","2026-01-08 13:42:57","","2026-01-08 13:43:10","13","0","UNALLOCATED_NUMBER","1b9a8c32-cf67-4cc3-acb8-d0d9ec6c98ac","","1010","",""
"1010","1010","40972567301988","default","2026-01-08 13:42:58","","2026-01-08 13:43:10","12","0","UNALLOCATED_NUMBER","da7c783f-8567-4974-8342-d7bdb45cb85e","","1010","",""
"1010","1010","40421552302622","default","2026-01-08 13:42:58","","2026-01-08 13:43:10","12","0","UNALLOCATED_NUMBER","0d3cec9b-114b-4b0c-a462-8e038820be6e","","1010","",""
"1010","1010","40421552302622","default","2026-01-08 13:42:58","","2026-01-08 13:43:11","13","0","UNALLOCATED_NUMBER","a9a7dcbd-4b60-43b6-a4f5-ee879d91ac20","","1010","",""
"1010","1010","40972567301988","default","2026-01-08 13:42:58","","2026-01-08 13:43:11","13","0","UNALLOCATED_NUMBER","66f03125-8842-4e7a-8a17-84e9abf76473","","1010","",""
"1010","1010","40421552302622","default","2026-01-08 13:42:59","","2026-01-08 13:43:12","13","0","UNALLOCATED_NUMBER","3b4fc186-7af9-44ec-8117-9754ca4e75e3","","1010","",""
"1010","1010","90972567301988","default","2026-01-08 13:43:18","","2026-01-08 13:43:31","13","0","UNALLOCATED_NUMBER","d46e7d1f-f10f-4845-aa5f-582f88ff7276","","1010","",""
"1010","1010","90421552302622","default","2026-01-08 13:43:18","","2026-01-08 13:43:31","13","0","UNALLOCATED_NUMBER","11ca8ae6-79b4-497c-be2d-64d4ba2e091b","","1010","",""
"1010","1010","90421552302622","default","2026-01-08 13:43:19","","2026-01-08 13:43:32","13","0","UNALLOCATED_NUMBER","36b9a45d-da3b-4304-8090-3885b78eaeba","","1010","",""
"1010","1010","90972567301988","default","2026-01-08 13:43:19","","2026-01-08 13:43:32","13","0","UNALLOCATED_NUMBER","7cdd0bc9-dd71-42de-95b5-226ec2a93a57","","1010","",""
"1010","1010","90972567301988","default","2026-01-08 13:43:20","","2026-01-08 13:43:32","12","0","UNALLOCATED_NUMBER","e424f927-9d03-4569-ac73-94b4c07d8e38","","1010","",""
"1010","1010","90421552302622","default","2026-01-08 13:43:20","","2026-01-08 13:43:32","12","0","UNALLOCATED_NUMBER","17131943-5509-464d-907e-31665ac30f8d","","1010","",""
"1010","1010","90421552302622","default","2026-01-08 13:43:20","","2026-01-08 13:43:33","13","0","UNALLOCATED_NUMBER","a0ab2151-8bf2-4f62-a510-5dfd3aabea9c","","1010","",""
"1010","1010","90972567301988","default","2026-01-08 13:43:20","","2026-01-08 13:43:33","13","0","UNALLOCATED_NUMBER","76a2832f-2585-49dc-ab64-e0304a8f3a39","","1010","",""
"1010","1010","90972567301988","default","2026-01-08 13:43:22","","2026-01-08 13:43:35","13","0","UNALLOCATED_NUMBER","ac55546e-1543-4873-aebd-e7b8a45181a7","","1010","",""
"1010","1010","90421552302622","default","2026-01-08 13:43:22","","2026-01-08 13:43:35","13","0","UNALLOCATED_NUMBER","c15422de-70c8-44a1-8a16-51790ecbd54d","","1010","",""
"1010","1010","007972567301988","default","2026-01-08 13:43:40","","2026-01-08 13:43:52","12","0","NORMAL_CLEARING","3be4e4d7-1bc5-4ed0-8e97-36277a194cd5","","1010","",""
"1010","1010","007421552302622","default","2026-01-08 13:43:40","","2026-01-08 13:43:52","12","0","NORMAL_CLEARING","d31dbe2a-d434-4a6c-b626-35f047554975","","1010","",""
"1010","1010","007972567301988","default","2026-01-08 13:43:40","","2026-01-08 13:43:52","12","0","NORMAL_CLEARING","0ac893f0-552b-4a5a-8ac6-282c00499a9c","","1010","",""
"1010","1010","007421552302622","default","2026-01-08 13:43:40","","2026-01-08 13:43:52","12","0","NORMAL_CLEARING","aff161b9-88c5-4640-8490-cd13d704c253","","1010","",""
"1010","1010","007972567301988","default","2026-01-08 13:43:42","","2026-01-08 13:43:54","12","0","NORMAL_CLEARING","c3c3af0b-4592-41b8-bf90-88d3a806a838","","1010","",""
"1010","1010","007421552302622","default","2026-01-08 13:43:42","","2026-01-08 13:43:54","12","0","NORMAL_CLEARING","a7815c92-42da-4114-81f1-654dbcc169ce","","1010","",""
"1010","1010","007972567301988","default","2026-01-08 13:43:42","","2026-01-08 13:43:54","12","0","NORMAL_CLEARING","b8f0ce2e-41e1-480d-80fa-e3126000c4a1","","1010","",""
"1010","1010","007421552302622","default","2026-01-08 13:43:42","","2026-01-08 13:43:54","12","0","NORMAL_CLEARING","44e640fa-d2f6-41bc-8360-2ec593e65033","","1010","",""
"1010","1010","007972567301988","default","2026-01-08 13:43:44","","2026-01-08 13:43:56","12","0","NORMAL_CLEARING","a131ab0a-94e9-4682-ada8-0bb0da067c5f","","1010","",""
"1010","1010","007421552302622","default","2026-01-08 13:43:44","","2026-01-08 13:43:56","12","0","NORMAL_CLEARING","d6a526a4-a683-4c02-b55e-14a8dfa84234","","1010","",""
"1010","1010","009421552302622","default","2026-01-08 13:44:02","","2026-01-08 13:44:16","14","0","NORMAL_CLEARING","eaed51cb-b9ce-4d41-9501-3bba9d15f08d","","1010","",""
"1010","1010","009972567301988","default","2026-01-08 13:44:02","","2026-01-08 13:44:16","14","0","NORMAL_CLEARING","86d8e8b3-1d26-4fab-bbd4-e3388ad75229","","1010","",""
"1010","1010","009972567301988","default","2026-01-08 13:44:02","","2026-01-08 13:44:16","14","0","NORMAL_CLEARING","d46e7bce-386b-47ca-8c3e-8686a8292021","","1010","",""
"1010","1010","009421552302622","default","2026-01-08 13:44:02","","2026-01-08 13:44:16","14","0","NORMAL_CLEARING","1025bbd6-62cc-4749-9ebe-c729234b9b63","","1010","",""
"1010","1010","009421552302622","default","2026-01-08 13:44:04","","2026-01-08 13:44:18","14","0","NORMAL_CLEARING","3606ad22-1a57-46aa-9af9-3097a77a884a","","1010","",""
"1010","1010","009972567301988","default","2026-01-08 13:44:04","","2026-01-08 13:44:18","14","0","NORMAL_CLEARING","767e919c-ec49-4571-b5a8-ae53c8db4d84","","1010","",""
"1010","1010","009421552302622","default","2026-01-08 13:44:04","","2026-01-08 13:44:18","14","0","NORMAL_CLEARING","b3da7eac-5734-401f-b143-e5461e1df2e6","","1010","",""
"1010","1010","009972567301988","default","2026-01-08 13:44:04","","2026-01-08 13:44:19","15","0","NORMAL_CLEARING","e85d523a-d3b3-42ab-909f-58a5a375740f","","1010","",""
"1010","1010","009972567301988","default","2026-01-08 13:44:06","","2026-01-08 13:44:20","14","0","NORMAL_CLEARING","d9427bf7-ba3f-421b-962d-94d6c0a8cc19","","1010","",""
"1010","1010","009421552302622","default","2026-01-08 13:44:06","","2026-01-08 13:44:20","14","0","NORMAL_CLEARING","7bc3010a-fda5-4727-b2d8-ce9c158a9bfa","","1010","",""
"1010","1010","9900972567301988","default","2026-01-08 13:44:24","","2026-01-08 13:44:38","14","0","NORMAL_CLEARING","088077a5-4067-4840-9f0a-68a871ae27ee","","1010","",""
"1010","1010","9900421552302622","default","2026-01-08 13:44:24","","2026-01-08 13:44:39","15","0","NORMAL_CLEARING","d38f2b11-dc4d-4785-bc04-9c4ee7e97844","","1010","",""
"1010","1010","9900972567301988","default","2026-01-08 13:44:25","","2026-01-08 13:44:39","14","0","NORMAL_CLEARING","06d7ffc1-9ff4-40b2-acab-9b27b666758d","","1010","",""
"1010","1010","9900421552302622","default","2026-01-08 13:44:25","","2026-01-08 13:44:39","14","0","NORMAL_CLEARING","b97d420f-7a72-4a7a-ab46-8d86a61467c0","","1010","",""
"1010","1010","9900421552302622","default","2026-01-08 13:44:26","","2026-01-08 13:44:40","14","0","NORMAL_CLEARING","f6f1aac8-8b4c-4a93-b77c-c52548401cfb","","1010","",""
"1010","1010","9900972567301988","default","2026-01-08 13:44:26","","2026-01-08 13:44:40","14","0","NORMAL_CLEARING","8f1b92cf-324e-4ad7-b7f6-21e4aa302146","","1010","",""
"1010","1010","9900972567301988","default","2026-01-08 13:44:27","","2026-01-08 13:44:41","14","0","NORMAL_CLEARING","5ca50474-09c1-497e-a8a6-9fa36b705d59","","1010","",""
"1010","1010","9900421552302622","default","2026-01-08 13:44:27","","2026-01-08 13:44:41","14","0","NORMAL_CLEARING","21dd6c65-f25d-47ac-8668-06829ef920f6","","1010","",""
"1010","1010","9900421552302622","default","2026-01-08 13:44:28","","2026-01-08 13:44:42","14","0","NORMAL_CLEARING","151df7a3-8dbd-427b-bb50-858b03802bc5","","1010","",""
"1010","1010","9900972567301988","default","2026-01-08 13:44:28","","2026-01-08 13:44:43","15","0","NORMAL_CLEARING","d8736504-cf25-417d-b2d4-c5b03f847d1b","","1010","",""
"1010","1010","8800972567301988","default","2026-01-08 13:44:47","","2026-01-08 13:45:01","14","0","NORMAL_CLEARING","7f92d38e-eca9-45a6-b8d2-7bc243d98977","","1010","",""
"1010","1010","8800421552302622","default","2026-01-08 13:44:47","","2026-01-08 13:45:01","14","0","NORMAL_CLEARING","93745af3-a9d2-42e2-917c-3f17a71dadac","","1010","",""
"1010","1010","8800421552302622","default","2026-01-08 13:44:47","","2026-01-08 13:45:01","14","0","NORMAL_CLEARING","e817a6ac-8778-458b-b88f-a60ff01e829d","","1010","",""
"1010","1010","8800972567301988","default","2026-01-08 13:44:47","","2026-01-08 13:45:01","14","0","NORMAL_CLEARING","c1164d0f-9144-40f2-b5e3-5b266a0f701b","","1010","",""
"1010","1010","8800421552302622","default","2026-01-08 13:44:48","","2026-01-08 13:45:02","14","0","NORMAL_CLEARING","1a7b11e8-36c9-4e2c-82e8-1bc6436ba230","","1010","",""
"1010","1010","8800972567301988","default","2026-01-08 13:44:48","","2026-01-08 13:45:02","14","0","NORMAL_CLEARING","77fc1b0a-f075-4869-989f-26308ba46e8c","","1010","",""
"1010","1010","8800972567301988","default","2026-01-08 13:44:49","","2026-01-08 13:45:03","14","0","NORMAL_CLEARING","e24c8e10-36c4-48ef-9d77-20d387fc8143","","1010","",""
"1010","1010","8800421552302622","default","2026-01-08 13:44:49","","2026-01-08 13:45:03","14","0","NORMAL_CLEARING","ae140654-d7df-4326-b6a3-cd2ea1450181","","1010","",""
"1010","1010","8800421552302622","default","2026-01-08 13:44:51","","2026-01-08 13:45:05","14","0","NORMAL_CLEARING","91e3a3b1-acb4-47ab-8e4e-cb75d28853b7","","1010","",""
"1010","1010","8800972567301988","default","2026-01-08 13:44:51","","2026-01-08 13:45:05","14","0","NORMAL_CLEARING","5cd1f209-dec5-4851-b568-c51f87266f48","","1010","",""
"1010","1010","5500421552302622","default","2026-01-08 13:45:09","","2026-01-08 13:45:22","13","0","NORMAL_CLEARING","7efa5495-6f6d-4247-9eb8-816f8b38b107","","1010","",""
"1010","1010","5500972567301988","default","2026-01-08 13:45:09","","2026-01-08 13:45:22","13","0","NORMAL_CLEARING","a3849898-7f5d-4a12-b965-04dfc998c4d7","","1010","",""
"1010","1010","5500972567301988","default","2026-01-08 13:45:09","","2026-01-08 13:45:22","13","0","NORMAL_CLEARING","df1ed9b1-60a6-4036-87a7-aad6724415c7","","1010","",""
"1010","1010","5500421552302622","default","2026-01-08 13:45:09","","2026-01-08 13:45:22","13","0","NORMAL_CLEARING","ccbef1ac-eefc-49a6-a2a8-749226e76ae7","","1010","",""
"1010","1010","5500421552302622","default","2026-01-08 13:45:11","","2026-01-08 13:45:23","12","0","NORMAL_CLEARING","47881a5e-a0b8-415f-bacb-a2a7fe1726e2","","1010","",""
"1010","1010","5500972567301988","default","2026-01-08 13:45:11","","2026-01-08 13:45:23","12","0","NORMAL_CLEARING","94880944-8161-4bce-839a-419d6d3d1c4e","","1010","",""
"1010","1010","5500972567301988","default","2026-01-08 13:45:12","","2026-01-08 13:45:24","12","0","NORMAL_CLEARING","600082eb-5428-4e50-9981-9f10fdef67ca","","1010","",""
"1010","1010","5500421552302622","default","2026-01-08 13:45:12","","2026-01-08 13:45:25","13","0","NORMAL_CLEARING","e191d680-e97c-49b3-b6a5-ef1f5a7d51bf","","1010","",""
"1010","1010","5500972567301988","default","2026-01-08 13:45:14","","2026-01-08 13:45:26","12","0","NORMAL_CLEARING","6438aa8b-9776-4bc1-8222-382dbe50dffc","","1010","",""
"1010","1010","5500421552302622","default","2026-01-08 13:45:14","","2026-01-08 13:45:27","13","0","NORMAL_CLEARING","bdf2d7df-a9b6-48e2-bcb3-3dec9a910b53","","1010","",""
"1010","1010","1100421552302622","default","2026-01-08 13:45:32","","2026-01-08 13:45:45","13","0","NORMAL_CLEARING","b218e31d-f7a1-4c33-be0b-0148f2fa9703","","1010","",""
"1010","1010","1100972567301988","default","2026-01-08 13:45:32","","2026-01-08 13:45:45","13","0","NORMAL_CLEARING","c9e78649-feec-4183-860b-c97db6aba755","","1010","",""
"1010","1010","1100421552302622","default","2026-01-08 13:45:32","","2026-01-08 13:45:45","13","0","NORMAL_CLEARING","ec116e86-6c54-49e6-ba6d-f35c9d5096ac","","1010","",""
"1010","1010","1100972567301988","default","2026-01-08 13:45:32","","2026-01-08 13:45:45","13","0","NORMAL_CLEARING","5202fa17-1d0b-4a9e-a608-e893ff6d1f2e","","1010","",""
"1010","1010","1100421552302622","default","2026-01-08 13:45:33","","2026-01-08 13:45:46","13","0","NORMAL_CLEARING","c9c471e3-f5ae-4d48-8d01-0cfed9634a40","","1010","",""
"1010","1010","1100972567301988","default","2026-01-08 13:45:33","","2026-01-08 13:45:46","13","0","NORMAL_CLEARING","058da91b-82ab-4394-be20-1bd74545ccc7","","1010","",""
"1010","1010","1100421552302622","default","2026-01-08 13:45:34","","2026-01-08 13:45:47","13","0","NORMAL_CLEARING","1c34e67a-4ccf-43da-b395-a0c5607d167a","","1010","",""
"1010","1010","1100972567301988","default","2026-01-08 13:45:34","","2026-01-08 13:45:47","13","0","NORMAL_CLEARING","c1243ad4-c739-4b03-894b-d3fee20220c8","","1010","",""
"1010","1010","1100421552302622","default","2026-01-08 13:45:36","","2026-01-08 13:45:50","14","0","NORMAL_CLEARING","af96814c-29e0-4d5c-b732-1f3fe13c4d85","","1010","",""
"1010","1010","1100972567301988","default","2026-01-08 13:45:36","","2026-01-08 13:45:50","14","0","NORMAL_CLEARING","f54cf025-e7b0-46fd-9f10-9ef448a4ccb8","","1010","",""
"1010","1010","2200421552302622","default","2026-01-08 13:45:54","","2026-01-08 13:46:08","14","0","NORMAL_CLEARING","a714df77-9f00-4383-9e01-e819ddbfb3f5","","1010","",""
"1010","1010","2200421552302622","default","2026-01-08 13:45:54","","2026-01-08 13:46:08","14","0","NORMAL_CLEARING","9731082d-ebdb-4f91-b32e-b6bde5ed0a10","","1010","",""
"1010","1010","2200972567301988","default","2026-01-08 13:45:54","","2026-01-08 13:46:08","14","0","NORMAL_CLEARING","ab44a05c-978c-4dc4-92df-39ccf96d5c3e","","1010","",""
"1010","1010","2200972567301988","default","2026-01-08 13:45:54","","2026-01-08 13:46:08","14","0","NORMAL_CLEARING","810655af-a274-431c-b69a-63639a634d48","","1010","",""
"1010","1010","2200421552302622","default","2026-01-08 13:45:56","","2026-01-08 13:46:08","12","0","NORMAL_CLEARING","3d25ae16-1b5c-4d2d-8a6d-67941fb40861","","1010","",""
"1010","1010","2200972567301988","default","2026-01-08 13:45:55","","2026-01-08 13:46:09","14","0","NORMAL_CLEARING","ee526c71-c81c-4830-81fc-075779cfe0d7","","1010","",""
"1010","1010","2200421552302622","default","2026-01-08 13:45:57","","2026-01-08 13:46:09","12","0","NORMAL_CLEARING","894e1429-a858-4c3d-85b5-2d89a2bd0aa7","","1010","",""
"1010","1010","2200972567301988","default","2026-01-08 13:45:57","","2026-01-08 13:46:10","13","0","NORMAL_CLEARING","f448b56a-7ce6-4aeb-9c52-b47337d6a3e7","","1010","",""
"1010","1010","2200421552302622","default","2026-01-08 13:45:59","","2026-01-08 13:46:12","13","0","NORMAL_CLEARING","70eac94d-7e7a-4fd2-8df4-7124a310b89e","","1010","",""
"1010","1010","2200972567301988","default","2026-01-08 13:45:59","","2026-01-08 13:46:12","13","0","NORMAL_CLEARING","e2da6703-06e7-4757-9371-82730946b6a8","","1010","",""
"1010","1010","3300972567301988","default","2026-01-08 13:46:17","","2026-01-08 13:46:31","14","0","NORMAL_CLEARING","6418b3c4-4b5d-4156-9008-26c76813c61e","","1010","",""
"1010","1010","3300421552302622","default","2026-01-08 13:46:17","","2026-01-08 13:46:31","14","0","NORMAL_CLEARING","f417cd28-9b98-466d-be63-5d25f8782eee","","1010","",""
"1010","1010","3300972567301988","default","2026-01-08 13:46:17","","2026-01-08 13:46:31","14","0","NORMAL_CLEARING","5c75c673-431a-4e0d-b0d8-54337b3be6f1","","1010","",""
"1010","1010","3300421552302622","default","2026-01-08 13:46:17","","2026-01-08 13:46:31","14","0","NORMAL_CLEARING","c27f7a93-b260-472c-9a50-d30362ed0cbe","","1010","",""
"1010","1010","3300972567301988","default","2026-01-08 13:46:18","","2026-01-08 13:46:32","14","0","NORMAL_CLEARING","bca2f2de-caa5-41ed-90b2-4b8ecee76806","","1010","",""
"1010","1010","3300421552302622","default","2026-01-08 13:46:18","","2026-01-08 13:46:32","14","0","NORMAL_CLEARING","09052382-1794-4d79-b3fb-36607dbc0236","","1010","",""
"1010","1010","3300421552302622","default","2026-01-08 13:46:19","","2026-01-08 13:46:33","14","0","NORMAL_CLEARING","a4f3f033-2640-45b5-9787-38df904bba1a","","1010","",""
"1010","1010","3300972567301988","default","2026-01-08 13:46:19","","2026-01-08 13:46:34","15","0","NORMAL_CLEARING","77c66916-9126-4144-9da7-309b488095fa","","1010","",""
"1010","1010","+237662269000","default","2026-01-08 13:46:19","","2026-01-08 13:46:35","16","0","CALL_REJECTED","05d5312a-f4b8-49c7-8ccc-d268b9e204b7","","1010","",""
"1010","1010","+237662269007","default","2026-01-08 13:46:20","","2026-01-08 13:46:35","15","0","CALL_REJECTED","08cc06fd-1486-4b5d-8c0b-3a23bd6ae724","","1010","",""
"1010","1010","3300421552302622","default","2026-01-08 13:46:21","","2026-01-08 13:46:36","15","0","NORMAL_CLEARING","1d8a6d86-89ea-4f78-b470-accc62da53d1","","1010","",""
"1010","1010","3300972567301988","default","2026-01-08 13:46:21","","2026-01-08 13:46:37","16","0","NORMAL_CLEARING","d5bc6f02-3753-457f-941e-72898f784f11","","1010","",""
"1010","1010","+237662269010","default","2026-01-08 13:46:21","","2026-01-08 13:46:37","16","0","CALL_REJECTED","d74c8830-bfa1-4899-81f3-74e3adbc6903","","1010","",""
"1010","1010","+237662269017","default","2026-01-08 13:46:22","","2026-01-08 13:46:39","17","0","CALL_REJECTED","e25e4aeb-7210-4a2e-9458-584980bafe86","","1010","",""
"1010","1010","+237662269019","default","2026-01-08 13:46:23","","2026-01-08 13:46:40","17","0","CALL_REJECTED","579c1f89-89e7-4469-b987-9a38313fd8af","","1010","",""
"1010","1010","+237662269025","default","2026-01-08 13:46:24","","2026-01-08 13:46:41","17","0","CALL_REJECTED","bb2113a7-171e-4598-9560-463af84d3361","","1010","",""
"1010","1010","+237662269026","default","2026-01-08 13:46:25","","2026-01-08 13:46:42","17","0","CALL_REJECTED","9d29c63b-a22d-4432-a415-369c2af68959","","1010","",""
"1010","1010","+237662269038","default","2026-01-08 13:46:26","","2026-01-08 13:46:43","17","0","CALL_REJECTED","ae32c69c-fc5b-451f-bcd8-8a9444b57c00","","1010","",""
"1010","1010","+237662269050","default","2026-01-08 13:46:27","","2026-01-08 13:46:44","17","0","CALL_REJECTED","01f4451f-79fa-4eb8-9716-e9e09b19d253","","1010","",""
"1010","1010","+237662269061","default","2026-01-08 13:46:28","","2026-01-08 13:46:45","17","0","CALL_REJECTED","acf6d27e-bb62-4a08-8a90-eb61f83cf9b2","","1010","",""
"1010","1010","+237662269065","default","2026-01-08 13:46:29","","2026-01-08 13:46:46","17","0","CALL_REJECTED","ae34952e-df18-453d-8157-b34c81aadddb","","1010","",""
"1010","1010","+237662269077","default","2026-01-08 13:46:31","","2026-01-08 13:46:48","17","0","CALL_REJECTED","37e1a511-ad35-45a6-8ebe-f44b8132f089","","1010","",""
"1010","1010","+237662269121","default","2026-01-08 13:46:36","","2026-01-08 13:46:52","16","0","CALL_REJECTED","5a13d24a-68e2-4804-bb8e-19caa089fabf","","1010","",""
"1010","1010","+237662269127","default","2026-01-08 13:46:37","","2026-01-08 13:46:53","16","0","CALL_REJECTED","50619745-5b8a-4033-8cf6-d40ed3a4f452","","1010","",""
"1010","1010","9000972567301988","default","2026-01-08 13:46:40","","2026-01-08 13:46:54","14","0","NORMAL_CLEARING","1d507888-cd18-4ac6-8ee9-c9f2e4a97817","","1010","",""
"1010","1010","9000421552302622","default","2026-01-08 13:46:40","","2026-01-08 13:46:55","15","0","NORMAL_CLEARING","65d2baf5-1f61-4656-9c2f-ed88ddd3bd12","","1010","",""
"1010","1010","9000421552302622","default","2026-01-08 13:46:40","","2026-01-08 13:46:55","15","0","NORMAL_CLEARING","45cfe150-620a-4556-9848-50ad24585a55","","1010","",""
"1010","1010","+237662269141","default","2026-01-08 13:46:39","","2026-01-08 13:46:55","16","0","CALL_REJECTED","1bef058c-3f45-40bf-abb6-e75bf96258ba","","1010","",""
"1010","1010","9000421552302622","default","2026-01-08 13:46:40","","2026-01-08 13:46:55","15","0","NORMAL_CLEARING","0c22a238-c21c-4002-a9e7-30a1ab9228d9","","1010","",""
"1010","1010","9000972567301988","default","2026-01-08 13:46:40","","2026-01-08 13:46:55","15","0","NORMAL_CLEARING","c2eed251-6a4d-41fd-b945-d393f24b4cc2","","1010","",""
"1010","1010","9000972567301988","default","2026-01-08 13:46:40","","2026-01-08 13:46:55","15","0","NORMAL_CLEARING","6b7e753e-047d-4594-8c6d-f98abab1d4de","","1010","",""
"1010","1010","+237662269171","default","2026-01-08 13:46:40","","2026-01-08 13:46:56","16","0","CALL_REJECTED","e0c28e9b-7e53-4b21-aace-7dcc05aaf339","","1010","",""
"1010","1010","9000972567301988","default","2026-01-08 13:46:42","","2026-01-08 13:46:57","15","0","NORMAL_CLEARING","374d33d7-ceac-49f8-9b71-3d8dd7320afb","","1010","",""
"1010","1010","9000421552302622","default","2026-01-08 13:46:42","","2026-01-08 13:46:57","15","0","NORMAL_CLEARING","67126088-b727-493c-9b54-119c345671e4","","1010","",""
"1010","1010","+237662269173","default","2026-01-08 13:46:41","","2026-01-08 13:46:57","16","0","CALL_REJECTED","48cc91e7-546c-4e48-bcdd-a742b1fb361a","","1010","",""
"1010","1010","9000421552302622","default","2026-01-08 13:46:43","","2026-01-08 13:46:59","16","0","NORMAL_CLEARING","c0098d97-fe12-4a19-b1b2-238a17c3c32b","","1010","",""
"1010","1010","9000972567301988","default","2026-01-08 13:46:43","","2026-01-08 13:46:59","16","0","NORMAL_CLEARING","d521648e-0822-456c-93b6-9749be157569","","1010","",""
"1010","1010","+237662269179","default","2026-01-08 13:46:43","","2026-01-08 13:46:59","16","0","CALL_REJECTED","981fd579-e8f7-46f1-b317-612445afb4ae","","1010","",""
"1010","1010","+237662269190","default","2026-01-08 13:46:44","","2026-01-08 13:47:00","16","0","CALL_REJECTED","4d46b104-bf92-445c-bf2a-3bec32564e28","","1010","",""
"1010","1010","+237662269209","default","2026-01-08 13:46:45","","2026-01-08 13:47:01","16","0","CALL_REJECTED","a291ea75-459e-4352-9717-0af2a0f2d274","","1010","",""
"1010","1010","+237662269212","default","2026-01-08 13:46:46","","2026-01-08 13:47:02","16","0","CALL_REJECTED","039ce89a-532e-4d44-b537-1bf96080fc17","","1010","",""
"1010","1010","+237662269235","default","2026-01-08 13:46:47","","2026-01-08 13:47:03","16","0","CALL_REJECTED","bbe4ebdf-f640-4c1b-b16e-7260835c2493","","1010","",""
"1010","1010","+237662269243","default","2026-01-08 13:46:48","","2026-01-08 13:47:04","16","0","CALL_REJECTED","79cc8999-5beb-4243-b83d-63f3ce67e9e1","","1010","",""
"1010","1010","+237662269257","default","2026-01-08 13:46:50","","2026-01-08 13:47:05","15","0","CALL_REJECTED","97be5fa5-5315-4419-9e24-8b8dfe9d2b8a","","1010","",""
"1010","1010","+237662269261","default","2026-01-08 13:46:54","","2026-01-08 13:47:09","15","0","CALL_REJECTED","32a14f44-6568-4b23-ae83-598346fa6274","","1010","",""
"1010","1010","+237662269270","default","2026-01-08 13:46:55","","2026-01-08 13:47:09","14","0","CALL_REJECTED","3892ceb2-d2f7-48b8-96f8-603b427a5b11","","1010","",""
"1010","1010","+237662269275","default","2026-01-08 13:46:56","","2026-01-08 13:47:10","14","0","CALL_REJECTED","9402f66a-38ce-4d7a-9fdc-abd99aa34323","","1010","",""
"1010","1010","+237662269279","default","2026-01-08 13:46:57","","2026-01-08 13:47:11","14","0","CALL_REJECTED","bf0df9d4-168f-4c7b-a0e1-3092bcaf83e6","","1010","",""
"1010","1010","+237662269289","default","2026-01-08 13:46:58","","2026-01-08 13:47:12","14","0","CALL_REJECTED","a20f373d-5022-4ed0-941d-2b6e931e38b5","","1010","",""
"1010","1010","+237662269302","default","2026-01-08 13:47:00","","2026-01-08 13:47:14","14","0","CALL_REJECTED","4abc5399-c792-4018-bb77-2c3ce5e20b02","","1010","",""
"1010","1010","+237662269304","default","2026-01-08 13:47:01","","2026-01-08 13:47:15","14","0","CALL_REJECTED","1fea33cb-97d1-441c-8a51-caf528a6cb74","","1010","",""
"1010","1010","8000972567301988","default","2026-01-08 13:47:02","","2026-01-08 13:47:15","13","0","NORMAL_CLEARING","5afda9e4-ab5c-4384-994e-14d7a710a6eb","","1010","",""
"1010","1010","8000972567301988","default","2026-01-08 13:47:02","","2026-01-08 13:47:15","13","0","NORMAL_CLEARING","5b081ee2-e11e-4304-91df-524283649781","","1010","",""
"1010","1010","8000421552302622","default","2026-01-08 13:47:02","","2026-01-08 13:47:15","13","0","NORMAL_CLEARING","676a03d2-c340-4a10-976d-963f864c8c56","","1010","",""
"1010","1010","8000421552302622","default","2026-01-08 13:47:02","","2026-01-08 13:47:15","13","0","NORMAL_CLEARING","ccd7feef-6139-41b9-9fea-5694ba3c9162","","1010","",""
"1010","1010","8000972567301988","default","2026-01-08 13:47:03","","2026-01-08 13:47:15","12","0","NORMAL_CLEARING","42c93004-438a-4a52-b4c4-c4b46d4075c5","","1010","",""
"1010","1010","8000421552302622","default","2026-01-08 13:47:03","","2026-01-08 13:47:16","13","0","NORMAL_CLEARING","a8eb494a-7198-45a9-920a-08638afeacd8","","1010","",""
"1010","1010","+237662269312","default","2026-01-08 13:47:02","","2026-01-08 13:47:16","14","0","CALL_REJECTED","b42bc209-cf55-4633-acca-d155e8aa07a4","","1010","",""
"1010","1010","8000421552302622","default","2026-01-08 13:47:04","","2026-01-08 13:47:16","12","0","NORMAL_CLEARING","4efa68bf-40d9-4bca-bb6d-95154a1f1338","","1010","",""
"1010","1010","8000972567301988","default","2026-01-08 13:47:04","","2026-01-08 13:47:16","12","0","NORMAL_CLEARING","f4b619f7-3b40-4975-8644-bc613442e146","","1010","",""
"1010","1010","+237662269316","default","2026-01-08 13:47:03","","2026-01-08 13:47:16","13","0","CALL_REJECTED","04be54ff-5803-4a62-ad1f-eebe2dbcc6d3","","1010","",""
"1010","1010","+237662269320","default","2026-01-08 13:47:04","","2026-01-08 13:47:17","13","0","CALL_REJECTED","70a226be-4a6e-4ae1-add8-a4726e6bba2d","","1010","",""
"1010","1010","+237662269326","default","2026-01-08 13:47:05","","2026-01-08 13:47:19","14","0","CALL_REJECTED","3d023c54-0fb3-47af-8963-b17ece187dd8","","1010","",""
"1010","1010","8000421552302622","default","2026-01-08 13:47:06","","2026-01-08 13:47:19","13","0","NORMAL_CLEARING","8a66bc79-be1e-417d-8b5e-3d2ef528b0f6","","1010","",""
"1010","1010","8000972567301988","default","2026-01-08 13:47:06","","2026-01-08 13:47:19","13","0","NORMAL_CLEARING","bad6a28d-7781-46c2-9181-93f4d7659ef7","","1010","",""
"1010","1010","+237662269343","default","2026-01-08 13:47:07","","2026-01-08 13:47:21","14","0","CALL_REJECTED","545c49c7-8754-4833-9860-0178d3972dc6","","1010","",""
"1010","1010","+237662269346","default","2026-01-08 13:47:10","","2026-01-08 13:47:23","13","0","CALL_REJECTED","febec499-1c6c-4611-9aff-ea1c7ae138b2","","1010","",""
"1010","1010","+237662269351","default","2026-01-08 13:47:11","","2026-01-08 13:47:24","13","0","CALL_REJECTED","682ab83a-fb80-4048-8b9d-4572b2cb026d","","1010","",""
"1010","1010","+237662269370","default","2026-01-08 13:47:12","","2026-01-08 13:47:25","13","0","CALL_REJECTED","cc78ca49-06fa-4291-b418-f9b48b29dcdf","","1010","",""
"1010","1010","+237662269371","default","2026-01-08 13:47:13","","2026-01-08 13:47:27","14","0","CALL_REJECTED","7e11f4ba-1e0c-4df6-bbc3-0796e3f455c1","","1010","",""
"1010","1010","+237662269381","default","2026-01-08 13:47:14","","2026-01-08 13:47:27","13","0","CALL_REJECTED","41b7cd71-df6b-418d-bf2a-47bc927d68d6","","1010","",""
"1010","1010","+237662269385","default","2026-01-08 13:47:15","","2026-01-08 13:47:29","14","0","CALL_REJECTED","662553ca-365d-457b-8fed-628ad4527882","","1010","",""
"1010","1010","+237662269396","default","2026-01-08 13:47:16","","2026-01-08 13:47:30","14","0","CALL_REJECTED","029ec810-794a-4b78-b353-521e93ab3047","","1010","",""
"1010","1010","+237662269399","default","2026-01-08 13:47:17","","2026-01-08 13:47:31","14","0","CALL_REJECTED","d9ddba30-3b11-4372-89bf-240b31e27232","","1010","",""
"1010","1010","+237662269402","default","2026-01-08 13:47:18","","2026-01-08 13:47:32","14","0","CALL_REJECTED","d77cf7b7-c021-44da-b579-9f5e118814f1","","1010","",""
"1010","1010","+237662269455","default","2026-01-08 13:47:19","","2026-01-08 13:47:32","13","0","CALL_REJECTED","6912186b-aa2d-4a1f-9b80-971d0a2485dc","","1010","",""
"1010","1010","+237662269459","default","2026-01-08 13:47:20","","2026-01-08 13:47:33","13","0","CALL_REJECTED","7fbab7f8-6897-4b6e-b53b-d574862dbc4b","","1010","",""
"1010","1010","+237662269465","default","2026-01-08 13:47:22","","2026-01-08 13:47:35","13","0","CALL_REJECTED","84ba6f6e-eecb-4091-a0b9-97e7410efcf4","","1010","",""
"1010","1010","7000421552302622","default","2026-01-08 13:47:24","","2026-01-08 13:47:37","13","0","NORMAL_CLEARING","0c7db9a5-0dd9-4665-893c-52a36d8af855","","1010","",""
"1010","1010","7000972567301988","default","2026-01-08 13:47:24","","2026-01-08 13:47:37","13","0","NORMAL_CLEARING","2b9f9802-4010-47e0-9066-3fb78656d326","","1010","",""
"1010","1010","7000972567301988","default","2026-01-08 13:47:24","","2026-01-08 13:47:37","13","0","NORMAL_CLEARING","e7c0cd78-bdea-4ee0-bcd5-acc9e3820c57","","1010","",""
"1010","1010","7000421552302622","default","2026-01-08 13:47:24","","2026-01-08 13:47:37","13","0","NORMAL_CLEARING","47b86f02-68cb-45ec-8a1a-3b186bc7569f","","1010","",""
"1010","1010","7000421552302622","default","2026-01-08 13:47:25","","2026-01-08 13:47:37","12","0","NORMAL_CLEARING","d3637c99-aca8-458f-82f5-ab60350d5be7","","1010","",""
"1010","1010","7000972567301988","default","2026-01-08 13:47:25","","2026-01-08 13:47:38","13","0","NORMAL_CLEARING","5888e583-e7ca-4144-a0af-d09ec02929b5","","1010","",""
"1010","1010","+237662269469","default","2026-01-08 13:47:25","","2026-01-08 13:47:39","14","0","CALL_REJECTED","85e4e4f2-39b7-483f-ac50-cbc40787566e","","1010","",""
"1010","1010","7000421552302622","default","2026-01-08 13:47:26","","2026-01-08 13:47:39","13","0","NORMAL_CLEARING","c112afcf-f373-4117-a4b7-ab2f6fee3764","","1010","",""
"1010","1010","7000972567301988","default","2026-01-08 13:47:26","","2026-01-08 13:47:39","13","0","NORMAL_CLEARING","769f2a05-921b-4f67-b6c3-961a3b785140","","1010","",""
"1010","1010","+237662269471","default","2026-01-08 13:47:26","","2026-01-08 13:47:39","13","0","CALL_REJECTED","11922c23-5482-44b7-b629-a5ac82ce006a","","1010","",""
"1010","1010","+237662269479","default","2026-01-08 13:47:27","","2026-01-08 13:47:40","13","0","CALL_REJECTED","659b93c5-e3f5-4ff9-8ac0-116c87ad89b4","","1010","",""
"1010","1010","7000972567301988","default","2026-01-08 13:47:28","","2026-01-08 13:47:41","13","0","NORMAL_CLEARING","5a9fb61a-9520-4c3c-8d12-9547b314604b","","1010","",""
"1010","1010","7000421552302622","default","2026-01-08 13:47:29","","2026-01-08 13:47:41","12","0","NORMAL_CLEARING","588d0e2b-88e8-486c-86ee-aac81c201bd2","","1010","",""
"1010","1010","+237662269488","default","2026-01-08 13:47:29","","2026-01-08 13:47:41","12","0","CALL_REJECTED","5cee063e-a89d-4cc4-bf7e-9ca0eee9079e","","1010","",""
"1010","1010","+237662269500","default","2026-01-08 13:47:29","","2026-01-08 13:47:42","13","0","CALL_REJECTED","64340f03-502f-410e-8049-7b3c1171176b","","1010","",""
"1010","1010","+237662269513","default","2026-01-08 13:47:30","","2026-01-08 13:47:43","13","0","CALL_REJECTED","70b2ddff-7a39-4fd1-87b2-d6ea8f75db74","","1010","",""
"1010","1010","+237662269519","default","2026-01-08 13:47:31","","2026-01-08 13:47:44","13","0","CALL_REJECTED","470371f0-d01e-4495-b91e-c6fedbf4363c","","1010","",""
"1010","1010","+237662269535","default","2026-01-08 13:47:32","","2026-01-08 13:47:45","13","0","CALL_REJECTED","42b1d50c-1470-4bcd-918f-52fbf6d0abe9","","1010","",""
"1010","1010","+237662269541","default","2026-01-08 13:47:33","","2026-01-08 13:47:46","13","0","CALL_REJECTED","04377aea-61a4-4b98-ba44-8659695428ee","","1010","",""
"1010","1010","+237662269543","default","2026-01-08 13:47:34","","2026-01-08 13:47:47","13","0","CALL_REJECTED","bce59644-9263-4f93-9aac-e46365d278c7","","1010","",""
"1010","1010","+237662269564","default","2026-01-08 13:47:36","","2026-01-08 13:47:48","12","0","CALL_REJECTED","3fdf3e99-86a7-42a7-bbc2-9c4c5cbe906b","","1010","",""
"1010","1010","+237662269572","default","2026-01-08 13:47:37","","2026-01-08 13:47:50","13","0","CALL_REJECTED","24185532-32bc-4b96-8718-cf478e99da30","","1010","",""
"1010","1010","+237662269590","default","2026-01-08 13:47:41","","2026-01-08 13:47:53","12","0","CALL_REJECTED","a433e54d-7d34-446c-82ef-001798a11d06","","1010","",""
"1010","1010","+237662269602","default","2026-01-08 13:47:42","","2026-01-08 13:47:54","12","0","CALL_REJECTED","2b046d36-575f-4f9d-971d-166e57dd57e0","","1010","",""
"1010","1010","+237662269608","default","2026-01-08 13:47:43","","2026-01-08 13:47:55","12","0","CALL_REJECTED","44736690-6af7-4854-816f-3ead6a3c322d","","1010","",""
"1010","1010","+237662269621","default","2026-01-08 13:47:44","","2026-01-08 13:47:56","12","0","CALL_REJECTED","c34a2876-53d1-4f0c-9892-d6573c15a587","","1010","",""
"1010","1010","+237662269622","default","2026-01-08 13:47:45","","2026-01-08 13:47:57","12","0","CALL_REJECTED","1dd76206-fb96-4f62-941f-8e8948d4cd74","","1010","",""
"1010","1010","+237662269639","default","2026-01-08 13:47:46","","2026-01-08 13:47:58","12","0","CALL_REJECTED","0ba25928-089a-47e7-bddb-4b2792e76543","","1010","",""
"1010","1010","1000972567301988","default","2026-01-08 13:47:47","","2026-01-08 13:47:58","11","0","NORMAL_CLEARING","5daf4c3d-10ac-4dca-aa53-a9c8729e8c7f","","1010","",""
"1010","1010","1000421552302622","default","2026-01-08 13:47:47","","2026-01-08 13:47:59","12","0","NORMAL_CLEARING","16c66e5f-c66a-48a5-b2f8-47024efd6aae","","1010","",""
"1010","1010","1000972567301988","default","2026-01-08 13:47:47","","2026-01-08 13:47:59","12","0","NORMAL_CLEARING","a60e3eaf-88c4-4bc6-a274-3a5e038e5587","","1010","",""
"1010","1010","1000421552302622","default","2026-01-08 13:47:47","","2026-01-08 13:47:59","12","0","NORMAL_CLEARING","7ba723e2-2b68-4c0e-a609-d22c5380c6a0","","1010","",""
"1010","1010","1000421552302622","default","2026-01-08 13:47:47","","2026-01-08 13:47:59","12","0","NORMAL_CLEARING","e25674ea-d32c-4210-a7f0-8b5723e16e6e","","1010","",""
"1010","1010","+237662269651","default","2026-01-08 13:47:47","","2026-01-08 13:47:59","12","0","CALL_REJECTED","a920a220-3542-4830-a900-0ef71c7310d5","","1010","",""
"1010","1010","1000972567301988","default","2026-01-08 13:47:47","","2026-01-08 13:47:59","12","0","NORMAL_CLEARING","770f51fc-b0f5-4c3a-80bd-94ec5a177131","","1010","",""
"1010","1010","+237662269652","default","2026-01-08 13:47:48","","2026-01-08 13:48:00","12","0","CALL_REJECTED","0114c169-0fe5-4a85-9948-5c251d143467","","1010","",""
"1010","1010","1000421552302622","default","2026-01-08 13:47:48","","2026-01-08 13:48:00","12","0","NORMAL_CLEARING","c62dc28e-00c7-4fc0-b482-c988bd406296","","1010","",""
"1010","1010","1000972567301988","default","2026-01-08 13:47:48","","2026-01-08 13:48:00","12","0","NORMAL_CLEARING","466654da-1cee-4c45-a9cf-ab2f63f131e7","","1010","",""
"1010","1010","+237662269657","default","2026-01-08 13:47:49","","2026-01-08 13:48:01","12","0","CALL_REJECTED","7c4f2664-4007-4899-8ea0-b7655722b2ca","","1010","",""
"1010","1010","+237662269666","default","2026-01-08 13:47:50","","2026-01-08 13:48:02","12","0","CALL_REJECTED","64603ec1-bf6c-428f-a24e-f8ff5dc9b0c7","","1010","",""
"1010","1010","1000421552302622","default","2026-01-08 13:47:51","","2026-01-08 13:48:03","12","0","NORMAL_CLEARING","477189d2-b87c-4a04-a3e2-23316cb16101","","1010","",""
"1010","1010","1000972567301988","default","2026-01-08 13:47:51","","2026-01-08 13:48:03","12","0","NORMAL_CLEARING","c4fa565a-6a4b-43ce-8925-7b0747908780","","1010","",""
"1010","1010","+237662269669","default","2026-01-08 13:47:51","","2026-01-08 13:48:03","12","0","CALL_REJECTED","f386ec22-5989-4b47-9dc3-5f5a3618a26e","","1010","",""
"1010","1010","+237662269678","default","2026-01-08 13:47:53","","2026-01-08 13:48:05","12","0","CALL_REJECTED","421d0e39-75e0-4fdc-9708-e7a711b8d943","","1010","",""
"1010","1010","+237662269730","default","2026-01-08 13:47:55","","2026-01-08 13:48:07","12","0","CALL_REJECTED","9e2e780c-e347-4726-bfd2-de5a850aac6d","","1010","",""
"1010","1010","+237662269735","default","2026-01-08 13:47:56","","2026-01-08 13:48:08","12","0","CALL_REJECTED","c7ef4d41-999d-4ea4-af21-64d048284b68","","1010","",""
"1010","1010","+237662269743","default","2026-01-08 13:47:57","","2026-01-08 13:48:09","12","0","CALL_REJECTED","bd21252a-ea71-4601-9b76-609442eb57d5","","1010","",""
"1010","1010","+237662269754","default","2026-01-08 13:47:58","","2026-01-08 13:48:10","12","0","CALL_REJECTED","c184c148-1a2d-4178-a0d8-ef0d6f24b25c","","1010","",""
"1010","1010","+237662269762","default","2026-01-08 13:47:59","","2026-01-08 13:48:11","12","0","CALL_REJECTED","d2bb6a3f-41c2-443c-a6b0-f5e07f5afcc5","","1010","",""
"1010","1010","+237662269816","default","2026-01-08 13:48:00","","2026-01-08 13:48:12","12","0","CALL_REJECTED","f09b75bc-7df4-4d5c-9ce7-149843b6ba9a","","1010","",""
"1010","1010","+237662269818","default","2026-01-08 13:48:01","","2026-01-08 13:48:13","12","0","CALL_REJECTED","32f26b47-f9d1-4709-9a0c-9584693b9a97","","1010","",""
"1010","1010","+237662269825","default","2026-01-08 13:48:02","","2026-01-08 13:48:14","12","0","CALL_REJECTED","4a3895c0-4b74-4f54-8fea-a9983d8a832e","","1010","",""
"1010","1010","+237662269826","default","2026-01-08 13:48:03","","2026-01-08 13:48:15","12","0","CALL_REJECTED","4b184772-d028-4409-a69a-665df8797086","","1010","",""
"1010","1010","+237662269832","default","2026-01-08 13:48:04","","2026-01-08 13:48:16","12","0","CALL_REJECTED","f75d1af3-7175-4c98-bf06-afbbd85a9e04","","1010","",""
"1010","1010","+237662269842","default","2026-01-08 13:48:05","","2026-01-08 13:48:17","12","0","CALL_REJECTED","5cf3f1df-208a-4f7c-82b1-fec8f7b7dbbd","","1010","",""
"1010","1010","+237662269848","default","2026-01-08 13:48:07","","2026-01-08 13:48:19","12","0","CALL_REJECTED","ab140a04-dc90-4b99-8823-dc2fe7f01c35","","1010","",""
"1010","1010","0.421552302622","default","2026-01-08 13:48:09","","2026-01-08 13:48:21","12","0","NORMAL_CLEARING","4cc64e27-f701-4a5f-9bbf-348b7f32d933","","1010","",""
"1010","1010","0.972567301988","default","2026-01-08 13:48:09","","2026-01-08 13:48:21","12","0","NORMAL_CLEARING","b6f86b33-71b8-471c-9aa9-5cfb216d8082","","1010","",""
"1010","1010","0.421552302622","default","2026-01-08 13:48:09","","2026-01-08 13:48:21","12","0","NORMAL_CLEARING","de1ea4ed-d45d-4260-aaa5-27a05e74b556","","1010","",""
"1010","1010","0.972567301988","default","2026-01-08 13:48:09","","2026-01-08 13:48:22","13","0","NORMAL_CLEARING","773ce622-3486-4373-bff0-d68cca439053","","1010","",""
"1010","1010","+237662269859","default","2026-01-08 13:48:09","","2026-01-08 13:48:22","13","0","CALL_REJECTED","9143c3ee-85b5-411e-8b1e-e74869ac56d3","","1010","",""
"1010","1010","0.972567301988","default","2026-01-08 13:48:10","","2026-01-08 13:48:22","12","0","NORMAL_CLEARING","13431f19-9039-4415-ab38-44d5a92e698a","","1010","",""
"1010","1010","0.421552302622","default","2026-01-08 13:48:10","","2026-01-08 13:48:23","13","0","NORMAL_CLEARING","e246dc26-ba28-458e-bb98-e70a3ccd7258","","1010","",""
"1010","1010","+237662269868","default","2026-01-08 13:48:10","","2026-01-08 13:48:23","13","0","CALL_REJECTED","e7a0e635-4dbc-479b-836d-1030f02a0a9c","","1010","",""
"1010","1010","0.972567301988","default","2026-01-08 13:48:11","","2026-01-08 13:48:24","13","0","NORMAL_CLEARING","ab6d3033-36b8-4447-aeda-0c4703ca0839","","1010","",""
"1010","1010","0.421552302622","default","2026-01-08 13:48:11","","2026-01-08 13:48:24","13","0","NORMAL_CLEARING","e587bf7c-3fdb-4f20-bb6f-240f8d678747","","1010","",""
"1010","1010","+237662269870","default","2026-01-08 13:48:11","","2026-01-08 13:48:24","13","0","CALL_REJECTED","4717f4c0-bc00-49bd-bc07-17e0664ea36e","","1010","",""
"1010","1010","+237662269874","default","2026-01-08 13:48:12","","2026-01-08 13:48:25","13","0","CALL_REJECTED","2020dc0b-f0b0-4dcd-9be0-7c6ec3734bfc","","1010","",""
"1010","1010","0.972567301988","default","2026-01-08 13:48:13","","2026-01-08 13:48:26","13","0","NORMAL_CLEARING","c70fee1f-a098-42c0-b63b-8b4987679f8c","","1010","",""
"1010","1010","0.421552302622","default","2026-01-08 13:48:13","","2026-01-08 13:48:26","13","0","NORMAL_CLEARING","593c94e0-10b2-41e8-8be6-cf5e16efeb87","","1010","",""
"1010","1010","+237662269877","default","2026-01-08 13:48:13","","2026-01-08 13:48:26","13","0","CALL_REJECTED","7ec9fa69-977c-4cad-938e-f06c09a7ef98","","1010","",""
"1010","1010","+237662269883","default","2026-01-08 13:48:14","","2026-01-08 13:48:28","14","0","CALL_REJECTED","93e95522-46bd-42a2-8d72-95c8b18c1abc","","1010","",""
"1010","1010","+237662269893","default","2026-01-08 13:48:15","","2026-01-08 13:48:28","13","0","CALL_REJECTED","988e9d31-c0ef-4c75-a920-f962d26559ce","","1010","",""
"1010","1010","+237662269899","default","2026-01-08 13:48:16","","2026-01-08 13:48:30","14","0","CALL_REJECTED","b3cd5508-c851-489f-ba52-797928b8c562","","1010","",""
"1010","1010","+237662269908","default","2026-01-08 13:48:17","","2026-01-08 13:48:30","13","0","CALL_REJECTED","cfbf25a5-c7da-446d-b642-7e83f897e96f","","1010","",""
"1010","1010","+237662269911","default","2026-01-08 13:48:18","","2026-01-08 13:48:32","14","0","CALL_REJECTED","70b029ec-5d44-4f5b-a8f5-3764164d4036","","1010","",""
"1010","1010","+237662269920","default","2026-01-08 13:48:19","","2026-01-08 13:48:33","14","0","CALL_REJECTED","f4e5f75c-6c6c-42b6-a960-009cc3a288ce","","1010","",""
"1010","1010","+237662269940","default","2026-01-08 13:48:21","","2026-01-08 13:48:35","14","0","CALL_REJECTED","ca6806f7-062e-435d-9f0f-45b1be69c8de","","1010","",""
"1010","1010","+237662269945","default","2026-01-08 13:48:24","","2026-01-08 13:48:38","14","0","CALL_REJECTED","19337773-c82d-4e0a-9116-ec4186dd8339","","1010","",""
"1010","1010","+237662269986","default","2026-01-08 13:48:25","","2026-01-08 13:48:39","14","0","CALL_REJECTED","4e2c8346-8083-41f0-bcf2-12c58e732585","","1010","",""
"1010","1010","+237662269988","default","2026-01-08 13:48:26","","2026-01-08 13:48:40","14","0","CALL_REJECTED","0279f5fa-1bb5-4351-93e6-e5ae4bea1b71","","1010","",""
"1010","1010","+237662269997","default","2026-01-08 13:48:27","","2026-01-08 13:48:41","14","0","CALL_REJECTED","813be00a-1f60-4179-a030-cb883521c835","","1010","",""
"1010","1010","+237662269000","default","2026-01-08 13:48:28","","2026-01-08 13:48:42","14","0","CALL_REJECTED","128836b8-8c94-4bff-bce4-4d4c208d6b74","","1010","",""
"1010","1010","+237662269007","default","2026-01-08 13:48:30","","2026-01-08 13:48:44","14","0","CALL_REJECTED","2109dce1-dffb-4dc3-9961-df4bb430df57","","1010","",""
"1010","1010","+237662269010","default","2026-01-08 13:48:31","","2026-01-08 13:48:45","14","0","CALL_REJECTED","750977ab-95ec-4cdb-9241-201d80a11c84","","1010","",""
"1010","1010","9421552302622","default","2026-01-08 13:48:31","","2026-01-08 13:48:45","14","0","UNALLOCATED_NUMBER","24e45309-b1ab-4dbe-ac01-d4a3ad15fee4","","1010","",""
"1010","1010","9972567301988","default","2026-01-08 13:48:31","","2026-01-08 13:48:45","14","0","UNALLOCATED_NUMBER","cd964a1f-6099-4d22-9432-a460f9d18d86","","1010","",""
"1010","1010","9421552302622","default","2026-01-08 13:48:31","","2026-01-08 13:48:45","14","0","UNALLOCATED_NUMBER","bfa9cfff-cca7-4b1c-834f-50119b85af12","","1010","",""
"1010","1010","9972567301988","default","2026-01-08 13:48:31","","2026-01-08 13:48:45","14","0","UNALLOCATED_NUMBER","0128cd3a-9449-486f-b2ec-3260b2cc6f21","","1010","",""
"1010","1010","9972567301988","default","2026-01-08 13:48:32","","2026-01-08 13:48:45","13","0","DESTINATION_OUT_OF_ORDER","cf53dc8c-3a9a-4b87-9ca1-aecdf01ae51c","","1010","",""
"1010","1010","9421552302622","default","2026-01-08 13:48:32","","2026-01-08 13:48:46","14","0","UNALLOCATED_NUMBER","54055f7e-988b-40c6-bda8-243f8e7804a4","","1010","",""
"1010","1010","+237662269017","default","2026-01-08 13:48:32","","2026-01-08 13:48:46","14","0","CALL_REJECTED","0188f2db-83b9-48e3-b611-bfc72dbbd13d","","1010","",""
"1010","1010","9421552302622","default","2026-01-08 13:48:33","","2026-01-08 13:48:46","13","0","UNALLOCATED_NUMBER","73b77560-b838-40de-8053-b477fa49c0b0","","1010","",""
"1010","1010","9972567301988","default","2026-01-08 13:48:33","","2026-01-08 13:48:47","14","0","UNALLOCATED_NUMBER","6fe6082e-9af3-4bbc-8a8c-ad2fc6de7c0e","","1010","",""
"1010","1010","+237662269019","default","2026-01-08 13:48:33","","2026-01-08 13:48:47","14","0","CALL_REJECTED","c07df8e4-4bcd-4f19-8362-1261f5480a80","","1010","",""
"1010","1010","+237662269025","default","2026-01-08 13:48:34","","2026-01-08 13:48:48","14","0","CALL_REJECTED","308cfeb8-7ecc-410c-b325-88bea833169d","","1010","",""
"1010","1010","+237662269026","default","2026-01-08 13:48:35","","2026-01-08 13:48:49","14","0","CALL_REJECTED","2b86101c-b034-40a1-aecc-a21f8591c921","","1010","",""
"1010","1010","9972567301988","default","2026-01-08 13:48:35","","2026-01-08 13:48:49","14","0","UNALLOCATED_NUMBER","b3248e99-31ef-430c-9f39-835ce3ad33cb","","1010","",""
"1010","1010","9421552302622","default","2026-01-08 13:48:35","","2026-01-08 13:48:49","14","0","UNALLOCATED_NUMBER","5231e4d8-c060-45b2-8705-ddc45944d936","","1010","",""
"1010","1010","+237662269038","default","2026-01-08 13:48:37","","2026-01-08 13:48:50","13","0","CALL_REJECTED","8a9cf019-c2f8-455e-a8df-58dca9b0299c","","1010","",""
"1010","1010","+237662269050","default","2026-01-08 13:48:40","","2026-01-08 13:48:53","13","0","CALL_REJECTED","df828e06-ebd8-48c8-9983-d69e5eea6690","","1010","",""
"1010","1010","+237662269061","default","2026-01-08 13:48:41","","2026-01-08 13:48:53","12","0","DESTINATION_OUT_OF_ORDER","fe95a7e2-5a43-4bb6-90c7-355524d38169","","1010","",""
"1010","1010","+237662269065","default","2026-01-08 13:48:42","","2026-01-08 13:48:55","13","0","CALL_REJECTED","c2106bcb-99e8-4eca-8c36-f41f9ce41854","","1010","",""
"1010","1010","+237662269077","default","2026-01-08 13:48:43","","2026-01-08 13:48:55","12","0","CALL_REJECTED","f747a1ae-9861-4331-b4fc-ee92669d2bc7","","1010","",""
"1010","1010","+237662269121","default","2026-01-08 13:48:44","","2026-01-08 13:48:56","12","0","CALL_REJECTED","0961ce22-0504-4baa-91c1-cc87c06231de","","1010","",""
"1010","1010","+237662269127","default","2026-01-08 13:48:46","","2026-01-08 13:48:58","12","0","CALL_REJECTED","aeb78021-b445-440c-9a7a-d27d4587be6d","","1010","",""
"1010","1010","+237662269141","default","2026-01-08 13:48:47","","2026-01-08 13:48:59","12","0","CALL_REJECTED","956ad891-7f9c-4cc3-b3a2-4c6a1fc6bcd9","","1010","",""
"1010","1010","+237662269171","default","2026-01-08 13:48:48","","2026-01-08 13:48:59","11","0","CALL_REJECTED","69b3feeb-9e57-42b0-af48-59d52611fcba","","1010","",""
"1010","1010","+237662269173","default","2026-01-08 13:48:49","","2026-01-08 13:49:00","11","0","CALL_REJECTED","83bdbadc-35b0-4209-93cb-0b10d7e37a8a","","1010","",""
"1010","1010","+237662269179","default","2026-01-08 13:48:50","","2026-01-08 13:49:02","12","0","CALL_REJECTED","e1229d62-dc56-47ea-997a-31c3956bc922","","1010","",""
"1010","1010","+237662269190","default","2026-01-08 13:48:51","","2026-01-08 13:49:03","12","0","CALL_REJECTED","b605bd08-b77e-4728-b9ee-1f42b1682a5b","","1010","",""
"1010","1010","+237662269209","default","2026-01-08 13:48:53","","2026-01-08 13:49:08","15","0","CALL_REJECTED","567b9ce2-2dad-4ae1-932b-ecd5b8392860","","1010","",""
"1010","1010","8421552302622","default","2026-01-08 13:48:53","","2026-01-08 13:49:08","15","0","UNALLOCATED_NUMBER","e38cd43a-9099-48d9-bb90-385ac90423cb","","1010","",""
"1010","1010","8972567301988","default","2026-01-08 13:48:53","","2026-01-08 13:49:08","15","0","UNALLOCATED_NUMBER","3ad699ec-427d-48c7-ba54-f0cdfb077a25","","1010","",""
"1010","1010","8421552302622","default","2026-01-08 13:48:54","","2026-01-08 13:49:09","15","0","UNALLOCATED_NUMBER","c47ffaaf-4776-4fc4-9dc2-8e1cdefe777d","","1010","",""
"1010","1010","8972567301988","default","2026-01-08 13:48:54","","2026-01-08 13:49:10","16","0","UNALLOCATED_NUMBER","003e5b73-af75-4c52-a839-e81d90666fd6","","1010","",""
"1010","1010","8972567301988","default","2026-01-08 13:48:55","","2026-01-08 13:49:11","16","0","UNALLOCATED_NUMBER","45c142d6-ec90-4b60-b219-796f84a46011","","1010","",""
"1010","1010","+237662269212","default","2026-01-08 13:48:55","","2026-01-08 13:49:11","16","0","CALL_REJECTED","26dbcd65-3e7b-46c6-bf2e-e1e033d2bb86","","1010","",""
"1010","1010","8421552302622","default","2026-01-08 13:48:55","","2026-01-08 13:49:11","16","0","UNALLOCATED_NUMBER","60a10b46-d7ed-409a-92b8-8cc201af3d3b","","1010","",""
"1010","1010","+237662269235","default","2026-01-08 13:48:56","","2026-01-08 13:49:13","17","0","CALL_REJECTED","98667a7f-fdcd-4378-816d-5c06c76478a3","","1010","",""
"1010","1010","+237662269243","default","2026-01-08 13:48:57","","2026-01-08 13:49:15","18","0","CALL_REJECTED","23439458-574b-4a1a-a88a-1ccdd46707d9","","1010","",""
"1010","1010","8972567301988","default","2026-01-08 13:48:58","","2026-01-08 13:49:16","18","0","UNALLOCATED_NUMBER","5c41cd53-0eed-4b2f-9d9b-0360d4d51357","","1010","",""
"1010","1010","8421552302622","default","2026-01-08 13:48:58","","2026-01-08 13:49:16","18","0","UNALLOCATED_NUMBER","5cbf24f8-944b-4de5-b5ec-8a3d10a1b721","","1010","",""
"1010","1010","+237662269257","default","2026-01-08 13:48:58","","2026-01-08 13:49:17","19","0","CALL_REJECTED","708195f1-bcae-4a40-9d44-16b9804512ee","","1010","",""
"1010","1010","+237662269261","default","2026-01-08 13:48:59","","2026-01-08 13:49:19","20","0","CALL_REJECTED","785516ea-32b9-44a0-a09a-ebfd48532715","","1010","",""
"1010","1010","+237662269270","default","2026-01-08 13:49:00","","2026-01-08 13:49:21","21","0","CALL_REJECTED","030925b0-dc90-444c-9074-d80daee682b7","","1010","",""
"1010","1010","+237662269275","default","2026-01-08 13:49:01","","2026-01-08 13:49:22","21","0","CALL_REJECTED","fac6a245-146b-4b24-97fe-d1f640a11e67","","1010","",""
"1010","1010","+237662269279","default","2026-01-08 13:49:02","","2026-01-08 13:49:23","21","0","CALL_REJECTED","bb9fbf4b-8f57-4688-934f-c3cf68c6e429","","1010","",""
"1010","1010","+237662269289","default","2026-01-08 13:49:04","","2026-01-08 13:49:24","20","0","CALL_REJECTED","98345e1b-1b89-431c-9c49-a2dbd1ea2c21","","1010","",""
"1010","1010","+237662269302","default","2026-01-08 13:49:04","","2026-01-08 13:49:25","21","0","CALL_REJECTED","832ea08f-91ac-4ae1-939e-619fdf4c2229","","1010","",""
"1010","1010","+237662269304","default","2026-01-08 13:49:05","","2026-01-08 13:49:26","21","0","CALL_REJECTED","bf0f523c-0165-4041-90cf-381b6e8e7220","","1010","",""
"1010","1010","+237662269312","default","2026-01-08 13:49:09","","2026-01-08 13:49:30","21","0","CALL_REJECTED","0da7d941-c5d0-43d8-9bb5-dcdba3d71889","","1010","",""
"1010","1010","+237662269316","default","2026-01-08 13:49:13","","2026-01-08 13:49:35","22","0","CALL_REJECTED","d4fcc0d6-f00d-4cbc-8ae6-8302602a5f25","","1010","",""
"1010","1010","7421552302622","default","2026-01-08 13:49:15","","2026-01-08 13:49:37","22","0","UNALLOCATED_NUMBER","094c25da-86eb-43fc-957c-1c40ffb5bc44","","1010","",""
"1010","1010","7972567301988","default","2026-01-08 13:49:15","","2026-01-08 13:49:37","22","0","UNALLOCATED_NUMBER","0b3294a7-64dc-4ef2-955f-be206f46bb8c","","1010","",""
"1010","1010","7972567301988","default","2026-01-08 13:49:15","","2026-01-08 13:49:38","23","0","UNALLOCATED_NUMBER","962e7af6-9982-447d-b936-1a1db82d3fd0","","1010","",""
"1010","1010","+237662269320","default","2026-01-08 13:49:15","","2026-01-08 13:49:38","23","0","CALL_REJECTED","8f4e724d-8722-4c8a-b00c-544d9f50af4f","","1010","",""
"1010","1010","7421552302622","default","2026-01-08 13:49:15","","2026-01-08 13:49:38","23","0","UNALLOCATED_NUMBER","d3fa92d8-d16e-4ee7-980a-eef4c0bfb69d","","1010","",""
"1010","1010","7972567301988","default","2026-01-08 13:49:16","","2026-01-08 13:49:38","22","0","UNALLOCATED_NUMBER","38e31e9a-4d77-4d1f-a5f3-ec16724ab8e3","","1010","",""
"1010","1010","7421552302622","default","2026-01-08 13:49:16","","2026-01-08 13:49:38","22","0","UNALLOCATED_NUMBER","4342d5d0-87b4-4e05-b822-3e4ce28c23b7","","1010","",""
"1010","1010","+237662269326","default","2026-01-08 13:49:17","","2026-01-08 13:49:40","23","0","CALL_REJECTED","8012d259-11c0-4da3-b42f-f66518d946c5","","1010","",""
"1010","1010","7972567301988","default","2026-01-08 13:49:17","","2026-01-08 13:49:40","23","0","UNALLOCATED_NUMBER","f896c2a8-fb4d-4294-ba12-28b4b719984b","","1010","",""
"1010","1010","7421552302622","default","2026-01-08 13:49:17","","2026-01-08 13:49:40","23","0","UNALLOCATED_NUMBER","743fdddc-9ad7-44c2-a4cd-b4d8a34a0f0f","","1010","",""
"1010","1010","+237662269343","default","2026-01-08 13:49:19","","2026-01-08 13:49:42","23","0","CALL_REJECTED","6d3fa6fc-102b-419a-9c37-204e3e0664f4","","1010","",""
"1010","1010","+237662269346","default","2026-01-08 13:49:20","","2026-01-08 13:49:44","24","0","CALL_REJECTED","a9483951-785a-475b-a85e-cc16c8cc9301","","1010","",""
"1010","1010","7421552302622","default","2026-01-08 13:49:20","","2026-01-08 13:49:44","24","0","UNALLOCATED_NUMBER","a9430e93-a12f-4d3f-99e4-5793c8ba0018","","1010","",""
"1010","1010","7972567301988","default","2026-01-08 13:49:20","","2026-01-08 13:49:44","24","0","UNALLOCATED_NUMBER","15628496-2677-41d9-a66d-af3f35a937bc","","1010","",""
"1010","1010","+237662269351","default","2026-01-08 13:49:23","","2026-01-08 13:49:47","24","0","CALL_REJECTED","c6740daf-7ec6-4568-8bf6-260bd425725c","","1010","",""
"1010","1010","+237662269370","default","2026-01-08 13:49:24","","2026-01-08 13:49:48","24","0","CALL_REJECTED","5beac61a-3049-47f8-9e70-957fed3ba0d3","","1010","",""
"1010","1010","+237662269371","default","2026-01-08 13:49:25","","2026-01-08 13:49:49","24","0","CALL_REJECTED","d274e8d8-47af-4d89-98a5-2c85beca7ad2","","1010","",""
"1010","1010","+237662269381","default","2026-01-08 13:49:26","","2026-01-08 13:49:50","24","0","CALL_REJECTED","47e409dc-635b-4d7a-ba82-9be33a138117","","1010","",""
"1010","1010","+237662269385","default","2026-01-08 13:49:27","","2026-01-08 13:49:51","24","0","CALL_REJECTED","f58fd713-f97d-42dc-aa2b-a398f2ae0ccd","","1010","",""
"1010","1010","+237662269396","default","2026-01-08 13:49:28","","2026-01-08 13:49:52","24","0","CALL_REJECTED","4afc7bb7-3488-4729-839a-b0df00545784","","1010","",""
"1010","1010","+237662269399","default","2026-01-08 13:49:32","","2026-01-08 13:49:56","24","0","CALL_REJECTED","04fb7128-ca1e-43b9-896e-69be4951a257","","1010","",""
"1010","1010","0011972567301988","default","2026-01-08 13:49:37","","2026-01-08 13:50:00","23","0","NORMAL_CLEARING","02829e78-de9c-475f-8991-fac06ff007b1","","1010","",""
"1010","1010","0011421552302622","default","2026-01-08 13:49:37","","2026-01-08 13:50:00","23","0","NORMAL_CLEARING","b7f33c5c-7ab2-467b-804c-62aa8eabab0c","","1010","",""
"1010","1010","0011972567301988","default","2026-01-08 13:49:38","","2026-01-08 13:50:00","22","0","NORMAL_CLEARING","fc7a60ac-53e2-4c96-960c-398ea4bec135","","1010","",""
"1010","1010","0011421552302622","default","2026-01-08 13:49:38","","2026-01-08 13:50:00","22","0","NORMAL_CLEARING","1b1b7aa0-ed7d-4c40-a463-4ab6f595ec56","","1010","",""
"1010","1010","0011972567301988","default","2026-01-08 13:49:38","","2026-01-08 13:50:00","22","0","NORMAL_CLEARING","3ccb7fe7-30d2-46b5-9f1d-3cf253c892ba","","1010","",""
"1010","1010","0011421552302622","default","2026-01-08 13:49:38","","2026-01-08 13:50:01","23","0","NORMAL_CLEARING","a0824d2d-6ab6-42fb-a027-a883c0d46ecf","","1010","",""
"1010","1010","0011972567301988","default","2026-01-08 13:49:38","","2026-01-08 13:50:01","23","0","NORMAL_CLEARING","47e13baf-eb91-4876-ba36-dae5c58bebb1","","1010","",""
"1010","1010","+237662269402","default","2026-01-08 13:49:37","","2026-01-08 13:50:01","24","0","CALL_REJECTED","0182b4ea-6211-4546-85dd-0775eca96fbf","","1010","",""
"1010","1010","0011421552302622","default","2026-01-08 13:49:38","","2026-01-08 13:50:01","23","0","NORMAL_CLEARING","fc94d0d5-0a01-43e6-b914-bd65bc44737d","","1010","",""
"1010","1010","+237662269455","default","2026-01-08 13:49:39","","2026-01-08 13:50:02","23","0","CALL_REJECTED","fa84262c-3703-475a-8427-9c1e7c01a820","","1010","",""
"1010","1010","0011421552302622","default","2026-01-08 13:49:43","","2026-01-08 13:50:05","22","0","NORMAL_CLEARING","207d596c-f96f-45b2-b61a-9e432e9039d4","","1010","",""
"1010","1010","+237662269459","default","2026-01-08 13:49:42","","2026-01-08 13:50:05","23","0","CALL_REJECTED","c992a6b7-3458-4b38-8728-f5d90441ded3","","1010","",""
"1010","1010","0011972567301988","default","2026-01-08 13:49:43","","2026-01-08 13:50:05","22","0","NORMAL_CLEARING","7984dd09-a3ea-46ef-a028-f3684d9e0245","","1010","",""
"1010","1010","+237662269465","default","2026-01-08 13:49:44","","2026-01-08 13:50:07","23","0","CALL_REJECTED","8433fe3d-62c4-4e08-b2b5-38f27ca19056","","1010","",""
"1010","1010","+237662269469","default","2026-01-08 13:49:45","","2026-01-08 13:50:07","22","0","CALL_REJECTED","4e7ab1f4-37a5-45ab-95f2-c82f4882fc06","","1010","",""
"1010","1010","+237662269471","default","2026-01-08 13:49:48","","2026-01-08 13:50:10","22","0","CALL_REJECTED","743d3ea4-2864-4f0f-b270-f105f426152a","","1010","",""
"1010","1010","+237662269479","default","2026-01-08 13:49:50","","2026-01-08 13:50:12","22","0","CALL_REJECTED","18c54523-3884-4103-b95a-14fcec0bb3e4","","1010","",""
"1010","1010","+237662269488","default","2026-01-08 13:49:51","","2026-01-08 13:50:13","22","0","CALL_REJECTED","54ec4773-269f-4439-ba48-27fbddb9806b","","1010","",""
"1010","1010","+237662269500","default","2026-01-08 13:49:52","","2026-01-08 13:50:14","22","0","CALL_REJECTED","4d10a745-cd27-43dc-84a2-f92118d4e4a3","","1010","",""
"1010","1010","+237662269519","default","2026-01-08 13:49:54","","2026-01-08 13:50:15","21","0","CALL_REJECTED","32b8674b-617f-46d9-9ec2-5ee4456bab66","","1010","",""
"1010","1010","+237662269513","default","2026-01-08 13:49:53","","2026-01-08 13:50:15","22","0","CALL_REJECTED","1c86fa83-37d6-48b5-8487-50eed55bdb9f","","1010","",""
"1010","1010","+237662269535","default","2026-01-08 13:49:57","","2026-01-08 13:50:18","21","0","CALL_REJECTED","0606ac18-3b6e-4ac9-aaf3-b076ae7f1f3f","","1010","",""
"1010","1010","00011421552302622","default","2026-01-08 13:50:00","","2026-01-08 13:50:20","20","0","NORMAL_CLEARING","5ede6dd8-7498-448f-8548-b798f350231f","","1010","",""
"1010","1010","00011421552302622","default","2026-01-08 13:50:00","","2026-01-08 13:50:20","20","0","NORMAL_CLEARING","7ff624d9-8623-4cc3-815e-65d33eea50e9","","1010","",""
"1010","1010","00011972567301988","default","2026-01-08 13:50:00","","2026-01-08 13:50:20","20","0","NORMAL_CLEARING","323406f7-d4db-4733-9f50-0281a3a5ae85","","1010","",""
"1010","1010","00011972567301988","default","2026-01-08 13:50:00","","2026-01-08 13:50:20","20","0","NORMAL_CLEARING","f0272b81-f3a8-4f25-b5e4-eaf053ca968b","","1010","",""
"1010","1010","00011421552302622","default","2026-01-08 13:50:00","","2026-01-08 13:50:21","21","0","NORMAL_CLEARING","f972a3cb-8524-40b3-82b0-cd996b66e571","","1010","",""
"1010","1010","00011972567301988","default","2026-01-08 13:50:00","","2026-01-08 13:50:21","21","0","NORMAL_CLEARING","79ae327a-bd62-4e32-9347-163b828d6765","","1010","",""
"1010","1010","00011421552302622","default","2026-01-08 13:50:00","","2026-01-08 13:50:21","21","0","NORMAL_CLEARING","6c936aa4-cdbe-4e91-8840-93ac34d244f9","","1010","",""
"1010","1010","00011972567301988","default","2026-01-08 13:50:01","","2026-01-08 13:50:21","20","0","NORMAL_CLEARING","8fba8f6c-360e-40e7-b403-003f7805c970","","1010","",""
"1010","1010","+237662269541","default","2026-01-08 13:50:03","","2026-01-08 13:50:23","20","0","CALL_REJECTED","e30f6637-1a60-4441-b9c2-6e1deeed2be3","","1010","",""
"1010","1010","+237662269543","default","2026-01-08 13:50:04","","2026-01-08 13:50:24","20","0","CALL_REJECTED","73d214a3-5f1a-4e85-a7a3-e2772ff41491","","1010","",""
"1010","1010","00011421552302622","default","2026-01-08 13:50:06","","2026-01-08 13:50:25","19","0","NORMAL_CLEARING","b83ccb2f-b651-4d7f-8f6f-c6f2ebd1ec94","","1010","",""
"1010","1010","00011972567301988","default","2026-01-08 13:50:06","","2026-01-08 13:50:26","20","0","NORMAL_CLEARING","fc563c3d-6c18-413a-a970-3a986e3a9ef0","","1010","",""
"1010","1010","+237662269564","default","2026-01-08 13:50:07","","2026-01-08 13:50:27","20","0","CALL_REJECTED","e5c83ea4-2a08-466b-8948-5439465b0fd1","","1010","",""
"1010","1010","+237662269572","default","2026-01-08 13:50:08","","2026-01-08 13:50:28","20","0","CALL_REJECTED","8236df17-5426-4586-ad58-aa526b00d2cc","","1010","",""
"1010","1010","+237662269590","default","2026-01-08 13:50:09","","2026-01-08 13:50:29","20","0","CALL_REJECTED","962ca58d-0976-437e-9366-294c8b13c4ff","","1010","",""
"1010","1010","+237662269602","default","2026-01-08 13:50:12","","2026-01-08 13:50:32","20","0","CALL_REJECTED","6037341d-0d80-4932-8103-618fd74fd42c","","1010","",""
"1010","1010","+237662269608","default","2026-01-08 13:50:14","","2026-01-08 13:50:34","20","0","CALL_REJECTED","b02b8002-fffa-4382-b418-b92be26da13e","","1010","",""
"1010","1010","+237662269621","default","2026-01-08 13:50:15","","2026-01-08 13:50:35","20","0","CALL_REJECTED","691175d7-ce11-4bde-aa21-6d71be896463","","1010","",""
"1010","1010","+237662269622","default","2026-01-08 13:50:16","","2026-01-08 13:50:36","20","0","CALL_REJECTED","8204172e-c817-472d-bc3b-c54f42c68d8d","","1010","",""
"1010","1010","+237662269639","default","2026-01-08 13:50:17","","2026-01-08 13:50:37","20","0","CALL_REJECTED","cbd6999e-7137-433b-9f4e-36877930d001","","1010","",""
"1010","1010","+237662269651","default","2026-01-08 13:50:18","","2026-01-08 13:50:39","21","0","CALL_REJECTED","c0d39344-39c8-4bc4-bba9-0c125f014722","","1010","",""
"1010","1010","+237662269652","default","2026-01-08 13:50:20","","2026-01-08 13:50:41","21","0","CALL_REJECTED","f7ec33b2-79fc-4ef5-af96-022baf75e1ba","","1010","",""
"1010","1010","100972567301988","default","2026-01-08 13:50:23","","2026-01-08 13:50:43","20","0","NORMAL_CLEARING","2c0c5348-6774-4c11-aec9-6a05d3ae859d","","1010","",""
"1010","1010","100972567301988","default","2026-01-08 13:50:23","","2026-01-08 13:50:43","20","0","NORMAL_CLEARING","81203114-59ad-4412-bbc6-c836e6996dcf","","1010","",""
"1010","1010","100421552302622","default","2026-01-08 13:50:23","","2026-01-08 13:50:43","20","0","NORMAL_CLEARING","eeaa8c97-d4a8-47f4-8916-05251b8463e7","","1010","",""
"1010","1010","100972567301988","default","2026-01-08 13:50:23","","2026-01-08 13:50:43","20","0","NORMAL_CLEARING","51c3cd50-c7cb-4582-906d-f9320c55d314","","1010","",""
"1010","1010","100421552302622","default","2026-01-08 13:50:23","","2026-01-08 13:50:43","20","0","NORMAL_CLEARING","f9d407ca-6c27-4327-8d80-c5b88b56f932","","1010","",""
"1010","1010","100421552302622","default","2026-01-08 13:50:23","","2026-01-08 13:50:44","21","0","NORMAL_CLEARING","c68c7715-86c2-47db-93d0-523b79aeeb56","","1010","",""
"1010","1010","100972567301988","default","2026-01-08 13:50:24","","2026-01-08 13:50:44","20","0","NORMAL_CLEARING","917b4994-c006-420e-8b84-857376c36634","","1010","",""
"1010","1010","100421552302622","default","2026-01-08 13:50:24","","2026-01-08 13:50:44","20","0","NORMAL_CLEARING","993568d2-48dc-4b96-aa06-bac829e56581","","1010","",""
"1010","1010","+237662269657","default","2026-01-08 13:50:25","","2026-01-08 13:50:46","21","0","CALL_REJECTED","f4024014-64a1-4137-8916-314c5373a5f7","","1010","",""
"1010","1010","+237662269666","default","2026-01-08 13:50:26","","2026-01-08 13:50:47","21","0","CALL_REJECTED","c3b45b20-1ae0-463e-9148-ea425ecc3b55","","1010","",""
"1010","1010","100972567301988","default","2026-01-08 13:50:28","","2026-01-08 13:50:49","21","0","NORMAL_CLEARING","66cec050-d0fb-47a5-8c93-384aa37f936e","","1010","",""
"1010","1010","100421552302622","default","2026-01-08 13:50:28","","2026-01-08 13:50:49","21","0","NORMAL_CLEARING","cd4c464c-07bb-4b51-b0a8-26d2e0a3db3c","","1010","",""
"1010","1010","+237662269669","default","2026-01-08 13:50:29","","2026-01-08 13:50:50","21","0","CALL_REJECTED","fb2b4fba-e160-4194-912a-1316b40e3d09","","1010","",""
"1010","1010","+237662269678","default","2026-01-08 13:50:30","","2026-01-08 13:50:51","21","0","CALL_REJECTED","904706a8-4fe0-4498-90a0-a2b5a694e0f8","","1010","",""
"1010","1010","+237662269730","default","2026-01-08 13:50:31","","2026-01-08 13:50:52","21","0","CALL_REJECTED","cec95a65-4e44-4267-bbb9-a835aeac10cb","","1010","",""
"1010","1010","+237662269735","default","2026-01-08 13:50:34","","2026-01-08 13:50:55","21","0","CALL_REJECTED","dc06c222-aa2f-4357-8696-d429cc99cec1","","1010","",""
"1010","1010","+237662269743","default","2026-01-08 13:50:36","","2026-01-08 13:50:57","21","0","CALL_REJECTED","9d66d00a-340b-4f64-bb11-7fb13434cc27","","1010","",""
"1010","1010","+237662269754","default","2026-01-08 13:50:37","","2026-01-08 13:50:58","21","0","CALL_REJECTED","147c2eec-26a5-4eeb-8d1d-f9874e9033d2","","1010","",""
"1010","1010","+237662269762","default","2026-01-08 13:50:38","","2026-01-08 13:50:59","21","0","CALL_REJECTED","64d0b924-d019-435d-872a-3d4264b7e97b","","1010","",""
"1010","1010","+237662269816","default","2026-01-08 13:50:39","","2026-01-08 13:51:00","21","0","CALL_REJECTED","a0335d87-d6b7-4125-9c24-237413e4d565","","1010","",""
"1010","1010","+237662269818","default","2026-01-08 13:50:40","","2026-01-08 13:51:01","21","0","CALL_REJECTED","3038166c-427a-48bc-8bec-f830942e20aa","","1010","",""
"1010","1010","+237662269825","default","2026-01-08 13:50:42","","2026-01-08 13:51:03","21","0","CALL_REJECTED","ddbd5c23-228c-40f7-9b3b-369b19d933d7","","1010","",""
"1010","1010","200421552302622","default","2026-01-08 13:50:46","","2026-01-08 13:51:08","22","0","UNALLOCATED_NUMBER","ee62bd3e-0bd8-4002-a1dc-315acb10d276","","1010","",""
"1010","1010","200421552302622","default","2026-01-08 13:50:46","","2026-01-08 13:51:08","22","0","UNALLOCATED_NUMBER","847bac48-71a5-4f20-875c-720a1cb51d17","","1010","",""
"1010","1010","200972567301988","default","2026-01-08 13:50:46","","2026-01-08 13:51:08","22","0","UNALLOCATED_NUMBER","6b90068d-54fb-41c1-b905-a43631968f52","","1010","",""
"1010","1010","200972567301988","default","2026-01-08 13:50:46","","2026-01-08 13:51:08","22","0","UNALLOCATED_NUMBER","885301a5-3174-42cb-8aa7-2d0fc751b58f","","1010","",""
"1010","1010","200972567301988","default","2026-01-08 13:50:46","","2026-01-08 13:51:08","22","0","UNALLOCATED_NUMBER","2b1375c3-ae05-44c0-9d0f-77cab67cc825","","1010","",""
"1010","1010","200421552302622","default","2026-01-08 13:50:46","","2026-01-08 13:51:08","22","0","UNALLOCATED_NUMBER","6c5acd64-6c6e-4ea1-819b-b3071186f89b","","1010","",""
"1010","1010","200421552302622","default","2026-01-08 13:50:46","","2026-01-08 13:51:08","22","0","UNALLOCATED_NUMBER","f6587056-e9c5-41fa-b561-cb9488fdad76","","1010","",""
"1010","1010","200972567301988","default","2026-01-08 13:50:46","","2026-01-08 13:51:08","22","0","UNALLOCATED_NUMBER","ee2ffcca-29e0-47d9-85bd-b3436cb1830d","","1010","",""
"1010","1010","+237662269826","default","2026-01-08 13:50:47","","2026-01-08 13:51:10","23","0","CALL_REJECTED","f84b0590-ad36-420a-80f9-d8a682dcb861","","1010","",""
"1010","1010","+237662269832","default","2026-01-08 13:50:48","","2026-01-08 13:51:11","23","0","CALL_REJECTED","1a0a2d50-89ca-49e3-9a04-982632ff28b5","","1010","",""
"1010","1010","200972567301988","default","2026-01-08 13:50:51","","2026-01-08 13:51:13","22","0","UNALLOCATED_NUMBER","8185504a-a83d-4fb6-bad9-5583a2616ca3","","1010","",""
"1010","1010","200421552302622","default","2026-01-08 13:50:51","","2026-01-08 13:51:13","22","0","UNALLOCATED_NUMBER","e84c1b61-9ffe-402e-a6ce-9ca1b6a267c3","","1010","",""
"1010","1010","+237662269842","default","2026-01-08 13:50:51","","2026-01-08 13:51:14","23","0","CALL_REJECTED","140bc20c-0ff7-4412-81a5-7b5e20bf2f2d","","1010","",""
"1010","1010","+237662269848","default","2026-01-08 13:50:52","","2026-01-08 13:51:15","23","0","CALL_REJECTED","7519eaa3-cc7a-4abc-acda-33ecd02891d3","","1010","",""
"1010","1010","+237662269859","default","2026-01-08 13:50:53","","2026-01-08 13:51:15","22","0","CALL_REJECTED","fcd7826b-2c1a-4963-be62-0b028f7ed3c7","","1010","",""
"1010","1010","+237662269868","default","2026-01-08 13:50:56","","2026-01-08 13:51:18","22","0","CALL_REJECTED","04bce32e-f866-4a75-85aa-a3a4d4a57594","","1010","",""
"1010","1010","+237662269870","default","2026-01-08 13:50:59","","2026-01-08 13:51:21","22","0","CALL_REJECTED","788bd935-42cb-43f4-8b19-bd3077fec2a2","","1010","",""
"1010","1010","+237662269874","default","2026-01-08 13:51:00","","2026-01-08 13:51:22","22","0","CALL_REJECTED","982be448-077b-4583-a7c2-ad2fc1a1a751","","1010","",""
"1010","1010","+237662269877","default","2026-01-08 13:51:02","","2026-01-08 13:51:23","21","0","CALL_REJECTED","2bade5da-a403-463a-b6fc-c282c5a09d21","","1010","",""
"1010","1010","+237662269883","default","2026-01-08 13:51:03","","2026-01-08 13:51:24","21","0","CALL_REJECTED","872c26a3-23eb-4567-ba87-541cce3f98f8","","1010","",""
"1010","1010","+237662269893","default","2026-01-08 13:51:03","","2026-01-08 13:51:24","21","0","CALL_REJECTED","574a2eb7-6fdb-4535-bc0f-5722c69001b3","","1010","",""
"1010","1010","+237662269899","default","2026-01-08 13:51:06","","2026-01-08 13:51:27","21","0","CALL_REJECTED","7e591360-8d72-4d44-8b46-0b76030f18f0","","1010","",""
"1010","1010","300972567301988","default","2026-01-08 13:51:08","","2026-01-08 13:51:29","21","0","UNALLOCATED_NUMBER","536d12d4-78ff-435f-ad0c-325f341abbcd","","1010","",""
"1010","1010","300421552302622","default","2026-01-08 13:51:08","","2026-01-08 13:51:29","21","0","UNALLOCATED_NUMBER","759525cf-114d-471c-8db6-9a71ca095f21","","1010","",""
"1010","1010","300972567301988","default","2026-01-08 13:51:08","","2026-01-08 13:51:29","21","0","UNALLOCATED_NUMBER","2a3731d6-f23a-41a1-aaf8-0e712fd7b6ad","","1010","",""
"1010","1010","300972567301988","default","2026-01-08 13:51:09","","2026-01-08 13:51:29","20","0","UNALLOCATED_NUMBER","5673ab70-4ed8-426e-a3d4-260461136980","","1010","",""
"1010","1010","300421552302622","default","2026-01-08 13:51:08","","2026-01-08 13:51:29","21","0","UNALLOCATED_NUMBER","907e1b63-3118-4b24-b89c-f5968456c66e","","1010","",""
"1010","1010","300421552302622","default","2026-01-08 13:51:09","","2026-01-08 13:51:29","20","0","UNALLOCATED_NUMBER","15419e90-1dee-4fac-91bb-1cbc5c236fa8","","1010","",""
"1010","1010","300972567301988","default","2026-01-08 13:51:10","","2026-01-08 13:51:30","20","0","UNALLOCATED_NUMBER","7b66a7ea-cfee-469e-9c47-6670cc34cda0","","1010","",""
"1010","1010","300421552302622","default","2026-01-08 13:51:10","","2026-01-08 13:51:30","20","0","UNALLOCATED_NUMBER","8a5ca618-0301-4c0d-8fde-cd2a463f3a95","","1010","",""
"1010","1010","+237662269908","default","2026-01-08 13:51:11","","2026-01-08 13:51:33","22","0","CALL_REJECTED","852261b6-efac-47c8-a5d2-39bc4ff01d6f","","1010","",""
"1010","1010","+237662269911","default","2026-01-08 13:51:12","","2026-01-08 13:51:33","21","0","CALL_REJECTED","224641ba-b491-43ac-8260-99d905e27e65","","1010","",""
"1010","1010","300972567301988","default","2026-01-08 13:51:14","","2026-01-08 13:51:35","21","0","UNALLOCATED_NUMBER","964d036f-3ba6-4640-af92-b80134631e43","","1010","",""
"1010","1010","300421552302622","default","2026-01-08 13:51:14","","2026-01-08 13:51:35","21","0","UNALLOCATED_NUMBER","d64e1ad4-4984-4825-bada-86fc5284ee4c","","1010","",""
"1010","1010","+237662269920","default","2026-01-08 13:51:16","","2026-01-08 13:51:36","20","0","CALL_REJECTED","1bc002f3-97c5-4631-80ec-2f141f36d928","","1010","",""
"1010","1010","+237662269940","default","2026-01-08 13:51:16","","2026-01-08 13:51:38","22","0","CALL_REJECTED","5face14c-2f47-4bec-994e-2bb5e420815b","","1010","",""
"1010","1010","+237662269945","default","2026-01-08 13:51:18","","2026-01-08 13:51:39","21","0","CALL_REJECTED","4b9fc9ce-8839-420e-aeb0-ab4e5c4d3d5b","","1010","",""
"1010","1010","+237662269986","default","2026-01-08 13:51:20","","2026-01-08 13:51:42","22","0","CALL_REJECTED","80eaa564-aa27-48c1-983a-37310d4ad221","","1010","",""
"1010","1010","+237662269988","default","2026-01-08 13:51:23","","2026-01-08 13:51:44","21","0","CALL_REJECTED","80f64359-cc29-4180-92c5-455bbf8219f1","","1010","",""
"1010","1010","+237662269997","default","2026-01-08 13:51:24","","2026-01-08 13:51:45","21","0","CALL_REJECTED","c4c88d55-471b-4cb6-be96-95400d565029","","1010","",""
"1010","1010","+237662269000","default","2026-01-08 13:51:26","","2026-01-08 13:51:47","21","0","CALL_REJECTED","87179e09-25a1-46ba-a1f1-4a740aedffba","","1010","",""
"1010","1010","+237662269007","default","2026-01-08 13:51:27","","2026-01-08 13:51:48","21","0","CALL_REJECTED","bdebd752-3bf6-422e-ab20-d3e9794bcc4c","","1010","",""
"1010","1010","+237662269010","default","2026-01-08 13:51:28","","2026-01-08 13:51:49","21","0","CALL_REJECTED","cece9d88-2d02-4106-983d-8637d11c6f4c","","1010","",""
"1010","1010","400972567301988","default","2026-01-08 13:51:29","","2026-01-08 13:51:51","22","0","UNALLOCATED_NUMBER","b41029aa-125a-44ed-a2f3-7b84acfce6ef","","1010","",""
"1010","1010","+237662269017","default","2026-01-08 13:51:29","","2026-01-08 13:51:51","22","0","CALL_REJECTED","6473c2ac-5648-48b3-9e8c-b1685e354926","","1010","",""
"1010","1010","400421552302622","default","2026-01-08 13:51:29","","2026-01-08 13:51:51","22","0","UNALLOCATED_NUMBER","8b7998b3-09a8-4929-a288-aea697cf4b89","","1010","",""
"1010","1010","400421552302622","default","2026-01-08 13:51:30","","2026-01-08 13:51:52","22","0","UNALLOCATED_NUMBER","e043d8d2-8605-4c41-9c74-67b48e641477","","1010","",""
"1010","1010","400972567301988","default","2026-01-08 13:51:30","","2026-01-08 13:51:52","22","0","UNALLOCATED_NUMBER","2bb6bb66-58c6-4f63-81a3-cb28bcb94472","","1010","",""
"1010","1010","400972567301988","default","2026-01-08 13:51:31","","2026-01-08 13:51:53","22","0","UNALLOCATED_NUMBER","30aceb56-fcc8-46c0-b9ea-29b14a3d3694","","1010","",""
"1010","1010","400421552302622","default","2026-01-08 13:51:31","","2026-01-08 13:51:53","22","0","UNALLOCATED_NUMBER","edcd295b-9080-4d9f-bae7-629720b6d6d7","","1010","",""
"1010","1010","400421552302622","default","2026-01-08 13:51:31","","2026-01-08 13:51:53","22","0","UNALLOCATED_NUMBER","a5c166a6-ccd7-4de2-b0ee-80486eb6afea","","1010","",""
"1010","1010","400972567301988","default","2026-01-08 13:51:31","","2026-01-08 13:51:53","22","0","UNALLOCATED_NUMBER","795a201a-49e1-4662-b332-f36ff3efedac","","1010","",""
"1010","1010","+237662269019","default","2026-01-08 13:51:34","","2026-01-08 13:51:57","23","0","CALL_REJECTED","773720b2-151a-49fe-9745-e594990cbb67","","1010","",""
"1010","1010","+237662269025","default","2026-01-08 13:51:36","","2026-01-08 13:51:58","22","0","CALL_REJECTED","a2f45270-01ff-4b1a-96eb-bca1d9ca847d","","1010","",""
"1010","1010","400421552302622","default","2026-01-08 13:51:37","","2026-01-08 13:51:59","22","0","UNALLOCATED_NUMBER","c7c64c15-e9be-4f05-884e-ad3ba2d1aa1b","","1010","",""
"1010","1010","400972567301988","default","2026-01-08 13:51:36","","2026-01-08 13:51:59","23","0","UNALLOCATED_NUMBER","f82e6421-8ef1-47cc-9b24-a20d705d953c","","1010","",""
"1010","1010","+237662269026","default","2026-01-08 13:51:39","","2026-01-08 13:52:01","22","0","CALL_REJECTED","fa3e8a76-f88d-4ecd-ac4b-6a18e28a8f63","","1010","",""
"1010","1010","+237662269038","default","2026-01-08 13:51:40","","2026-01-08 13:52:03","23","0","CALL_REJECTED","c06f8442-50b3-4b44-91b9-2c491a86e2aa","","1010","",""
"1010","1010","+237662269050","default","2026-01-08 13:51:41","","2026-01-08 13:52:04","23","0","CALL_REJECTED","7b3ec9e7-6fa3-4a81-99e1-acaf0741c19a","","1010","",""
"1010","1010","+237662269061","default","2026-01-08 13:51:44","","2026-01-08 13:52:06","22","0","CALL_REJECTED","3a2734e3-a327-4b2b-b3fd-aa8caf2ed419","","1010","",""
"1010","1010","+237662269065","default","2026-01-08 13:51:46","","2026-01-08 13:52:09","23","0","CALL_REJECTED","094249ae-ac7a-4abe-b9ad-c77d7f717fad","","1010","",""
"1010","1010","+237662269077","default","2026-01-08 13:51:48","","2026-01-08 13:52:11","23","0","CALL_REJECTED","78909f0b-3a90-4161-b026-1bc061133ade","","1010","",""
"1010","1010","+237662269121","default","2026-01-08 13:51:49","","2026-01-08 13:52:12","23","0","CALL_REJECTED","b0f70c56-a003-4432-b5fb-977cbce13892","","1010","",""
"1010","1010","+237662269127","default","2026-01-08 13:51:50","","2026-01-08 13:52:13","23","0","CALL_REJECTED","19f2b3cf-38a3-46fa-b993-2500e0ad6977","","1010","",""
"1010","1010","500972567301988","default","2026-01-08 13:51:52","","2026-01-08 13:52:14","22","0","UNALLOCATED_NUMBER","a8e129ac-487a-42ae-811d-7c3c59f4ded9","","1010","",""
"1010","1010","500421552302622","default","2026-01-08 13:51:52","","2026-01-08 13:52:15","23","0","UNALLOCATED_NUMBER","a469f54f-fb0f-4d73-abb4-220b5dd1cb79","","1010","",""
"1010","1010","500421552302622","default","2026-01-08 13:51:52","","2026-01-08 13:52:15","23","0","UNALLOCATED_NUMBER","26ca48a5-deda-44ca-b0da-a495340d597f","","1010","",""
"1010","1010","+237662269141","default","2026-01-08 13:51:52","","2026-01-08 13:52:15","23","0","CALL_REJECTED","541b86f7-5e10-477c-b163-6c369e70ba3e","","1010","",""
"1010","1010","500972567301988","default","2026-01-08 13:51:52","","2026-01-08 13:52:15","23","0","UNALLOCATED_NUMBER","790fdfa5-a8df-4117-99bc-0860d030e885","","1010","",""
"1010","1010","+237662269171","default","2026-01-08 13:51:54","","2026-01-08 13:52:17","23","0","CALL_REJECTED","e822438f-6c00-4329-8406-75efd4578687","","1010","",""
"1010","1010","500972567301988","default","2026-01-08 13:51:54","","2026-01-08 13:52:17","23","0","UNALLOCATED_NUMBER","a1944d04-8c9f-4460-80b6-016315c58477","","1010","",""
"1010","1010","500421552302622","default","2026-01-08 13:51:53","","2026-01-08 13:52:17","24","0","UNALLOCATED_NUMBER","27dafac3-abc8-477b-89c4-1971a80e082c","","1010","",""
"1010","1010","500972567301988","default","2026-01-08 13:51:53","","2026-01-08 13:52:17","24","0","UNALLOCATED_NUMBER","4cca3c30-4796-40b5-af9c-6f58697891fe","","1010","",""
"1010","1010","500421552302622","default","2026-01-08 13:51:54","","2026-01-08 13:52:17","23","0","UNALLOCATED_NUMBER","5727bf5e-7720-4eca-bd80-dc1ece2a0089","","1010","",""
"1010","1010","500421552302622","default","2026-01-08 13:51:59","","2026-01-08 13:52:22","23","0","UNALLOCATED_NUMBER","9036e4ba-bc05-4e30-bac0-602fe85b2d8e","","1010","",""
"1010","1010","+237662269173","default","2026-01-08 13:51:59","","2026-01-08 13:52:22","23","0","CALL_REJECTED","5aeb966a-25a6-4a3a-adbd-c0dc106aa103","","1010","",""
"1010","1010","500972567301988","default","2026-01-08 13:51:59","","2026-01-08 13:52:23","24","0","UNALLOCATED_NUMBER","d7eff1e6-e3f2-4ea1-bba0-88351b9f659b","","1010","",""
"1010","1010","+237662269179","default","2026-01-08 13:52:00","","2026-01-08 13:52:24","24","0","CALL_REJECTED","b929dd50-87cc-4dc6-88d9-d1200262265c","","1010","",""
"1010","1010","+237662269190","default","2026-01-08 13:52:04","","2026-01-08 13:52:28","24","0","CALL_REJECTED","9e981f34-2641-4a82-b745-15cd838964d8","","1010","",""
"1010","1010","+237662269209","default","2026-01-08 13:52:05","","2026-01-08 13:52:28","23","0","CALL_REJECTED","7d398e9a-757c-46a8-b0e4-b01083a12fa3","","1010","",""
"1010","1010","+237662269212","default","2026-01-08 13:52:06","","2026-01-08 13:52:30","24","0","CALL_REJECTED","2b5d9b69-db90-43ad-a2ea-d374d719c5e0","","1010","",""
"1010","1010","+237662269235","default","2026-01-08 13:52:08","","2026-01-08 13:52:33","25","0","CALL_REJECTED","aadff83c-2547-4290-81b2-7d1a4420a1d3","","1010","",""
"1010","1010","+237662269243","default","2026-01-08 13:52:11","","2026-01-08 13:52:35","24","0","CALL_REJECTED","62c0fc52-13af-44ad-ad35-c54f8214759d","","1010","",""
"1010","1010","+237662269257","default","2026-01-08 13:52:13","","2026-01-08 13:52:37","24","0","CALL_REJECTED","4455b513-38f1-4aa7-9154-54d356f1fbb7","","1010","",""
"1010","1010","+237662269261","default","2026-01-08 13:52:14","","2026-01-08 13:52:38","24","0","CALL_REJECTED","45b325b8-76ff-4c71-a62e-2c5e19955ba3","","1010","",""
"1010","1010","600421552302622","default","2026-01-08 13:52:15","","2026-01-08 13:52:38","23","0","UNALLOCATED_NUMBER","1ae3b084-1455-485a-9d96-a5ce52f292e1","","1010","",""
"1010","1010","600972567301988","default","2026-01-08 13:52:15","","2026-01-08 13:52:39","24","0","UNALLOCATED_NUMBER","a249cfbd-3296-4f93-8fc3-c3a7ac1811b4","","1010","",""
"1010","1010","+237662269270","default","2026-01-08 13:52:15","","2026-01-08 13:52:39","24","0","CALL_REJECTED","62d33928-fbb7-4a42-8391-45e2db2a77d9","","1010","",""
"1010","1010","600972567301988","default","2026-01-08 13:52:15","","2026-01-08 13:52:39","24","0","UNALLOCATED_NUMBER","e2008bd5-a510-4a5d-ac6b-1c3085352be4","","1010","",""
"1010","1010","600421552302622","default","2026-01-08 13:52:15","","2026-01-08 13:52:39","24","0","UNALLOCATED_NUMBER","fc665ab9-7496-4f52-81b6-8fdfb6be9d4d","","1010","",""
"1010","1010","+237662269275","default","2026-01-08 13:52:17","","2026-01-08 13:52:40","23","0","CALL_REJECTED","de243daf-0fe1-42f4-811c-2dd92f68f574","","1010","",""
"1010","1010","600421552302622","default","2026-01-08 13:52:17","","2026-01-08 13:52:40","23","0","UNALLOCATED_NUMBER","86971f7f-7d5b-44cc-be66-8b0d7eccc6c8","","1010","",""
"1010","1010","600972567301988","default","2026-01-08 13:52:17","","2026-01-08 13:52:41","24","0","UNALLOCATED_NUMBER","540101f5-915b-4a9c-9657-5176aab74a7a","","1010","",""
"1010","1010","600972567301988","default","2026-01-08 13:52:17","","2026-01-08 13:52:41","24","0","UNALLOCATED_NUMBER","08444f25-83fb-4865-996a-4ce040fe82e0","","1010","",""
"1010","1010","600421552302622","default","2026-01-08 13:52:17","","2026-01-08 13:52:41","24","0","UNALLOCATED_NUMBER","d54d0565-b23c-4f5f-a1a5-b1ec6c2cbbc6","","1010","",""
"1010","1010","+237662269279","default","2026-01-08 13:52:19","","2026-01-08 13:52:42","23","0","CALL_REJECTED","814b63d5-4c88-4ca0-a679-ed1a78ea00c2","","1010","",""
"1010","1010","600421552302622","default","2026-01-08 13:52:22","","2026-01-08 13:52:46","24","0","UNALLOCATED_NUMBER","262d0995-06e0-4098-83de-af1caa3b2107","","1010","",""
"1010","1010","600972567301988","default","2026-01-08 13:52:22","","2026-01-08 13:52:46","24","0","UNALLOCATED_NUMBER","0f6fa591-fa60-47ff-a7f2-acad42fe9516","","1010","",""
"1010","1010","+237662269289","default","2026-01-08 13:52:24","","2026-01-08 13:52:48","24","0","CALL_REJECTED","da833ad1-e9dc-4596-80b3-d81094828ccb","","1010","",""
"1010","1010","+237662269302","default","2026-01-08 13:52:26","","2026-01-08 13:52:50","24","0","CALL_REJECTED","40482a41-c05e-4240-98d3-2ce86d9ef622","","1010","",""
"1010","1010","+237662269304","default","2026-01-08 13:52:30","","2026-01-08 13:52:54","24","0","CALL_REJECTED","3adb9f70-098b-437f-9d7e-529a9d2ec29d","","1010","",""
"1010","1010","+237662269312","default","2026-01-08 13:52:31","","2026-01-08 13:52:55","24","0","CALL_REJECTED","d6d22f81-676a-40bf-a3bf-918b5afdcafe","","1010","",""
"1010","1010","+237662269316","default","2026-01-08 13:52:32","","2026-01-08 13:52:56","24","0","CALL_REJECTED","0f3b4b17-5168-47aa-83dd-3f50df96884f","","1010","",""
"1010","1010","+237662269320","default","2026-01-08 13:52:35","","2026-01-08 13:52:58","23","0","CALL_REJECTED","cd2d2b8a-8156-4da7-a06e-9edd18b15c97","","1010","",""
"1010","1010","003421552302622","default","2026-01-08 13:52:35","","2026-01-08 13:52:59","24","0","NORMAL_CLEARING","a469f31b-2c37-4c80-be20-62f4c581b9f5","","1010","",""
"1010","1010","003972567301988","default","2026-01-08 13:52:35","","2026-01-08 13:52:59","24","0","NORMAL_CLEARING","9fea872c-c4a7-4b92-acd7-1823c91c1d0f","","1010","",""
"1010","1010","003972567301988","default","2026-01-08 13:52:36","","2026-01-08 13:52:59","23","0","NORMAL_CLEARING","fac3cf36-7b32-42ce-bac2-3c19ec7b1799","","1010","",""
"1010","1010","003421552302622","default","2026-01-08 13:52:36","","2026-01-08 13:52:59","23","0","NORMAL_CLEARING","e1722f12-7bb7-474d-9651-6083231bc82e","","1010","",""
"1010","1010","+237662269326","default","2026-01-08 13:52:37","","2026-01-08 13:53:00","23","0","CALL_REJECTED","0093abe2-ec5e-422e-a91d-294c8ed828e1","","1010","",""
"1010","1010","003421552302622","default","2026-01-08 13:52:38","","2026-01-08 13:53:01","23","0","NORMAL_CLEARING","2ed8c8be-8eec-45d4-bc93-eff6305ce17d","","1010","",""
"1010","1010","003972567301988","default","2026-01-08 13:52:38","","2026-01-08 13:53:01","23","0","NORMAL_CLEARING","7988ad27-dc24-4439-9f68-ae50e125bd9e","","1010","",""
"1010","1010","+237662269343","default","2026-01-08 13:52:39","","2026-01-08 13:53:03","24","0","CALL_REJECTED","43c02d66-9435-40a9-a67c-587afa074bfb","","1010","",""
"1010","1010","003421552302622","default","2026-01-08 13:52:40","","2026-01-08 13:53:03","23","0","NORMAL_CLEARING","00767dea-13b4-4abc-b79e-015b940fac16","","1010","",""
"1010","1010","003972567301988","default","2026-01-08 13:52:40","","2026-01-08 13:53:03","23","0","NORMAL_CLEARING","a3794e0c-cf4d-4026-ae3c-570bd0038392","","1010","",""
"1010","1010","+237662269346","default","2026-01-08 13:52:40","","2026-01-08 13:53:03","23","0","CALL_REJECTED","93fcef2c-e8b6-43ee-ac23-814d255380a2","","1010","",""
"1010","1010","+237662269351","default","2026-01-08 13:52:41","","2026-01-08 13:53:03","22","0","CALL_REJECTED","19853e3e-0c0a-4370-a766-0a5935df2d69","","1010","",""
"1010","1010","+237662269370","default","2026-01-08 13:52:42","","2026-01-08 13:53:05","23","0","CALL_REJECTED","3b2b7fe4-cd11-476a-af91-97fc9860113e","","1010","",""
"1010","1010","+237662269371","default","2026-01-08 13:52:44","","2026-01-08 13:53:07","23","0","CALL_REJECTED","4c7ca223-52ab-4f4d-881c-f37e3f5d1bdc","","1010","",""
"1010","1010","003972567301988","default","2026-01-08 13:52:45","","2026-01-08 13:53:07","22","0","NORMAL_CLEARING","ba5999da-eb77-479f-b70e-73c7b1f35e9c","","1010","",""
"1010","1010","003421552302622","default","2026-01-08 13:52:45","","2026-01-08 13:53:08","23","0","NORMAL_CLEARING","b453499c-55a7-46eb-a385-62a116de967e","","1010","",""
"1010","1010","+237662269381","default","2026-01-08 13:52:50","","2026-01-08 13:53:12","22","0","CALL_REJECTED","c9382501-691b-4714-bcd5-ae50209f3cc0","","1010","",""
"1010","1010","+237662269385","default","2026-01-08 13:52:52","","2026-01-08 13:53:14","22","0","CALL_REJECTED","0b07e6be-2979-4dc1-8940-57c84bd58b2e","","1010","",""
"1010","1010","+237662269396","default","2026-01-08 13:52:56","","2026-01-08 13:53:18","22","0","CALL_REJECTED","9e14303d-aa67-4f09-b1c4-90748fdd9f6f","","1010","",""
"1010","1010","+237662269399","default","2026-01-08 13:52:57","","2026-01-08 13:53:19","22","0","CALL_REJECTED","2a421885-2949-4332-b4d8-a7049e6b6377","","1010","",""
"1010","1010","004972567301988","default","2026-01-08 13:52:58","","2026-01-08 13:53:19","21","0","NORMAL_CLEARING","f03f5f7b-7411-4cfe-8909-ce9489220d8e","","1010","",""
"1010","1010","+237662269402","default","2026-01-08 13:52:58","","2026-01-08 13:53:20","22","0","CALL_REJECTED","0207c5e6-288f-4fad-a481-b22a46ec304b","","1010","",""
"1010","1010","004421552302622","default","2026-01-08 13:52:58","","2026-01-08 13:53:20","22","0","NORMAL_CLEARING","a1b74231-12b0-4ca7-8382-5ec63698cc2a","","1010","",""
"1010","1010","004972567301988","default","2026-01-08 13:52:59","","2026-01-08 13:53:20","21","0","NORMAL_CLEARING","f4444606-319c-42c2-9293-582f570a85ed","","1010","",""
"1010","1010","004421552302622","default","2026-01-08 13:52:59","","2026-01-08 13:53:21","22","0","NORMAL_CLEARING","855e87a5-9236-4683-973c-58a32e8ad032","","1010","",""
"1010","1010","+237662269455","default","2026-01-08 13:53:00","","2026-01-08 13:53:22","22","0","CALL_REJECTED","2ffd813b-128b-42e3-98d6-18849a1e90c7","","1010","",""
"1010","1010","004421552302622","default","2026-01-08 13:53:01","","2026-01-08 13:53:23","22","0","NORMAL_CLEARING","15829443-bc00-4669-bc4b-3ebd3bf38f66","","1010","",""
"1010","1010","004972567301988","default","2026-01-08 13:53:01","","2026-01-08 13:53:23","22","0","NORMAL_CLEARING","490db05d-7ed5-4881-8a6c-0a5cf6215fe0","","1010","",""
"1010","1010","+237662269459","default","2026-01-08 13:53:02","","2026-01-08 13:53:24","22","0","CALL_REJECTED","6a1041b9-f206-467f-9421-aa126d197cbd","","1010","",""
"1010","1010","004972567301988","default","2026-01-08 13:53:03","","2026-01-08 13:53:24","21","0","NORMAL_CLEARING","a1468823-d52c-4173-9775-04e731cc4368","","1010","",""
"1010","1010","004421552302622","default","2026-01-08 13:53:03","","2026-01-08 13:53:25","22","0","NORMAL_CLEARING","44516357-e972-443b-abea-b0f38dcbbe35","","1010","",""
"1010","1010","+237662269465","default","2026-01-08 13:53:05","","2026-01-08 13:53:26","21","0","CALL_REJECTED","396211fb-8cbc-4b29-8637-9aed890c1eff","","1010","",""
"1010","1010","+237662269469","default","2026-01-08 13:53:06","","2026-01-08 13:53:28","22","0","CALL_REJECTED","6fc5046d-8aae-4b25-869d-ad5448c4fff4","","1010","",""
"1010","1010","+237662269471","default","2026-01-08 13:53:07","","2026-01-08 13:53:29","22","0","CALL_REJECTED","eb412619-2016-4f40-a7fd-8747686f0b5c","","1010","",""
"1010","1010","004972567301988","default","2026-01-08 13:53:08","","2026-01-08 13:53:29","21","0","NORMAL_CLEARING","00b3db58-b88d-4b11-80eb-8fdf67cf559f","","1010","",""
"1010","1010","004421552302622","default","2026-01-08 13:53:08","","2026-01-08 13:53:29","21","0","NORMAL_CLEARING","eb44a89c-2098-41c8-9401-cbfcfece7df7","","1010","",""
"1010","1010","+237662269479","default","2026-01-08 13:53:08","","2026-01-08 13:53:30","22","0","CALL_REJECTED","2e66c762-9394-4713-b190-e59190bd500b","","1010","",""
"1010","1010","+237662269488","default","2026-01-08 13:53:10","","2026-01-08 13:53:32","22","0","CALL_REJECTED","3a501374-4fe6-4131-87c9-e96d174d7cb2","","1010","",""
"1010","1010","+237662269500","default","2026-01-08 13:53:14","","2026-01-08 13:53:36","22","0","CALL_REJECTED","e03b0760-7b5e-403d-9d7c-27983f39a6df","","1010","",""
"1010","1010","+237662269513","default","2026-01-08 13:53:16","","2026-01-08 13:53:38","22","0","CALL_REJECTED","bc972a49-68ec-43b6-b804-372d2355775f","","1010","",""
"1010","1010","+237662269519","default","2026-01-08 13:53:20","","2026-01-08 13:53:41","21","0","CALL_REJECTED","07caebc4-87d1-4fa1-9679-81e6ca967925","","1010","",""
"1010","1010","005421552302622","default","2026-01-08 13:53:21","","2026-01-08 13:53:42","21","0","NORMAL_CLEARING","1d504c7e-d158-4b3c-98e7-68b2564a66bc","","1010","",""
"1010","1010","005972567301988","default","2026-01-08 13:53:21","","2026-01-08 13:53:42","21","0","NORMAL_CLEARING","8443a0b7-167b-4eff-a343-51a3f7821c26","","1010","",""
"1010","1010","005421552302622","default","2026-01-08 13:53:22","","2026-01-08 13:53:42","20","0","NORMAL_CLEARING","bd58a91c-c8d8-4061-8bd1-08e32ddc25ba","","1010","",""
"1010","1010","+237662269535","default","2026-01-08 13:53:21","","2026-01-08 13:53:42","21","0","CALL_REJECTED","74db6f79-bfca-4266-83a9-e06b2f76dc1f","","1010","",""
"1010","1010","005972567301988","default","2026-01-08 13:53:22","","2026-01-08 13:53:42","20","0","NORMAL_CLEARING","ea14dd1d-4af1-4ea6-8362-50e18748e2e7","","1010","",""
"1010","1010","+237662269541","default","2026-01-08 13:53:22","","2026-01-08 13:53:43","21","0","CALL_REJECTED","a6ea3562-d7b0-46cd-bee8-1bff1f4c5449","","1010","",""
"1010","1010","005972567301988","default","2026-01-08 13:53:24","","2026-01-08 13:53:44","20","0","NORMAL_CLEARING","5e3e03cf-7df9-42e2-9e08-657f74f3f81b","","1010","",""
"1010","1010","005421552302622","default","2026-01-08 13:53:24","","2026-01-08 13:53:44","20","0","NORMAL_CLEARING","6164396a-2640-41cb-9946-883130c5dd14","","1010","",""
"1010","1010","+237662269543","default","2026-01-08 13:53:24","","2026-01-08 13:53:45","21","0","CALL_REJECTED","cbc09c15-1134-483d-8513-223f9c574613","","1010","",""
"1010","1010","005421552302622","default","2026-01-08 13:53:26","","2026-01-08 13:53:46","20","0","NORMAL_CLEARING","c9951122-38d0-40da-afb3-408356293b03","","1010","",""
"1010","1010","005972567301988","default","2026-01-08 13:53:26","","2026-01-08 13:53:46","20","0","NORMAL_CLEARING","46bc6fde-c614-4dce-8055-59395e72adc8","","1010","",""
"1010","1010","+237662269564","default","2026-01-08 13:53:26","","2026-01-08 13:53:47","21","0","CALL_REJECTED","331f5cc4-f661-4c03-bb77-8f35e02ba1b0","","1010","",""
"1010","1010","+237662269572","default","2026-01-08 13:53:28","","2026-01-08 13:53:48","20","0","CALL_REJECTED","56581388-019d-434e-aee5-af7b804bb05e","","1010","",""
"1010","1010","005421552302622","default","2026-01-08 13:53:31","","2026-01-08 13:53:50","19","0","NORMAL_CLEARING","dd164d0e-841f-4b0a-b8cd-134c7a0b0fbc","","1010","",""
"1010","1010","005972567301988","default","2026-01-08 13:53:31","","2026-01-08 13:53:50","19","0","NORMAL_CLEARING","97d988a4-8741-49ee-94f4-bd5107f8839d","","1010","",""
"1010","1010","+237662269590","default","2026-01-08 13:53:30","","2026-01-08 13:53:50","20","0","CALL_REJECTED","484f221e-58f5-4514-bb6a-f453dadc3246","","1010","",""
"1010","1010","+237662269602","default","2026-01-08 13:53:31","","2026-01-08 13:53:51","20","0","CALL_REJECTED","ec615232-876d-4bbc-bbbb-b5ace5a7ce1b","","1010","",""
"1010","1010","+237662269608","default","2026-01-08 13:53:32","","2026-01-08 13:53:52","20","0","CALL_REJECTED","62da13ef-e2ba-4901-a0c5-b95e584d4e84","","1010","",""
"1010","1010","+237662269621","default","2026-01-08 13:53:34","","2026-01-08 13:53:54","20","0","CALL_REJECTED","cc642a93-138d-48c6-88da-3e7dc0311b0b","","1010","",""
"1010","1010","+237662269622","default","2026-01-08 13:53:38","","2026-01-08 13:53:57","19","0","CALL_REJECTED","3c5da99b-a1e5-4942-9614-54b6b5aa5305","","1010","",""
"1010","1010","+237662269639","default","2026-01-08 13:53:40","","2026-01-08 13:53:59","19","0","CALL_REJECTED","e55d385c-44f8-43ac-943f-ca86e3d69094","","1010","",""
"1010","1010","006972567301988","default","2026-01-08 13:53:44","","2026-01-08 13:54:02","18","0","NORMAL_CLEARING","a1a1f210-25c9-4543-b596-5728e282dfd9","","1010","",""
"1010","1010","+237662269651","default","2026-01-08 13:53:43","","2026-01-08 13:54:02","19","0","CALL_REJECTED","f007ae80-809e-4ad9-9e43-26cb99b7a6a0","","1010","",""
"1010","1010","006972567301988","default","2026-01-08 13:53:43","","2026-01-08 13:54:02","19","0","NORMAL_CLEARING","3ec3c9c7-5dfa-4ead-a1a2-3100da981118","","1010","",""
"1010","1010","006421552302622","default","2026-01-08 13:53:44","","2026-01-08 13:54:03","19","0","NORMAL_CLEARING","ffa1c360-1f18-40a3-9bca-45f4584692bc","","1010","",""
"1010","1010","006421552302622","default","2026-01-08 13:53:43","","2026-01-08 13:54:03","20","0","NORMAL_CLEARING","1f4ae2ce-6efc-4b8d-95c3-f1d65af952ee","","1010","",""
"1010","1010","+237662269652","default","2026-01-08 13:53:44","","2026-01-08 13:54:03","19","0","CALL_REJECTED","d3819035-91fa-443b-b26b-085025d9b745","","1010","",""
"1010","1010","+237662269657","default","2026-01-08 13:53:45","","2026-01-08 13:54:04","19","0","CALL_REJECTED","e9c3a0e1-f66b-48c1-a316-2f75624e9dc5","","1010","",""
"1010","1010","006421552302622","default","2026-01-08 13:53:46","","2026-01-08 13:54:05","19","0","NORMAL_CLEARING","8b3179df-0af3-4ca0-b8c3-02989dc3c2e2","","1010","",""
"1010","1010","006972567301988","default","2026-01-08 13:53:46","","2026-01-08 13:54:05","19","0","NORMAL_CLEARING","647a6fe2-37e4-42b6-88da-64dd418331b6","","1010","",""
"1010","1010","+237662269666","default","2026-01-08 13:53:46","","2026-01-08 13:54:05","19","0","CALL_REJECTED","5a78076a-7cb4-4507-9dcc-c705f044db08","","1010","",""
"1010","1010","006421552302622","default","2026-01-08 13:53:48","","2026-01-08 13:54:07","19","0","NORMAL_CLEARING","c089568b-d8d7-4f4c-af3d-aed3c7d93af8","","1010","",""
"1010","1010","006972567301988","default","2026-01-08 13:53:48","","2026-01-08 13:54:07","19","0","NORMAL_CLEARING","df19dd79-50dd-4b78-b060-709fa94391d2","","1010","",""
"1010","1010","+237662269669","default","2026-01-08 13:53:48","","2026-01-08 13:54:08","20","0","CALL_REJECTED","1d71dd66-d069-4871-a60b-776f9dcd2e6f","","1010","",""
"1010","1010","+237662269678","default","2026-01-08 13:53:50","","2026-01-08 13:54:09","19","0","CALL_REJECTED","9e62ed90-69e3-4108-8b83-120a7422904d","","1010","",""
"1010","1010","+237662269730","default","2026-01-08 13:53:52","","2026-01-08 13:54:11","19","0","CALL_REJECTED","a00227f9-5e87-4430-aa16-b34b3d48b69b","","1010","",""
"1010","1010","006972567301988","default","2026-01-08 13:53:53","","2026-01-08 13:54:12","19","0","NORMAL_CLEARING","8a35fc64-649d-4853-aa06-02b508652a1a","","1010","",""
"1010","1010","006421552302622","default","2026-01-08 13:53:53","","2026-01-08 13:54:12","19","0","NORMAL_CLEARING","b6226126-4225-48d9-a73f-7c4daa900e97","","1010","",""
"1010","1010","+237662269735","default","2026-01-08 13:53:53","","2026-01-08 13:54:12","19","0","CALL_REJECTED","eb0bd437-091b-4046-a381-006654a6eb42","","1010","",""
"1010","1010","+237662269743","default","2026-01-08 13:53:54","","2026-01-08 13:54:14","20","0","CALL_REJECTED","1b8f038d-4c09-4b08-8dbc-f426d520dafe","","1010","",""
"1010","1010","+237662269754","default","2026-01-08 13:53:56","","2026-01-08 13:54:15","19","0","CALL_REJECTED","21a3a033-986b-4ae2-9014-70a404f90d34","","1010","",""
"1010","1010","+237662269762","default","2026-01-08 13:53:59","","2026-01-08 13:54:19","20","0","CALL_REJECTED","95ae9d22-fa27-4959-b2a0-368041f2e829","","1010","",""
"1010","1010","+237662269816","default","2026-01-08 13:54:01","","2026-01-08 13:54:21","20","0","CALL_REJECTED","26dfc951-7afc-4cdf-9ac1-2baf6fc01941","","1010","",""
"1010","1010","+237662269818","default","2026-01-08 13:54:04","","2026-01-08 13:54:25","21","0","CALL_REJECTED","f7326b02-0965-4084-9997-587918a4a8b6","","1010","",""
"1010","1010","+237662269825","default","2026-01-08 13:54:05","","2026-01-08 13:54:26","21","0","CALL_REJECTED","e9cbdf2f-dfb1-41ab-9e55-6398c68494aa","","1010","",""
"1010","1010","008421552302622","default","2026-01-08 13:54:06","","2026-01-08 13:54:27","21","0","NORMAL_CLEARING","2d4cdacb-100a-4090-8342-0fe1531325b4","","1010","",""
"1010","1010","+237662269826","default","2026-01-08 13:54:06","","2026-01-08 13:54:27","21","0","CALL_REJECTED","0fb1b157-d09b-490d-9ba5-7e2cb616e60a","","1010","",""
"1010","1010","008972567301988","default","2026-01-08 13:54:06","","2026-01-08 13:54:27","21","0","NORMAL_CLEARING","9b4dd676-5535-4ac6-949e-5bc8cfcb2140","","1010","",""
"1010","1010","008421552302622","default","2026-01-08 13:54:07","","2026-01-08 13:54:27","20","0","NORMAL_CLEARING","fc4bfb27-4854-4cc6-a671-e30325f8ae22","","1010","",""
"1010","1010","008972567301988","default","2026-01-08 13:54:06","","2026-01-08 13:54:28","22","0","NORMAL_CLEARING","2974fc2e-1568-4eb1-93f0-1bcf86cc0e6f","","1010","",""
"1010","1010","+237662269832","default","2026-01-08 13:54:07","","2026-01-08 13:54:29","22","0","CALL_REJECTED","cd91d5f2-2eff-49f4-a123-f3a6fcda8d0a","","1010","",""
"1010","1010","008972567301988","default","2026-01-08 13:54:09","","2026-01-08 13:54:29","20","0","NORMAL_CLEARING","8910ac68-f37b-46e1-a59a-d42d86013a10","","1010","",""
"1010","1010","008421552302622","default","2026-01-08 13:54:09","","2026-01-08 13:54:30","21","0","NORMAL_CLEARING","cc345219-b843-4927-a64a-76d26c30fa53","","1010","",""
"1010","1010","+237662269842","default","2026-01-08 13:54:09","","2026-01-08 13:54:31","22","0","CALL_REJECTED","e2906712-04e7-4ac0-b7c0-bd646961a499","","1010","",""
"1010","1010","008972567301988","default","2026-01-08 13:54:10","","2026-01-08 13:54:31","21","0","NORMAL_CLEARING","527e093e-3486-410a-8611-6dae1fb53606","","1010","",""
"1010","1010","008421552302622","default","2026-01-08 13:54:10","","2026-01-08 13:54:31","21","0","NORMAL_CLEARING","7bfa04e5-5b72-4647-884f-6a32ec6846f9","","1010","",""
"1010","1010","+237662269848","default","2026-01-08 13:54:11","","2026-01-08 13:54:33","22","0","CALL_REJECTED","50000ed3-f0e6-412a-8e27-28f539631fe7","","1010","",""
"1010","1010","+237662269859","default","2026-01-08 13:54:13","","2026-01-08 13:54:34","21","0","CALL_REJECTED","cb97f0f8-c0a5-4bc1-9c99-665f888c0e59","","1010","",""
"1010","1010","+237662269868","default","2026-01-08 13:54:14","","2026-01-08 13:54:36","22","0","CALL_REJECTED","a767fc5b-a3f5-4213-bceb-1235c14c3d2a","","1010","",""
"1010","1010","008972567301988","default","2026-01-08 13:54:16","","2026-01-08 13:54:36","20","0","NORMAL_CLEARING","6a075960-a0d5-4130-a217-f295f5325f23","","1010","",""
"1010","1010","+237662269870","default","2026-01-08 13:54:15","","2026-01-08 13:54:37","22","0","CALL_REJECTED","e820fd98-6242-4dbd-9926-5e073444adf3","","1010","",""
"1010","1010","008421552302622","default","2026-01-08 13:54:16","","2026-01-08 13:54:37","21","0","NORMAL_CLEARING","626e6b8f-c264-400f-a2d6-fa6afe338c3f","","1010","",""
"1010","1010","+237662269874","default","2026-01-08 13:54:17","","2026-01-08 13:54:38","21","0","CALL_REJECTED","db0307ee-9041-4bb4-be0b-821bf3b6d790","","1010","",""
"1010","1010","+237662269877","default","2026-01-08 13:54:21","","2026-01-08 13:54:42","21","0","CALL_REJECTED","e2bb4e90-c77a-4063-be7e-a12939dbff26","","1010","",""
"1010","1010","+237662269883","default","2026-01-08 13:54:23","","2026-01-08 13:54:44","21","0","CALL_REJECTED","3c1bc81a-55c7-4176-a87c-4896ccecdd9b","","1010","",""
"1010","1010","+237662269893","default","2026-01-08 13:54:27","","2026-01-08 13:54:48","21","0","CALL_REJECTED","f3361c2a-2131-46d3-ac63-d791c760862f","","1010","",""
"1010","1010","+237662269899","default","2026-01-08 13:54:28","","2026-01-08 13:54:49","21","0","CALL_REJECTED","c2669848-2215-4717-91a4-5bc64fe19c75","","1010","",""
"1010","1010","9001421552302622","default","2026-01-08 13:54:29","","2026-01-08 13:54:49","20","0","NORMAL_CLEARING","190555c8-a907-4d8a-8a72-f7996f1bead0","","1010","",""
"1010","1010","9001972567301988","default","2026-01-08 13:54:29","","2026-01-08 13:54:50","21","0","NORMAL_CLEARING","e581a0d4-95a8-4970-bc8a-37926c0d9fde","","1010","",""
"1010","1010","9001421552302622","default","2026-01-08 13:54:29","","2026-01-08 13:54:50","21","0","NORMAL_CLEARING","3de59ba5-c9e3-490e-81a1-db29f3a7cf76","","1010","",""
"1010","1010","9001972567301988","default","2026-01-08 13:54:29","","2026-01-08 13:54:50","21","0","NORMAL_CLEARING","95ddebce-aefe-4c53-a4c7-553d38c06790","","1010","",""
"1010","1010","+237662269908","default","2026-01-08 13:54:29","","2026-01-08 13:54:50","21","0","CALL_REJECTED","419a179f-b6f8-4ac7-bd8a-568da1b45fe5","","1010","",""
"1010","1010","+237662269911","default","2026-01-08 13:54:30","","2026-01-08 13:54:51","21","0","CALL_REJECTED","50c5e544-853d-4a16-aead-ff4ce45aae7c","","1010","",""
"1010","1010","9001421552302622","default","2026-01-08 13:54:32","","2026-01-08 13:54:52","20","0","NORMAL_CLEARING","99d7eb89-cb11-4b9e-b8dc-3419bbb17edd","","1010","",""
"1010","1010","9001972567301988","default","2026-01-08 13:54:32","","2026-01-08 13:54:52","20","0","NORMAL_CLEARING","b456a120-d64d-4dae-b056-0f89f2fbec41","","1010","",""
"1010","1010","9001421552302622","default","2026-01-08 13:54:33","","2026-01-08 13:54:54","21","0","NORMAL_CLEARING","2eae951d-aa89-42dd-8c3b-de0fa2e537fb","","1010","",""
"1010","1010","9001972567301988","default","2026-01-08 13:54:33","","2026-01-08 13:54:54","21","0","NORMAL_CLEARING","7ef08125-5ffa-4261-abd9-dba4bc17ebc5","","1010","",""
"1010","1010","+237662269920","default","2026-01-08 13:54:33","","2026-01-08 13:54:54","21","0","CALL_REJECTED","fcf8cffc-b601-42cd-bc2e-c050d6b7aa8b","","1010","",""
"1010","1010","+237662269940","default","2026-01-08 13:54:35","","2026-01-08 13:54:56","21","0","CALL_REJECTED","9353242e-57c4-4d64-8871-f155d8052fb3","","1010","",""
"1010","1010","+237662269945","default","2026-01-08 13:54:36","","2026-01-08 13:54:57","21","0","CALL_REJECTED","4fb30d32-8e0b-43a3-814b-927699d255bc","","1010","",""
"1010","1010","+237662269986","default","2026-01-08 13:54:37","","2026-01-08 13:54:58","21","0","CALL_REJECTED","a6a18283-7b88-44e4-9e0b-cff229e24b23","","1010","",""
"1010","1010","+237662269988","default","2026-01-08 13:54:38","","2026-01-08 13:54:59","21","0","CALL_REJECTED","dadce3bd-dbfb-4cf1-977c-3e5718e7a3ea","","1010","",""
"1010","1010","9001972567301988","default","2026-01-08 13:54:39","","2026-01-08 13:54:59","20","0","NORMAL_CLEARING","b31a478b-4cdf-4780-935b-4de4cb40deb3","","1010","",""
"1010","1010","9001421552302622","default","2026-01-08 13:54:39","","2026-01-08 13:54:59","20","0","NORMAL_CLEARING","ac15be62-8e6a-4743-a1f6-48309cc1ca70","","1010","",""
"1010","1010","+237662269997","default","2026-01-08 13:54:40","","2026-01-08 13:55:01","21","0","CALL_REJECTED","e8ad4b3f-722b-4ddc-a8b5-dba9e2737d80","","1010","",""
"1010","1010","+237662269000","default","2026-01-08 13:54:44","","2026-01-08 13:55:04","20","0","CALL_REJECTED","9869f468-9704-4e5f-af85-053486594dff","","1010","",""
"1010","1010","+237662269007","default","2026-01-08 13:54:46","","2026-01-08 13:55:06","20","0","CALL_REJECTED","e4eeb3aa-4b41-4f93-8ed1-759e79579099","","1010","",""
"1010","1010","9002421552302622","default","2026-01-08 13:54:51","","2026-01-08 13:55:08","17","0","NORMAL_CLEARING","6c8abd4b-ef1f-40e2-bb27-86c6ede38fa7","","1010","",""
"1010","1010","9002972567301988","default","2026-01-08 13:54:51","","2026-01-08 13:55:08","17","0","NORMAL_CLEARING","29533d51-15c0-4c05-9856-e0efa554eb7f","","1010","",""
"1010","1010","9002421552302622","default","2026-01-08 13:54:52","","2026-01-08 13:55:08","16","0","NORMAL_CLEARING","de693e4e-87da-47cd-b7e1-9ea7a3c41c1b","","1010","",""
"1010","1010","9002972567301988","default","2026-01-08 13:54:51","","2026-01-08 13:55:08","17","0","NORMAL_CLEARING","0a69f8f1-dc20-411b-8eb2-91e3b4d84b7c","","1010","",""
"1010","1010","+237662269010","default","2026-01-08 13:54:50","","2026-01-08 13:55:08","18","0","CALL_REJECTED","3f6b42b1-4e86-4b18-bc85-1fa5f0d16fce","","1010","",""
"1010","1010","+237662269017","default","2026-01-08 13:54:51","","2026-01-08 13:55:08","17","0","CALL_REJECTED","92d83bc9-f6cb-49b1-b6a6-97eaf06d0a19","","1010","",""
"1010","1010","+237662269019","default","2026-01-08 13:54:52","","2026-01-08 13:55:09","17","0","CALL_REJECTED","94ec6745-7b9f-4d41-99eb-80bf826b0eb6","","1010","",""
"1010","1010","9002421552302622","default","2026-01-08 13:54:54","","2026-01-08 13:55:10","16","0","NORMAL_CLEARING","5c1c9492-be83-4f22-93ac-b62b794c67be","","1010","",""
"1010","1010","9002972567301988","default","2026-01-08 13:54:54","","2026-01-08 13:55:10","16","0","NORMAL_CLEARING","06a79f84-f27d-481b-8ea4-09b3a07871e3","","1010","",""
"1010","1010","+237662269025","default","2026-01-08 13:54:53","","2026-01-08 13:55:10","17","0","CALL_REJECTED","67fd9084-a11d-41f0-864a-42d5fa2be376","","1010","",""
"1010","1010","9002972567301988","default","2026-01-08 13:54:56","","2026-01-08 13:55:11","15","0","NORMAL_CLEARING","8a14fcf0-0728-4b50-a075-ccb20821b4c1","","1010","",""
"1010","1010","9002421552302622","default","2026-01-08 13:54:56","","2026-01-08 13:55:11","15","0","NORMAL_CLEARING","ae589b24-ff32-40ef-9d6e-192cb874d9ee","","1010","",""
"1010","1010","+237662269026","default","2026-01-08 13:54:56","","2026-01-08 13:55:12","16","0","CALL_REJECTED","791be7f1-9e08-419d-bd7c-3598b562f819","","1010","",""
"1010","1010","+237662269038","default","2026-01-08 13:54:57","","2026-01-08 13:55:12","15","0","CALL_REJECTED","24be5dbc-ec46-4474-8de1-bb0fb483b43f","","1010","",""
"1010","1010","+237662269050","default","2026-01-08 13:54:59","","2026-01-08 13:55:13","14","0","CALL_REJECTED","fca74cfa-9697-4edc-a8df-52bdb3ef5f47","","1010","",""
"1010","1010","+237662269061","default","2026-01-08 13:55:00","","2026-01-08 13:55:14","14","0","CALL_REJECTED","c4b2cc5e-a410-4bf8-8fa7-7c727125c73c","","1010","",""
"1010","1010","9002972567301988","default","2026-01-08 13:55:02","","2026-01-08 13:55:14","12","0","NORMAL_CLEARING","ca59af38-f824-4070-a147-47fddcfd354d","","1010","",""
"1010","1010","9002421552302622","default","2026-01-08 13:55:02","","2026-01-08 13:55:15","13","0","NORMAL_CLEARING","fef5d637-4398-45cc-ace4-9ef222a69bea","","1010","",""
"1010","1010","+237662269065","default","2026-01-08 13:55:02","","2026-01-08 13:55:15","13","0","CALL_REJECTED","f31ca83d-0840-4acf-b783-253022b99fbd","","1010","",""
"1010","1010","+237662269077","default","2026-01-08 13:55:03","","2026-01-08 13:55:16","13","0","CALL_REJECTED","428abe4a-e5f9-4d1b-b853-8aed59ffcfa3","","1010","",""
"1010","1010","+237662269121","default","2026-01-08 13:55:06","","2026-01-08 13:55:19","13","0","CALL_REJECTED","dbafb7eb-e658-4d33-9a55-3b6ca3661d6b","","1010","",""
"1010","1010","+237662269127","default","2026-01-08 13:55:07","","2026-01-08 13:55:20","13","0","CALL_REJECTED","2734999a-7b5b-403b-b7bd-76bcbd2404c6","","1010","",""
"1010","1010","+237662269141","default","2026-01-08 13:55:10","","2026-01-08 13:55:23","13","0","CALL_REJECTED","e3346b06-c078-4008-b892-32a4b8907317","","1010","",""
"1010","1010","+237662269171","default","2026-01-08 13:55:11","","2026-01-08 13:55:25","14","0","CALL_REJECTED","0f89f577-d1d2-46dc-885a-c796cf3d5c54","","1010","",""
"1010","1010","+237662269173","default","2026-01-08 13:55:12","","2026-01-08 13:55:25","13","0","CALL_REJECTED","ef431eb7-1525-4938-8e8f-167f3b0ea8ef","","1010","",""
"1010","1010","+237662269179","default","2026-01-08 13:55:13","","2026-01-08 13:55:27","14","0","CALL_REJECTED","b5849d8c-7cc3-4f30-ae38-d0e77f0c4797","","1010","",""
"1010","1010","9003972567301988","default","2026-01-08 13:55:14","","2026-01-08 13:55:27","13","0","NORMAL_CLEARING","fba0f026-9d57-4c85-8291-ec2426d72812","","1010","",""
"1010","1010","9003972567301988","default","2026-01-08 13:55:14","","2026-01-08 13:55:27","13","0","NORMAL_CLEARING","128e97dc-5d42-4e62-8496-34ebdd3abcad","","1010","",""
"1010","1010","9003421552302622","default","2026-01-08 13:55:14","","2026-01-08 13:55:27","13","0","NORMAL_CLEARING","75ae89af-8173-4891-b223-16c7a8c1ca6f","","1010","",""
"1010","1010","9003421552302622","default","2026-01-08 13:55:14","","2026-01-08 13:55:27","13","0","NORMAL_CLEARING","650ea44d-2913-409e-b27a-681c588a245e","","1010","",""
"1010","1010","+237662269190","default","2026-01-08 13:55:14","","2026-01-08 13:55:28","14","0","CALL_REJECTED","f46a5233-3681-4875-89b6-0eece4e71ed1","","1010","",""
"1010","1010","+237662269209","default","2026-01-08 13:55:15","","2026-01-08 13:55:29","14","0","CALL_REJECTED","9bca4325-e9ad-4f09-a0f3-cf61b75e3766","","1010","",""
"1010","1010","+237662269212","default","2026-01-08 13:55:16","","2026-01-08 13:55:30","14","0","CALL_REJECTED","71670b5f-da86-496e-9182-6bc4507c2221","","1010","",""
"1010","1010","9003421552302622","default","2026-01-08 13:55:17","","2026-01-08 13:55:30","13","0","NORMAL_CLEARING","7131c1fa-fdd0-485c-a504-e44c834ab02b","","1010","",""
"1010","1010","9003972567301988","default","2026-01-08 13:55:17","","2026-01-08 13:55:30","13","0","NORMAL_CLEARING","2c1cf65c-f3d0-471b-9669-b29ceca49460","","1010","",""
"1010","1010","+237662269235","default","2026-01-08 13:55:17","","2026-01-08 13:55:31","14","0","CALL_REJECTED","89ed7207-36fa-4395-97e9-c4da9d4e376d","","1010","",""
"1010","1010","9003972567301988","default","2026-01-08 13:55:18","","2026-01-08 13:55:31","13","0","NORMAL_CLEARING","86fa51ed-ab09-4d5a-a963-7023eeab995a","","1010","",""
"1010","1010","9003421552302622","default","2026-01-08 13:55:18","","2026-01-08 13:55:32","14","0","NORMAL_CLEARING","68db1d8c-e21f-407c-bb5e-36b27c585924","","1010","",""
"1010","1010","+237662269243","default","2026-01-08 13:55:18","","2026-01-08 13:55:32","14","0","CALL_REJECTED","b97e2a21-b875-4ad6-b6ef-55b4b815cc67","","1010","",""
"1010","1010","+237662269257","default","2026-01-08 13:55:20","","2026-01-08 13:55:34","14","0","CALL_REJECTED","668e0cdf-6960-4c62-a503-37e7fbfccb40","","1010","",""
"1010","1010","+237662269261","default","2026-01-08 13:55:21","","2026-01-08 13:55:35","14","0","CALL_REJECTED","1aca00a8-f936-4f51-b9f9-f9aeaf5e32ff","","1010","",""
"1010","1010","+237662269270","default","2026-01-08 13:55:22","","2026-01-08 13:55:36","14","0","CALL_REJECTED","299c7812-80b7-450c-9d20-b16074b566fa","","1010","",""
"1010","1010","9003972567301988","default","2026-01-08 13:55:24","","2026-01-08 13:55:37","13","0","NORMAL_CLEARING","c1d1bff4-1c90-4dee-8bb5-279e1bbcc41b","","1010","",""
"1010","1010","9003421552302622","default","2026-01-08 13:55:24","","2026-01-08 13:55:37","13","0","NORMAL_CLEARING","9b6e6d3d-38ad-4c2b-bbd9-0a5fcd418240","","1010","",""
"1010","1010","+237662269275","default","2026-01-08 13:55:25","","2026-01-08 13:55:39","14","0","CALL_REJECTED","3debaf8d-2215-41bc-b988-47bce57639c2","","1010","",""
"1010","1010","+237662269279","default","2026-01-08 13:55:26","","2026-01-08 13:55:40","14","0","CALL_REJECTED","dc1508ae-66ac-4f52-86f4-991d274dacc1","","1010","",""
"1010","1010","+237662269289","default","2026-01-08 13:55:27","","2026-01-08 13:55:41","14","0","CALL_REJECTED","23f8bf66-d4cf-4a72-b584-a425608b40a1","","1010","",""
"1010","1010","+237662269302","default","2026-01-08 13:55:28","","2026-01-08 13:55:42","14","0","CALL_REJECTED","bd52fcd5-a090-467b-89f1-d193f0980bc4","","1010","",""
"1010","1010","+237662269304","default","2026-01-08 13:55:29","","2026-01-08 13:55:43","14","0","CALL_REJECTED","62007ed2-70a0-465c-8663-79e5509d9580","","1010","",""
"1010","1010","+237662269312","default","2026-01-08 13:55:30","","2026-01-08 13:55:44","14","0","CALL_REJECTED","2ae25640-71c3-4bde-b892-ed1b62345eaf","","1010","",""
"1010","1010","+237662269316","default","2026-01-08 13:55:31","","2026-01-08 13:55:45","14","0","CALL_REJECTED","0df78d72-2d9d-4ba8-85a1-db0c8a899275","","1010","",""
"1010","1010","+237662269320","default","2026-01-08 13:55:33","","2026-01-08 13:55:47","14","0","CALL_REJECTED","3d099a99-aa53-4513-b79f-d4ad6f914ecf","","1010","",""
"1010","1010","+237662269326","default","2026-01-08 13:55:34","","2026-01-08 13:55:48","14","0","CALL_REJECTED","a5a033f0-351e-4d22-a684-9aa6f0d8f52c","","1010","",""
"1010","1010","9004421552302622","default","2026-01-08 13:55:37","","2026-01-08 13:55:49","12","0","NORMAL_CLEARING","9438990f-ec73-453a-9500-9dfa98e5cc2f","","1010","",""
"1010","1010","9004421552302622","default","2026-01-08 13:55:37","","2026-01-08 13:55:50","13","0","NORMAL_CLEARING","fb1b04e5-5b89-4cef-a084-bcb9a1bb7c86","","1010","",""
"1010","1010","9004972567301988","default","2026-01-08 13:55:37","","2026-01-08 13:55:50","13","0","NORMAL_CLEARING","d6a32d07-7a5b-4d19-84ee-8b2a298b5935","","1010","",""
"1010","1010","9004972567301988","default","2026-01-08 13:55:37","","2026-01-08 13:55:50","13","0","NORMAL_CLEARING","a1d781e3-775c-4edd-8a08-0ce415b748cb","","1010","",""
"1010","1010","+237662269343","default","2026-01-08 13:55:36","","2026-01-08 13:55:50","14","0","CALL_REJECTED","d71acf01-6e80-405f-be21-feef75c25ec7","","1010","",""
"1010","1010","+237662269346","default","2026-01-08 13:55:37","","2026-01-08 13:55:51","14","0","CALL_REJECTED","88140973-31d0-43a7-9f3e-27107848a5c6","","1010","",""
"1010","1010","+237662269351","default","2026-01-08 13:55:38","","2026-01-08 13:55:52","14","0","CALL_REJECTED","69aa241d-3fdf-4152-a5bf-6fa3292b26bb","","1010","",""
"1010","1010","9004421552302622","default","2026-01-08 13:55:39","","2026-01-08 13:55:53","14","0","NORMAL_CLEARING","b7f55547-1e81-4fa8-91f5-1cb29fcbff85","","1010","",""
"1010","1010","9004972567301988","default","2026-01-08 13:55:39","","2026-01-08 13:55:53","14","0","NORMAL_CLEARING","32c2549a-5957-445c-841f-1e80c999c883","","1010","",""
"1010","1010","+237662269370","default","2026-01-08 13:55:40","","2026-01-08 13:55:54","14","0","CALL_REJECTED","91def624-fd6a-4fae-97e6-0bcf2f443123","","1010","",""
"1010","1010","9004972567301988","default","2026-01-08 13:55:41","","2026-01-08 13:55:55","14","0","NORMAL_CLEARING","f19b0f9c-6c8d-4e47-9b6e-50fcef6b1f9a","","1010","",""
"1010","1010","9004421552302622","default","2026-01-08 13:55:41","","2026-01-08 13:55:55","14","0","NORMAL_CLEARING","dd3add5f-9087-4fc7-8a15-2213c254df3b","","1010","",""
"1010","1010","+237662269371","default","2026-01-08 13:55:41","","2026-01-08 13:55:56","15","0","CALL_REJECTED","fbbbec07-a4cf-4f75-8c7e-b7555c28b68d","","1010","",""
"1010","1010","+237662269381","default","2026-01-08 13:55:43","","2026-01-08 13:55:57","14","0","CALL_REJECTED","a30eb2ec-77f6-4deb-882f-02ecdc08a378","","1010","",""
"1010","1010","+237662269385","default","2026-01-08 13:55:44","","2026-01-08 13:55:59","15","0","CALL_REJECTED","0bc82893-ae76-499c-87c1-bace7a5949fc","","1010","",""
"1010","1010","+237662269396","default","2026-01-08 13:55:45","","2026-01-08 13:56:00","15","0","CALL_REJECTED","485e58ed-c48c-493b-b1d1-4a52d1191723","","1010","",""
"1010","1010","9004972567301988","default","2026-01-08 13:55:46","","2026-01-08 13:56:00","14","0","NORMAL_CLEARING","005417a2-8b3c-434f-bcf9-9f1408ff61fd","","1010","",""
"1010","1010","9004421552302622","default","2026-01-08 13:55:46","","2026-01-08 13:56:00","14","0","NORMAL_CLEARING","7bd386e0-7418-4474-94cf-108b62d1bd51","","1010","",""
"1010","1010","+237662269399","default","2026-01-08 13:55:46","","2026-01-08 13:56:01","15","0","CALL_REJECTED","0a532557-ffa7-43e4-ba28-d906296b4796","","1010","",""
"1010","1010","+237662269402","default","2026-01-08 13:55:47","","2026-01-08 13:56:02","15","0","CALL_REJECTED","52780ed2-c326-4130-8a02-a604cf9c1757","","1010","",""
"1010","1010","+237662269455","default","2026-01-08 13:55:48","","2026-01-08 13:56:03","15","0","CALL_REJECTED","460707f2-3813-49ad-a18e-5d3ff64c0ba3","","1010","",""
"1010","1010","+237662269459","default","2026-01-08 13:55:49","","2026-01-08 13:56:04","15","0","CALL_REJECTED","0e7a89df-6fdc-4fcf-a316-7aaf9b833959","","1010","",""
"1010","1010","+237662269465","default","2026-01-08 13:55:51","","2026-01-08 13:56:05","14","0","CALL_REJECTED","68617693-3e3c-40d5-a1db-58899f43297f","","1010","",""
"1010","1010","+237662269469","default","2026-01-08 13:55:53","","2026-01-08 13:56:08","15","0","CALL_REJECTED","679dea0d-810d-4db8-a877-48242aabd49a","","1010","",""
"1010","1010","+237662269471","default","2026-01-08 13:55:54","","2026-01-08 13:56:09","15","0","CALL_REJECTED","cf5b2b3b-224d-4ff8-8609-b954c4fdc26d","","1010","",""
"1010","1010","+237662269479","default","2026-01-08 13:55:56","","2026-01-08 13:56:11","15","0","CALL_REJECTED","c236ba51-f96a-4a05-8a9f-7cb5b64f5fba","","1010","",""
"1010","1010","+237662269488","default","2026-01-08 13:55:57","","2026-01-08 13:56:11","14","0","CALL_REJECTED","d644d191-e6fa-48f4-9a3c-c761cb23f7fc","","1010","",""
"1010","1010","9005421552302622","default","2026-01-08 13:55:59","","2026-01-08 13:56:12","13","0","NORMAL_CLEARING","95c6e2a2-0e7b-48e3-bc11-5f7dfc89fddd","","1010","",""
"1010","1010","9005972567301988","default","2026-01-08 13:55:59","","2026-01-08 13:56:12","13","0","NORMAL_CLEARING","57b0ec18-10a6-4679-a372-2f6604f09f16","","1010","",""
"1010","1010","9005972567301988","default","2026-01-08 13:55:59","","2026-01-08 13:56:13","14","0","NORMAL_CLEARING","7186beb0-012d-4c06-a2de-87d53d9591ed","","1010","",""
"1010","1010","9005421552302622","default","2026-01-08 13:55:59","","2026-01-08 13:56:13","14","0","NORMAL_CLEARING","90e2047a-349c-4a66-bd4a-e04176b1728f","","1010","",""
"1010","1010","+237662269500","default","2026-01-08 13:55:59","","2026-01-08 13:56:14","15","0","CALL_REJECTED","61ffcff3-9b8b-4e99-9cb1-691ecb9d3325","","1010","",""
"1010","1010","+237662269513","default","2026-01-08 13:56:01","","2026-01-08 13:56:15","14","0","CALL_REJECTED","5212a18a-0327-4092-a513-f7cd385e3b37","","1010","",""
"1010","1010","9005421552302622","default","2026-01-08 13:56:02","","2026-01-08 13:56:15","13","0","NORMAL_CLEARING","ca5d4804-89da-409f-93bc-dcd19ee30a38","","1010","",""
"1010","1010","9005972567301988","default","2026-01-08 13:56:02","","2026-01-08 13:56:15","13","0","NORMAL_CLEARING","c545983a-2fbe-4859-96e8-e4dc7ebefad2","","1010","",""
"1010","1010","+237662269519","default","2026-01-08 13:56:02","","2026-01-08 13:56:15","13","0","CALL_REJECTED","b03b8ff6-f95b-4bc6-ae55-63c010249dc8","","1010","",""
"1010","1010","+237662269535","default","2026-01-08 13:56:02","","2026-01-08 13:56:16","14","0","CALL_REJECTED","312ff9b8-5eca-4401-9498-b272e2a87cff","","1010","",""
"1010","1010","+237662269541","default","2026-01-08 13:56:03","","2026-01-08 13:56:17","14","0","CALL_REJECTED","44ac255f-7801-4d2f-8c5d-e61f6f7af44c","","1010","",""
"1010","1010","9005972567301988","default","2026-01-08 13:56:04","","2026-01-08 13:56:17","13","0","NORMAL_CLEARING","d1fb0396-1ae8-4bfb-8f8f-bee942d2ae61","","1010","",""
"1010","1010","9005421552302622","default","2026-01-08 13:56:04","","2026-01-08 13:56:18","14","0","NORMAL_CLEARING","2d1d3f53-0678-40e2-80a6-588d9058ec19","","1010","",""
"1010","1010","+237662269543","default","2026-01-08 13:56:05","","2026-01-08 13:56:18","13","0","CALL_REJECTED","899c6013-6ae6-4eef-b6e8-60c85323b5a4","","1010","",""
"1010","1010","+237662269564","default","2026-01-08 13:56:05","","2026-01-08 13:56:19","14","0","CALL_REJECTED","724d090e-4160-495b-bc69-f9125e1a7772","","1010","",""
"1010","1010","+237662269572","default","2026-01-08 13:56:08","","2026-01-08 13:56:21","13","0","CALL_REJECTED","4730550b-a62c-4e0b-97a3-f08594ebd206","","1010","",""
"1010","1010","9005421552302622","default","2026-01-08 13:56:09","","2026-01-08 13:56:22","13","0","NORMAL_CLEARING","21c204b7-a486-4a46-9c45-d37e58ae4af5","","1010","",""
"1010","1010","9005972567301988","default","2026-01-08 13:56:09","","2026-01-08 13:56:22","13","0","NORMAL_CLEARING","ba47213b-5004-43e3-94ef-aff92cbae726","","1010","",""
"1010","1010","+237662269590","default","2026-01-08 13:56:09","","2026-01-08 13:56:23","14","0","CALL_REJECTED","6db59a16-2664-4b2c-888a-94aa689b7363","","1010","",""
"1010","1010","+237662269602","default","2026-01-08 13:56:10","","2026-01-08 13:56:24","14","0","CALL_REJECTED","e63c5920-6b0f-4ad9-937e-6bfa25beb26c","","1010","",""
"1010","1010","+237662269608","default","2026-01-08 13:56:12","","2026-01-08 13:56:26","14","0","CALL_REJECTED","6e51a119-ce95-4603-ab82-64942f4820fd","","1010","",""
"1010","1010","+237662269621","default","2026-01-08 13:56:14","","2026-01-08 13:56:27","13","0","CALL_REJECTED","8b716201-5c7d-476a-9c66-1bc039b4c967","","1010","",""
"1010","1010","+237662269622","default","2026-01-08 13:56:16","","2026-01-08 13:56:29","13","0","CALL_REJECTED","a4ba9d31-cc0a-4393-abd8-ef8790f174f7","","1010","",""
"1010","1010","+237662269639","default","2026-01-08 13:56:17","","2026-01-08 13:56:30","13","0","CALL_REJECTED","63c04544-d1f4-4a2a-862e-76098a7e98e1","","1010","",""
"1010","1010","+237662269651","default","2026-01-08 13:56:18","","2026-01-08 13:56:31","13","0","CALL_REJECTED","2fed084d-ae97-4768-ae44-8d3c96a61d1f","","1010","",""
"1010","1010","+237662269652","default","2026-01-08 13:56:19","","2026-01-08 13:56:32","13","0","CALL_REJECTED","5e64346b-cc6b-4432-9786-8a50caa00380","","1010","",""
"1010","1010","+237662269657","default","2026-01-08 13:56:20","","2026-01-08 13:56:33","13","0","CALL_REJECTED","516918b8-8cf3-4687-8e61-a29f763b5062","","1010","",""
"1010","1010","+237662269666","default","2026-01-08 13:56:21","","2026-01-08 13:56:34","13","0","CALL_REJECTED","8f07d761-d67d-4d30-8f6f-0c6d971eafcd","","1010","",""
"1010","1010","+237662269816","default","2026-01-08 13:56:32","","2026-01-08 13:56:34","2","0","ORIGINATOR_CANCEL","a26aa449-9ba5-49d9-86af-eca9b72adb86","","1010","",""
"1010","1010","+237662269754","default","2026-01-08 13:56:29","","2026-01-08 13:56:34","5","0","ORIGINATOR_CANCEL","94e17aa9-39e3-47c7-9412-e80798530c8b","","1010","",""
"1010","1010","9006421552302622","default","2026-01-08 13:56:21","","2026-01-08 13:56:34","13","0","NORMAL_CLEARING","204e62f7-3197-4014-8dca-081753102be0","","1010","",""
"1010","1010","+237662269669","default","2026-01-08 13:56:22","","2026-01-08 13:56:34","12","0","ORIGINATOR_CANCEL","960d90c8-a7b5-4c24-9b08-ebbfa64c81ef","","1010","",""
"1010","1010","+237662269730","default","2026-01-08 13:56:25","","2026-01-08 13:56:34","9","0","ORIGINATOR_CANCEL","64e58d6f-de84-4d96-833e-24424be5737b","","1010","",""
"1010","1010","+237662269743","default","2026-01-08 13:56:28","","2026-01-08 13:56:34","6","0","ORIGINATOR_CANCEL","a90f8369-cb82-4fd5-9fa3-064f5b22857f","","1010","",""
"1010","1010","+237662269678","default","2026-01-08 13:56:24","","2026-01-08 13:56:34","10","0","ORIGINATOR_CANCEL","5588454a-2d91-4603-8ee6-e67427216fa9","","1010","",""
"1010","1010","+237662269735","default","2026-01-08 13:56:26","","2026-01-08 13:56:34","8","0","ORIGINATOR_CANCEL","f4107675-aea4-4af8-8cf9-d7790f723659","","1010","",""
"1010","1010","+237662269818","default","2026-01-08 13:56:33","","2026-01-08 13:56:34","1","0","ORIGINATOR_CANCEL","29a37e88-edcd-49b8-be70-7f1ceaf8f28d","","1010","",""
"1010","1010","+237662269762","default","2026-01-08 13:56:31","","2026-01-08 13:56:34","3","0","ORIGINATOR_CANCEL","5c4536c2-1490-4c29-a83c-5e2e9925fcac","","1010","",""
"1010","1010","+237662269825","default","2026-01-08 13:56:34","","2026-01-08 13:56:34","0","0","ORIGINATOR_CANCEL","78f57f1d-c0b0-4ed6-9ea8-fd83d9adc38a","","1010","",""
"1010","1010","9006972567301988","default","2026-01-08 13:56:21","","2026-01-08 13:56:34","13","0","NORMAL_CLEARING","b67bea86-0485-465c-87f6-1abe218e582a","","1010","",""
"1010","1010","9006972567301988","default","2026-01-08 13:56:22","","2026-01-08 13:56:35","13","0","NORMAL_CLEARING","25e0255d-b774-402e-8706-6e800a33c6b4","","1010","",""
"1010","1010","9006421552302622","default","2026-01-08 13:56:22","","2026-01-08 13:56:35","13","0","NORMAL_CLEARING","122096f7-1fbf-4676-b778-549c2c696b23","","1010","",""
"1010","1010","9006421552302622","default","2026-01-08 13:56:24","","2026-01-08 13:56:37","13","0","NORMAL_CLEARING","6827e7f8-83e2-404f-b8ee-9ac857b29bf7","","1010","",""
"1010","1010","9006972567301988","default","2026-01-08 13:56:24","","2026-01-08 13:56:37","13","0","NORMAL_CLEARING","09863e7c-ef1b-4c0b-becb-2b4cfece34d1","","1010","",""
"1010","1010","9006421552302622","default","2026-01-08 13:56:26","","2026-01-08 13:56:39","13","0","NORMAL_CLEARING","a65eeb0e-43dd-4f42-aee5-9b064f7a49a1","","1010","",""
"1010","1010","9006972567301988","default","2026-01-08 13:56:26","","2026-01-08 13:56:39","13","0","NORMAL_CLEARING","a9628421-a97d-4d3d-b32c-b22365fe0df6","","1010","",""
"1010","1010","9006972567301988","default","2026-01-08 13:56:31","","2026-01-08 13:56:45","14","0","NORMAL_CLEARING","c0f67554-fd92-4e81-85f0-8a5cf5b9939e","","1010","",""
"1010","1010","9006421552302622","default","2026-01-08 13:56:31","","2026-01-08 13:56:45","14","0","NORMAL_CLEARING","c72fab0e-a7af-4baf-a26f-b7a3c78c1504","","1010","",""
"1010","1010","9007421552302622","default","2026-01-08 13:56:44","","2026-01-08 13:56:58","14","0","NORMAL_CLEARING","97ee85c6-31fd-4e2b-9f4c-a8743db04cc3","","1010","",""
"1010","1010","9007421552302622","default","2026-01-08 13:56:44","","2026-01-08 13:56:58","14","0","NORMAL_CLEARING","5c7598c7-4938-413e-b623-83a21a87963d","","1010","",""
"1010","1010","9007972567301988","default","2026-01-08 13:56:44","","2026-01-08 13:56:58","14","0","NORMAL_CLEARING","d4ba6115-3f0d-4c28-9aba-2e78fa756779","","1010","",""
"1010","1010","9007972567301988","default","2026-01-08 13:56:44","","2026-01-08 13:56:58","14","0","NORMAL_CLEARING","5a76525a-1da0-469c-9a73-ed17226b2cb7","","1010","",""
"1010","1010","9007421552302622","default","2026-01-08 13:56:44","","2026-01-08 13:56:58","14","0","NORMAL_CLEARING","e610b093-e27f-4c45-8ff9-4678d1f951bd","","1010","",""
"1010","1010","9007972567301988","default","2026-01-08 13:56:44","","2026-01-08 13:56:58","14","0","NORMAL_CLEARING","84ca32bd-0e39-4e34-bbfe-2d08b68270d5","","1010","",""
"1010","1010","9007421552302622","default","2026-01-08 13:56:48","","2026-01-08 13:57:02","14","0","NORMAL_CLEARING","9c75ae75-3634-4b36-bd47-ba67c1b1b5f6","","1010","",""
"1010","1010","9007972567301988","default","2026-01-08 13:56:48","","2026-01-08 13:57:02","14","0","NORMAL_CLEARING","5553a593-b4ce-4bf5-a756-18bdcdfa076c","","1010","",""
"1010","1010","9007421552302622","default","2026-01-08 13:56:54","","2026-01-08 13:57:07","13","0","NORMAL_CLEARING","7609300a-4fe8-41fe-bce8-fa23eb741e0d","","1010","",""
"1010","1010","9007972567301988","default","2026-01-08 13:56:54","","2026-01-08 13:57:08","14","0","NORMAL_CLEARING","c7695275-9587-4907-883c-dd626aec2b7f","","1010","",""
"1010","1010","9008972567301988","default","2026-01-08 13:57:06","","2026-01-08 13:57:19","13","0","NORMAL_CLEARING","b0a72ddc-b111-426a-a52b-5805ab43140d","","1010","",""
"1010","1010","9008421552302622","default","2026-01-08 13:57:06","","2026-01-08 13:57:19","13","0","NORMAL_CLEARING","4f5e1a24-e6a4-409c-a652-6f193db86312","","1010","",""
"1010","1010","9008972567301988","default","2026-01-08 13:57:06","","2026-01-08 13:57:19","13","0","NORMAL_CLEARING","13dd64e1-ba90-4fe7-a3bf-abe84d2e705b","","1010","",""
"1010","1010","9008421552302622","default","2026-01-08 13:57:06","","2026-01-08 13:57:20","14","0","NORMAL_CLEARING","cb2e54bd-babe-42d3-808b-d2ec0543e57d","","1010","",""
"1010","1010","9008421552302622","default","2026-01-08 13:57:07","","2026-01-08 13:57:20","13","0","NORMAL_CLEARING","ad8c52a1-6785-4f4c-ba5b-4d66ef640369","","1010","",""
"1010","1010","9008972567301988","default","2026-01-08 13:57:07","","2026-01-08 13:57:20","13","0","NORMAL_CLEARING","cfc6d27b-ee34-4a74-87a0-5b3bd04431d4","","1010","",""
"1010","1010","9008972567301988","default","2026-01-08 13:57:11","","2026-01-08 13:57:24","13","0","NORMAL_CLEARING","848eba52-e247-45dc-8468-b56104f7c602","","1010","",""
"1010","1010","9008421552302622","default","2026-01-08 13:57:11","","2026-01-08 13:57:24","13","0","NORMAL_CLEARING","44f441df-f43c-4c3f-b0d1-04d19db7929a","","1010","",""
"1010","1010","9008972567301988","default","2026-01-08 13:57:16","","2026-01-08 13:57:29","13","0","NORMAL_CLEARING","715806b6-9130-4d29-a81f-d543fb40a6df","","1010","",""
"1010","1010","9008421552302622","default","2026-01-08 13:57:16","","2026-01-08 13:57:29","13","0","NORMAL_CLEARING","30abb8b7-1d59-4357-872d-e2b6fd34b97e","","1010","",""
"1010","1010","9009421552302622","default","2026-01-08 13:57:28","","2026-01-08 13:57:41","13","0","NORMAL_CLEARING","bca9a55b-e9c3-4d0c-bbf6-9f55f832d1a7","","1010","",""
"1010","1010","9009972567301988","default","2026-01-08 13:57:29","","2026-01-08 13:57:41","12","0","NORMAL_CLEARING","f75384db-801c-432c-870d-994fcff337e7","","1010","",""
"1010","1010","9009972567301988","default","2026-01-08 13:57:28","","2026-01-08 13:57:41","13","0","NORMAL_CLEARING","320ac8c6-1120-4fd4-827d-46b6b6fd5b9a","","1010","",""
"1010","1010","9009421552302622","default","2026-01-08 13:57:29","","2026-01-08 13:57:41","12","0","NORMAL_CLEARING","150e55d1-3228-4614-ad78-2420371b6241","","1010","",""
"1010","1010","9009972567301988","default","2026-01-08 13:57:29","","2026-01-08 13:57:42","13","0","NORMAL_CLEARING","dc14e667-3822-4fa2-8f73-c6dbabbd7a94","","1010","",""
"1010","1010","9009421552302622","default","2026-01-08 13:57:29","","2026-01-08 13:57:42","13","0","NORMAL_CLEARING","0502d661-c6ab-433d-b2e5-b6c7919dcf5b","","1010","",""
"1010","1010","9009972567301988","default","2026-01-08 13:57:33","","2026-01-08 13:57:46","13","0","NORMAL_CLEARING","08f32d7c-b86e-4505-89c5-0be7f32995f1","","1010","",""
"1010","1010","9009421552302622","default","2026-01-08 13:57:33","","2026-01-08 13:57:46","13","0","NORMAL_CLEARING","bf3ba446-498f-4ac0-9bfd-c8bbd2e51cb3","","1010","",""
"1010","1010","9009421552302622","default","2026-01-08 13:57:38","","2026-01-08 13:57:51","13","0","NORMAL_CLEARING","7f7792b8-ca36-4c8d-9c10-e177757b92aa","","1010","",""
"1010","1010","9009972567301988","default","2026-01-08 13:57:38","","2026-01-08 13:57:51","13","0","NORMAL_CLEARING","f3a49bc1-0f39-42df-9e78-1f16f8f6838b","","1010","",""
"1010","1010","012421552302622","default","2026-01-08 13:57:51","","2026-01-08 13:58:04","13","0","NORMAL_CLEARING","8efdf90b-7fd7-4833-8d0c-39b185ddaa76","","1010","",""
"1010","1010","012972567301988","default","2026-01-08 13:57:51","","2026-01-08 13:58:04","13","0","NORMAL_CLEARING","f7e7518a-fdab-436a-9eb8-5ffc0caa7d8d","","1010","",""
"1010","1010","012421552302622","default","2026-01-08 13:57:51","","2026-01-08 13:58:04","13","0","NORMAL_CLEARING","e52c6e6a-cf6e-4065-b34c-acb264cc6be5","","1010","",""
"1010","1010","012972567301988","default","2026-01-08 13:57:51","","2026-01-08 13:58:04","13","0","NORMAL_CLEARING","f095ac50-71ad-4dd7-b363-37a1037ba82d","","1010","",""
"1010","1010","012421552302622","default","2026-01-08 13:57:51","","2026-01-08 13:58:04","13","0","NORMAL_CLEARING","060cae81-4bcb-4e6d-b46c-5974503fb94c","","1010","",""
"1010","1010","012972567301988","default","2026-01-08 13:57:51","","2026-01-08 13:58:04","13","0","NORMAL_CLEARING","4ec32f23-1c7a-431c-ad01-661b97cc3521","","1010","",""
"1010","1010","012972567301988","default","2026-01-08 13:57:55","","2026-01-08 13:58:08","13","0","NORMAL_CLEARING","360b9d1d-5871-4c53-b4a3-c44fa4d796a6","","1010","",""
"1010","1010","012421552302622","default","2026-01-08 13:57:55","","2026-01-08 13:58:08","13","0","NORMAL_CLEARING","5a117226-2872-4fed-809d-30441b8fa01a","","1010","",""
"1010","1010","012421552302622","default","2026-01-08 13:58:00","","2026-01-08 13:58:13","13","0","NORMAL_CLEARING","0e3391c7-7cc2-4bde-84bf-f484b8a1c005","","1010","",""
"1010","1010","012972567301988","default","2026-01-08 13:58:00","","2026-01-08 13:58:13","13","0","NORMAL_CLEARING","b231eff4-0615-4d5e-a639-210350cbbce5","","1010","",""
"1010","1010","013972567301988","default","2026-01-08 13:58:13","","2026-01-08 13:58:25","12","0","NORMAL_CLEARING","a631bd20-8c9b-4879-91e0-4b821c19cf53","","1010","",""
"1010","1010","013421552302622","default","2026-01-08 13:58:13","","2026-01-08 13:58:25","12","0","NORMAL_CLEARING","024b66c6-d812-417a-8ced-20466046128d","","1010","",""
"1010","1010","013421552302622","default","2026-01-08 13:58:13","","2026-01-08 13:58:26","13","0","NORMAL_CLEARING","25e96c8c-ec5f-4591-ad29-1e2ae473915e","","1010","",""
"1010","1010","013972567301988","default","2026-01-08 13:58:13","","2026-01-08 13:58:26","13","0","NORMAL_CLEARING","08aeb327-f331-477c-b37e-6e7b70813201","","1010","",""
"1010","1010","013972567301988","default","2026-01-08 13:58:13","","2026-01-08 13:58:26","13","0","NORMAL_CLEARING","4f49ffb1-f531-46cb-b268-fc5ed7fcb0a5","","1010","",""
"1010","1010","013421552302622","default","2026-01-08 13:58:13","","2026-01-08 13:58:26","13","0","NORMAL_CLEARING","1d72a72c-5d58-4efc-b131-7bbc8d974db5","","1010","",""
"1010","1010","013421552302622","default","2026-01-08 13:58:18","","2026-01-08 13:58:30","12","0","NORMAL_CLEARING","b7bba127-6625-4298-8f88-19d52cf4c6a8","","1010","",""
"1010","1010","013972567301988","default","2026-01-08 13:58:18","","2026-01-08 13:58:30","12","0","NORMAL_CLEARING","76674b7f-3fdb-4c64-a89b-3d6c294f0f55","","1010","",""
"1010","1010","013972567301988","default","2026-01-08 13:58:23","","2026-01-08 13:58:35","12","0","NORMAL_CLEARING","4139c048-92f3-4fe8-96ac-6896301bbaca","","1010","",""
"1010","1010","013421552302622","default","2026-01-08 13:58:23","","2026-01-08 13:58:35","12","0","NORMAL_CLEARING","026b29f5-d227-442f-bad5-f144610dbe8f","","1010","",""
"1010","1010","014421552302622","default","2026-01-08 13:58:35","","2026-01-08 13:58:48","13","0","NORMAL_CLEARING","b6feae20-4060-4226-bee1-0625ef14b310","","1010","",""
"1010","1010","014972567301988","default","2026-01-08 13:58:35","","2026-01-08 13:58:48","13","0","NORMAL_CLEARING","92d2f700-31b2-4c48-a649-f66c4c85f95d","","1010","",""
"1010","1010","014972567301988","default","2026-01-08 13:58:36","","2026-01-08 13:58:48","12","0","NORMAL_CLEARING","e4ad88a5-436f-475c-acb2-0e71463f9de9","","1010","",""
"1010","1010","014972567301988","default","2026-01-08 13:58:36","","2026-01-08 13:58:48","12","0","NORMAL_CLEARING","baff2d49-1aa9-4f42-a143-e7a85f18f896","","1010","",""
"1010","1010","014421552302622","default","2026-01-08 13:58:36","","2026-01-08 13:58:48","12","0","NORMAL_CLEARING","4cac5267-b78b-4286-84df-29898346ca42","","1010","",""
"1010","1010","014421552302622","default","2026-01-08 13:58:36","","2026-01-08 13:58:48","12","0","NORMAL_CLEARING","5763a27c-aa16-4f17-9a78-7a810d464e4f","","1010","",""
"1010","1010","014421552302622","default","2026-01-08 13:58:40","","2026-01-08 13:58:53","13","0","NORMAL_CLEARING","8006d13a-c549-4f2d-8d03-99b7642d36e2","","1010","",""
"1010","1010","014972567301988","default","2026-01-08 13:58:40","","2026-01-08 13:58:53","13","0","NORMAL_CLEARING","7e90c962-1461-4338-82eb-12baf59c26b4","","1010","",""
"1010","1010","014421552302622","default","2026-01-08 13:58:45","","2026-01-08 13:58:57","12","0","NORMAL_CLEARING","93e0f539-ad2c-4d36-8949-29b19f46b278","","1010","",""
"1010","1010","014972567301988","default","2026-01-08 13:58:45","","2026-01-08 13:58:58","13","0","NORMAL_CLEARING","2272c030-62cb-4641-af21-5660882efb42","","1010","",""
"1010","1010","015972567301988","default","2026-01-08 13:58:57","","2026-01-08 13:59:11","14","0","NORMAL_CLEARING","be0bb008-8d3d-4dea-b7cb-f7388cb1fdc8","","1010","",""
"1010","1010","015421552302622","default","2026-01-08 13:58:57","","2026-01-08 13:59:11","14","0","NORMAL_CLEARING","bbda6ed9-19fb-421a-a7f2-6341ef8f0b27","","1010","",""
"1010","1010","015421552302622","default","2026-01-08 13:58:58","","2026-01-08 13:59:11","13","0","NORMAL_CLEARING","17d83c6b-4296-4ca6-96c9-4c412da97826","","1010","",""
"1010","1010","015421552302622","default","2026-01-08 13:58:58","","2026-01-08 13:59:11","13","0","NORMAL_CLEARING","a5d86c40-2618-43e0-873b-d9995b6e56d1","","1010","",""
"1010","1010","015972567301988","default","2026-01-08 13:58:58","","2026-01-08 13:59:11","13","0","NORMAL_CLEARING","f51bd21f-1740-4647-8611-76469f239b20","","1010","",""
"1010","1010","015972567301988","default","2026-01-08 13:58:58","","2026-01-08 13:59:11","13","0","NORMAL_CLEARING","e3f5f652-d257-46a4-a1ed-b8d53365bb52","","1010","",""
"1010","1010","015972567301988","default","2026-01-08 13:59:02","","2026-01-08 13:59:15","13","0","NORMAL_CLEARING","dad1e454-e109-478d-ba17-4c071ab4a9eb","","1010","",""
"1010","1010","015421552302622","default","2026-01-08 13:59:02","","2026-01-08 13:59:16","14","0","NORMAL_CLEARING","863981f8-3e10-4c86-93c9-7afed0c935e1","","1010","",""
"1010","1010","015972567301988","default","2026-01-08 13:59:07","","2026-01-08 13:59:20","13","0","NORMAL_CLEARING","d9c5a7ca-2f12-416c-b472-7e6623382f36","","1010","",""
"1010","1010","015421552302622","default","2026-01-08 13:59:07","","2026-01-08 13:59:20","13","0","NORMAL_CLEARING","1bf2215c-6803-41f5-be19-eaf9ace96888","","1010","",""
"1010","1010","016421552302622","default","2026-01-08 13:59:20","","2026-01-08 13:59:32","12","0","NORMAL_CLEARING","43a7e2b6-0e16-4575-a305-46c100b9c9cc","","1010","",""
"1010","1010","016972567301988","default","2026-01-08 13:59:20","","2026-01-08 13:59:32","12","0","NORMAL_CLEARING","4c537bb1-d553-42f3-835d-09b836e05de4","","1010","",""
"1010","1010","016421552302622","default","2026-01-08 13:59:20","","2026-01-08 13:59:33","13","0","NORMAL_CLEARING","623c99b5-35e4-446d-b611-44f17f6abaf1","","1010","",""
"1010","1010","016972567301988","default","2026-01-08 13:59:20","","2026-01-08 13:59:33","13","0","NORMAL_CLEARING","5295d42c-47ec-406e-b992-e11c294edd82","","1010","",""
"1010","1010","016421552302622","default","2026-01-08 13:59:20","","2026-01-08 13:59:33","13","0","NORMAL_CLEARING","94402125-9f10-439e-b546-a875771bcb2f","","1010","",""
"1010","1010","016972567301988","default","2026-01-08 13:59:20","","2026-01-08 13:59:33","13","0","NORMAL_CLEARING","c07e5cea-e9fb-49e4-a2b4-cbae2a8c5695","","1010","",""
"1010","1010","016421552302622","default","2026-01-08 13:59:24","","2026-01-08 13:59:37","13","0","NORMAL_CLEARING","b9fafd77-50ae-4b92-aa3f-afbbed1dcdf6","","1010","",""
"1010","1010","016972567301988","default","2026-01-08 13:59:24","","2026-01-08 13:59:37","13","0","NORMAL_CLEARING","8218f6b5-6907-4ef8-82ce-d76d5cfc6065","","1010","",""
"1010","1010","016421552302622","default","2026-01-08 13:59:29","","2026-01-08 13:59:42","13","0","NORMAL_CLEARING","cb25ccd6-5d54-454a-a6ed-3e6a19087cac","","1010","",""
"1010","1010","016972567301988","default","2026-01-08 13:59:29","","2026-01-08 13:59:42","13","0","NORMAL_CLEARING","76343c68-fa43-447b-9475-f7e86f2474da","","1010","",""
"1010","1010","017421552302622","default","2026-01-08 13:59:42","","2026-01-08 13:59:55","13","0","NORMAL_CLEARING","2d43f770-e389-48be-ae8d-1f8975e755d6","","1010","",""
"1010","1010","017972567301988","default","2026-01-08 13:59:42","","2026-01-08 13:59:55","13","0","NORMAL_CLEARING","c431c449-7148-4c08-8e2e-1ddcf5260322","","1010","",""
"1010","1010","017421552302622","default","2026-01-08 13:59:42","","2026-01-08 13:59:56","14","0","NORMAL_CLEARING","4e1cc313-095a-4d36-8179-93d4cf801d0d","","1010","",""
"1010","1010","017972567301988","default","2026-01-08 13:59:42","","2026-01-08 13:59:56","14","0","NORMAL_CLEARING","a490eb14-bd4c-4199-a27f-df6609c7b2fe","","1010","",""
"1010","1010","017972567301988","default","2026-01-08 13:59:42","","2026-01-08 13:59:56","14","0","NORMAL_CLEARING","3e9361d8-abf4-4d2f-99e8-20405ec5056e","","1010","",""
"1010","1010","017421552302622","default","2026-01-08 13:59:42","","2026-01-08 13:59:56","14","0","NORMAL_CLEARING","14ab6ada-cb67-453e-a37d-6592edf47489","","1010","",""
"1010","1010","017972567301988","default","2026-01-08 13:59:47","","2026-01-08 14:00:00","13","0","NORMAL_CLEARING","72347737-f6fc-423f-a9b0-179d7d7dc8de","","1010","",""
"1010","1010","017421552302622","default","2026-01-08 13:59:47","","2026-01-08 14:00:00","13","0","NORMAL_CLEARING","bdcbddd2-c02a-4683-b2ae-c3c40a41004b","","1010","",""
"1010","1010","017421552302622","default","2026-01-08 13:59:52","","2026-01-08 14:00:07","15","0","NORMAL_CLEARING","9f6e6aea-71ff-4566-8093-e8664c0b7bd6","","1010","",""
"1010","1010","017972567301988","default","2026-01-08 13:59:52","","2026-01-08 14:00:07","15","0","NORMAL_CLEARING","513405b1-49d5-4d98-8e8c-a3b5cec0cae6","","1010","",""
"1010","1010","018421552302622","default","2026-01-08 14:00:05","","2026-01-08 14:00:19","14","0","NORMAL_CLEARING","79b63c2e-94dd-4712-a1a1-c4993ff78ee5","","1010","",""
"1010","1010","018972567301988","default","2026-01-08 14:00:05","","2026-01-08 14:00:19","14","0","NORMAL_CLEARING","3b65c63b-f0af-47ab-b400-16d6023e3e9c","","1010","",""
"1010","1010","018421552302622","default","2026-01-08 14:00:05","","2026-01-08 14:00:19","14","0","NORMAL_CLEARING","9c656f16-e39f-4aaf-9286-1de9d45dabd1","","1010","",""
"1010","1010","018972567301988","default","2026-01-08 14:00:05","","2026-01-08 14:00:19","14","0","NORMAL_CLEARING","67b7d112-d838-4a4e-a85d-2a08d28a87af","","1010","",""
"1010","1010","018972567301988","default","2026-01-08 14:00:05","","2026-01-08 14:00:19","14","0","NORMAL_CLEARING","ffd9e2ac-294e-419d-946c-93e419497253","","1010","",""
"1010","1010","018421552302622","default","2026-01-08 14:00:05","","2026-01-08 14:00:19","14","0","NORMAL_CLEARING","cc82af45-465f-49e2-89a6-e246fcc4ec61","","1010","",""
"1010","1010","018421552302622","default","2026-01-08 14:00:10","","2026-01-08 14:00:22","12","0","NORMAL_CLEARING","bf1bcb59-2075-48a7-8f42-2d071c82d1fe","","1010","",""
"1010","1010","018972567301988","default","2026-01-08 14:00:09","","2026-01-08 14:00:22","13","0","NORMAL_CLEARING","93bd87ed-591d-49a4-a789-a86d78b86564","","1010","",""
"1010","1010","018972567301988","default","2026-01-08 14:00:14","","2026-01-08 14:00:27","13","0","NORMAL_CLEARING","2953f164-c6f6-43c6-b139-4e4ec8838d0b","","1010","",""
"1010","1010","018421552302622","default","2026-01-08 14:00:14","","2026-01-08 14:00:28","14","0","NORMAL_CLEARING","c592a2f4-10d4-449c-b579-77999114dbcf","","1010","",""
"1010","1010","019421552302622","default","2026-01-08 14:00:28","","2026-01-08 14:00:40","12","0","NORMAL_CLEARING","d8936a4a-d86e-4b61-a38c-08ae43893d1b","","1010","",""
"1010","1010","019972567301988","default","2026-01-08 14:00:28","","2026-01-08 14:00:40","12","0","NORMAL_CLEARING","5bf8c0f4-f8b3-412f-b9a4-7f57842e1d6c","","1010","",""
"1010","1010","019421552302622","default","2026-01-08 14:00:28","","2026-01-08 14:00:40","12","0","NORMAL_CLEARING","06b4a7fa-283b-4c10-96db-68f4c7e2545d","","1010","",""
"1010","1010","019972567301988","default","2026-01-08 14:00:28","","2026-01-08 14:00:40","12","0","NORMAL_CLEARING","55d32e56-2977-41ad-8d3b-b61bce6073ce","","1010","",""
"1010","1010","019421552302622","default","2026-01-08 14:00:28","","2026-01-08 14:00:40","12","0","NORMAL_CLEARING","29e44795-c4c7-4808-bfa1-7814558e9cac","","1010","",""
"1010","1010","019972567301988","default","2026-01-08 14:00:28","","2026-01-08 14:00:40","12","0","NORMAL_CLEARING","145eca67-fc3b-4505-a403-a6bf89f44d53","","1010","",""
"1010","1010","019421552302622","default","2026-01-08 14:00:32","","2026-01-08 14:00:44","12","0","NORMAL_CLEARING","45700c11-ff25-4c28-b207-0ca017d54b71","","1010","",""
"1010","1010","019972567301988","default","2026-01-08 14:00:32","","2026-01-08 14:00:44","12","0","NORMAL_CLEARING","f96a2a53-52e5-4c25-b23a-62015322bc33","","1010","",""
"1010","1010","019421552302622","default","2026-01-08 14:00:37","","2026-01-08 14:00:49","12","0","NORMAL_CLEARING","b3b148c9-99b6-4deb-be1a-4c51ccd67ae1","","1010","",""
"1010","1010","019972567301988","default","2026-01-08 14:00:37","","2026-01-08 14:00:49","12","0","NORMAL_CLEARING","95beaffa-5c40-4819-bc56-b6c881fc78a6","","1010","",""
"1010","1010","0010421552302622","default","2026-01-08 14:00:50","","2026-01-08 14:01:02","12","0","NORMAL_CLEARING","08f43843-8a0e-427a-851e-328335fc3a38","","1010","",""
"1010","1010","0010421552302622","default","2026-01-08 14:00:50","","2026-01-08 14:01:02","12","0","NORMAL_CLEARING","f6fb0d4c-cfc2-4d1a-8fab-4bd007278f10","","1010","",""
"1010","1010","0010972567301988","default","2026-01-08 14:00:50","","2026-01-08 14:01:02","12","0","NORMAL_CLEARING","c3c2acf3-cfa3-4e12-9a62-bb9cf431bc86","","1010","",""
"1010","1010","0010972567301988","default","2026-01-08 14:00:50","","2026-01-08 14:01:02","12","0","NORMAL_CLEARING","6990991b-8969-488d-b3ca-5b1696989593","","1010","",""
"1010","1010","0010421552302622","default","2026-01-08 14:00:50","","2026-01-08 14:01:02","12","0","NORMAL_CLEARING","9865d205-5520-4854-9996-2e0b1597442e","","1010","",""
"1010","1010","0010972567301988","default","2026-01-08 14:00:50","","2026-01-08 14:01:02","12","0","NORMAL_CLEARING","8fd1a85f-63ea-4581-9da8-34100b659808","","1010","",""
"1010","1010","0010421552302622","default","2026-01-08 14:00:54","","2026-01-08 14:01:07","13","0","NORMAL_CLEARING","dc606218-3f23-4e38-bcdc-8f87d376da27","","1010","",""
"1010","1010","0010972567301988","default","2026-01-08 14:00:54","","2026-01-08 14:01:07","13","0","NORMAL_CLEARING","856c2dcc-b1bd-47c4-a6fe-e3f8d1ca44d1","","1010","",""
"1010","1010","0010421552302622","default","2026-01-08 14:00:59","","2026-01-08 14:01:12","13","0","NORMAL_CLEARING","a4f5c812-9645-49e3-baa4-19f94b9a6208","","1010","",""
"1010","1010","0010972567301988","default","2026-01-08 14:00:59","","2026-01-08 14:01:12","13","0","NORMAL_CLEARING","f8a14f70-c410-4429-a3d6-ce390e4ab206","","1010","",""
"1010","1010","0012972567301988","default","2026-01-08 14:01:13","","2026-01-08 14:01:26","13","0","NORMAL_CLEARING","288c4e39-192f-4656-a219-3dac187e375f","","1010","",""
"1010","1010","0012972567301988","default","2026-01-08 14:01:13","","2026-01-08 14:01:26","13","0","NORMAL_CLEARING","d7770526-d9fa-4e13-9684-aaadb5abf9a0","","1010","",""
"1010","1010","0012421552302622","default","2026-01-08 14:01:13","","2026-01-08 14:01:26","13","0","NORMAL_CLEARING","e4f1de33-b560-4da3-a84d-02b9ae24ea29","","1010","",""
"1010","1010","0012421552302622","default","2026-01-08 14:01:13","","2026-01-08 14:01:26","13","0","NORMAL_CLEARING","317395dd-3a7d-4f9d-8af5-58047497df41","","1010","",""
"1010","1010","0012972567301988","default","2026-01-08 14:01:13","","2026-01-08 14:01:26","13","0","NORMAL_CLEARING","f9e82901-5b42-4491-843e-0d382d8de977","","1010","",""
"1010","1010","0012421552302622","default","2026-01-08 14:01:13","","2026-01-08 14:01:26","13","0","NORMAL_CLEARING","4414de43-e6fe-4711-b7b0-19efabdd7977","","1010","",""
"1010","1010","0012972567301988","default","2026-01-08 14:01:17","","2026-01-08 14:01:30","13","0","NORMAL_CLEARING","a5f90cf1-f3fb-49cd-93fd-68027637f704","","1010","",""
"1010","1010","0012421552302622","default","2026-01-08 14:01:17","","2026-01-08 14:01:30","13","0","NORMAL_CLEARING","950f495d-4698-436d-9cfc-4d36d0bc72a7","","1010","",""
"1010","1010","0012421552302622","default","2026-01-08 14:01:22","","2026-01-08 14:01:35","13","0","NORMAL_CLEARING","573163f4-f781-4d00-a15f-33f0f487df4d","","1010","",""
"1010","1010","0012972567301988","default","2026-01-08 14:01:22","","2026-01-08 14:01:35","13","0","NORMAL_CLEARING","5a1f2b60-bc1c-4c29-a2dc-fc9a4d43ae72","","1010","",""
"1010","1010","0013421552302622","default","2026-01-08 14:01:35","","2026-01-08 14:01:47","12","0","NORMAL_CLEARING","d53c2fa0-ecea-4d2f-b80c-996ec3ca43eb","","1010","",""
"1010","1010","0013421552302622","default","2026-01-08 14:01:35","","2026-01-08 14:01:48","13","0","NORMAL_CLEARING","b3f42b5d-06e1-474a-9703-a13a69e68904","","1010","",""
"1010","1010","0013972567301988","default","2026-01-08 14:01:35","","2026-01-08 14:01:48","13","0","NORMAL_CLEARING","69cfba53-5eab-4b1c-9e5d-b5390ff0e080","","1010","",""
"1010","1010","0013972567301988","default","2026-01-08 14:01:35","","2026-01-08 14:01:48","13","0","NORMAL_CLEARING","a927aeab-9d5c-43b2-8623-bd8f126ede30","","1010","",""
"1010","1010","0013421552302622","default","2026-01-08 14:01:35","","2026-01-08 14:01:48","13","0","NORMAL_CLEARING","8c07bc27-caba-4da6-a2fd-b067eec9c596","","1010","",""
"1010","1010","0013972567301988","default","2026-01-08 14:01:35","","2026-01-08 14:01:48","13","0","NORMAL_CLEARING","2d376efd-03c3-4a28-a335-f7d7ce80fefe","","1010","",""
"1010","1010","0013972567301988","default","2026-01-08 14:01:39","","2026-01-08 14:01:52","13","0","NORMAL_CLEARING","49b516c6-442a-47e7-8722-570e2e9a9db1","","1010","",""
"1010","1010","0013421552302622","default","2026-01-08 14:01:39","","2026-01-08 14:01:52","13","0","NORMAL_CLEARING","6affef77-4323-4ee2-bbf2-54075486b81b","","1010","",""
"1010","1010","0013421552302622","default","2026-01-08 14:01:45","","2026-01-08 14:01:57","12","0","NORMAL_CLEARING","bbd05211-d1c1-4066-92af-da48bf41cca4","","1010","",""
"1010","1010","0013972567301988","default","2026-01-08 14:01:45","","2026-01-08 14:01:57","12","0","NORMAL_CLEARING","a5a04214-ad58-4b08-933b-765078d12e85","","1010","",""
"1010","1010","0014421552302622","default","2026-01-08 14:01:57","","2026-01-08 14:02:10","13","0","NORMAL_CLEARING","17e05bda-520b-4d28-8a05-b77d21d09c05","","1010","",""
"1010","1010","0014421552302622","default","2026-01-08 14:01:57","","2026-01-08 14:02:10","13","0","NORMAL_CLEARING","18fa9e94-2e92-44b0-8d99-e3956550964b","","1010","",""
"1010","1010","0014972567301988","default","2026-01-08 14:01:57","","2026-01-08 14:02:10","13","0","NORMAL_CLEARING","2ff8f9c0-29a7-4163-adb1-2d1346d97f13","","1010","",""
"1010","1010","0014972567301988","default","2026-01-08 14:01:57","","2026-01-08 14:02:10","13","0","NORMAL_CLEARING","78a7645b-e19b-4fd3-9ad0-530de214e989","","1010","",""
"1010","1010","0014421552302622","default","2026-01-08 14:01:58","","2026-01-08 14:02:11","13","0","NORMAL_CLEARING","4b03a5f0-0e83-4933-aaf2-3314ac3d9ace","","1010","",""
"1010","1010","0014972567301988","default","2026-01-08 14:01:58","","2026-01-08 14:02:11","13","0","NORMAL_CLEARING","a8482f7a-8c91-44ed-8fb6-bb02ba352734","","1010","",""
"1010","1010","0014421552302622","default","2026-01-08 14:02:02","","2026-01-08 14:02:14","12","0","NORMAL_CLEARING","e6993cee-78e2-4c80-8dd1-8162640306cd","","1010","",""
"1010","1010","0014972567301988","default","2026-01-08 14:02:02","","2026-01-08 14:02:14","12","0","NORMAL_CLEARING","1505c97b-1753-4cc0-842c-14ecefb19068","","1010","",""
"1010","1010","0014972567301988","default","2026-01-08 14:02:07","","2026-01-08 14:02:20","13","0","NORMAL_CLEARING","c2f43d7a-4a5e-44b0-a97c-347dc6b363cb","","1010","",""
"1010","1010","0014421552302622","default","2026-01-08 14:02:07","","2026-01-08 14:02:20","13","0","NORMAL_CLEARING","dc4902c5-92df-4a80-b2f9-83076c04b28e","","1010","",""
"1010","1010","0015972567301988","default","2026-01-08 14:02:19","","2026-01-08 14:02:31","12","0","NORMAL_CLEARING","ae9d8c40-d7a9-41dd-b561-12833e76a092","","1010","",""
"1010","1010","0015421552302622","default","2026-01-08 14:02:19","","2026-01-08 14:02:31","12","0","NORMAL_CLEARING","0b637ea5-dd03-4fcd-a19a-c458e31438f6","","1010","",""
"1010","1010","0015421552302622","default","2026-01-08 14:02:20","","2026-01-08 14:02:31","11","0","NORMAL_CLEARING","11a3d0e9-31f5-416a-8e51-9440eecab34a","","1010","",""
"1010","1010","0015972567301988","default","2026-01-08 14:02:20","","2026-01-08 14:02:32","12","0","NORMAL_CLEARING","948b973a-2d24-4e41-a757-113e2884953a","","1010","",""
"1010","1010","0015421552302622","default","2026-01-08 14:02:20","","2026-01-08 14:02:32","12","0","NORMAL_CLEARING","ed83a929-8de1-4c68-b6db-cf15a63e3aa0","","1010","",""
"1010","1010","0015972567301988","default","2026-01-08 14:02:20","","2026-01-08 14:02:32","12","0","NORMAL_CLEARING","c2445b8b-fdf5-4390-9bbf-8415f90f25c0","","1010","",""
"1010","1010","0015972567301988","default","2026-01-08 14:02:24","","2026-01-08 14:02:36","12","0","NORMAL_CLEARING","aea66c73-b898-469a-b5fd-45856333a204","","1010","",""
"1010","1010","0015421552302622","default","2026-01-08 14:02:24","","2026-01-08 14:02:36","12","0","NORMAL_CLEARING","a800c1b7-1c58-4b44-928a-e267cc9078db","","1010","",""
"1010","1010","0015972567301988","default","2026-01-08 14:02:29","","2026-01-08 14:02:42","13","0","NORMAL_CLEARING","6071e2b1-d04e-48ae-a735-74405a7b841d","","1010","",""
"1010","1010","0015421552302622","default","2026-01-08 14:02:29","","2026-01-08 14:02:43","14","0","NORMAL_CLEARING","d4489741-a360-4b8c-bba0-63d834a2f35b","","1010","",""
"1010","1010","0016421552302622","default","2026-01-08 14:02:41","","2026-01-08 14:02:54","13","0","NORMAL_CLEARING","cba012d2-beac-46ad-8a41-18dacbc98c21","","1010","",""
"1010","1010","0016972567301988","default","2026-01-08 14:02:41","","2026-01-08 14:02:54","13","0","NORMAL_CLEARING","58bf5a10-bd64-4acd-9978-2dd2d698d24b","","1010","",""
"1010","1010","0016972567301988","default","2026-01-08 14:02:42","","2026-01-08 14:02:55","13","0","NORMAL_CLEARING","124f8c2b-3b34-4e8a-83c9-9e1ddac39724","","1010","",""
"1010","1010","0016421552302622","default","2026-01-08 14:02:42","","2026-01-08 14:02:55","13","0","NORMAL_CLEARING","8c3edb37-5a76-450d-a90f-d44914464fac","","1010","",""
"1010","1010","0016972567301988","default","2026-01-08 14:02:42","","2026-01-08 14:02:55","13","0","NORMAL_CLEARING","ab086520-daf0-4e33-bbe9-69bcd9b001ed","","1010","",""
"1010","1010","0016421552302622","default","2026-01-08 14:02:42","","2026-01-08 14:02:55","13","0","NORMAL_CLEARING","3559e6c2-1d5d-44e5-b25e-e08965516168","","1010","",""
"1010","1010","0016421552302622","default","2026-01-08 14:02:46","","2026-01-08 14:02:59","13","0","NORMAL_CLEARING","c1991ece-1f1a-441d-a02c-f7b772ce6c9b","","1010","",""
"1010","1010","0016972567301988","default","2026-01-08 14:02:46","","2026-01-08 14:03:00","14","0","NORMAL_CLEARING","b9185a7b-756c-4ab5-a127-740f6a04bcb1","","1010","",""
"1010","1010","0016421552302622","default","2026-01-08 14:02:52","","2026-01-08 14:03:05","13","0","NORMAL_CLEARING","77e7f3f6-0b76-4dc5-b67b-9d017e22f32f","","1010","",""
"1010","1010","0016972567301988","default","2026-01-08 14:02:52","","2026-01-08 14:03:05","13","0","NORMAL_CLEARING","8dba3757-76eb-4f86-a5a2-2020610100f0","","1010","",""
"1010","1010","0017972567301988","default","2026-01-08 14:03:03","","2026-01-08 14:03:16","13","0","NORMAL_CLEARING","5972d88b-a3a7-457b-9fd5-0c48ebd218c2","","1010","",""
"1010","1010","0017421552302622","default","2026-01-08 14:03:03","","2026-01-08 14:03:16","13","0","NORMAL_CLEARING","cfc4462d-a030-4468-bd40-16d045abf56f","","1010","",""
"1010","1010","0017421552302622","default","2026-01-08 14:03:04","","2026-01-08 14:03:17","13","0","NORMAL_CLEARING","293fc752-1840-4760-b7f2-be9128e49bfc","","1010","",""
"1010","1010","0017972567301988","default","2026-01-08 14:03:04","","2026-01-08 14:03:17","13","0","NORMAL_CLEARING","fda33332-d199-420b-b8c1-372d24686f1f","","1010","",""
"1010","1010","0017421552302622","default","2026-01-08 14:03:05","","2026-01-08 14:03:17","12","0","NORMAL_CLEARING","3be81316-4ebe-4535-923b-53b11078d8d9","","1010","",""
"1010","1010","0017972567301988","default","2026-01-08 14:03:05","","2026-01-08 14:03:18","13","0","NORMAL_CLEARING","513e8481-f293-436f-8d59-40cf50cb1c74","","1010","",""
"1010","1010","0017421552302622","default","2026-01-08 14:03:08","","2026-01-08 14:03:21","13","0","NORMAL_CLEARING","7e0997ca-3393-4326-b3e1-580900b93abc","","1010","",""
"1010","1010","0017972567301988","default","2026-01-08 14:03:08","","2026-01-08 14:03:22","14","0","NORMAL_CLEARING","2b75fbcd-7c44-4e74-9975-c63640deb0ca","","1010","",""
"1010","1010","0017972567301988","default","2026-01-08 14:03:14","","2026-01-08 14:03:27","13","0","NORMAL_CLEARING","df68ab92-fa7d-4bc0-92e7-5d40b41f47e9","","1010","",""
"1010","1010","0017421552302622","default","2026-01-08 14:03:14","","2026-01-08 14:03:27","13","0","NORMAL_CLEARING","03dc5d93-6a33-4491-896e-8431fa68d697","","1010","",""
"1010","1010","0018972567301988","default","2026-01-08 14:03:26","","2026-01-08 14:03:38","12","0","NORMAL_CLEARING","c90c7ed6-50da-4959-8666-bbe0d2e2a646","","1010","",""
"1010","1010","0018421552302622","default","2026-01-08 14:03:26","","2026-01-08 14:03:38","12","0","NORMAL_CLEARING","415d6496-9f66-4c62-aaa6-9d2247abd903","","1010","",""
"1010","1010","0018972567301988","default","2026-01-08 14:03:26","","2026-01-08 14:03:39","13","0","NORMAL_CLEARING","ac1bd460-adcd-44cb-bfcd-023602132232","","1010","",""
"1010","1010","0018421552302622","default","2026-01-08 14:03:26","","2026-01-08 14:03:39","13","0","NORMAL_CLEARING","61963621-8adb-4f82-9870-889bec6b48aa","","1010","",""
"1010","1010","0018972567301988","default","2026-01-08 14:03:27","","2026-01-08 14:03:39","12","0","NORMAL_CLEARING","e05aad7d-a370-4e9a-9fde-187b3a2216ce","","1010","",""
"1010","1010","0018421552302622","default","2026-01-08 14:03:27","","2026-01-08 14:03:40","13","0","NORMAL_CLEARING","290e66a4-1bb7-4913-b612-4a346709bae8","","1010","",""
"1010","1010","0018421552302622","default","2026-01-08 14:03:31","","2026-01-08 14:03:43","12","0","NORMAL_CLEARING","f40950dd-358b-41db-9e21-a63c4dfd1123","","1010","",""
"1010","1010","0018972567301988","default","2026-01-08 14:03:31","","2026-01-08 14:03:43","12","0","NORMAL_CLEARING","dd83ccb3-3a4c-463f-b6c3-6a16da40c2b7","","1010","",""
"1010","1010","0018972567301988","default","2026-01-08 14:03:36","","2026-01-08 14:03:49","13","0","NORMAL_CLEARING","3263f15e-635a-4f59-bcbe-af7cdf5d077a","","1010","",""
"1010","1010","0018421552302622","default","2026-01-08 14:03:36","","2026-01-08 14:03:49","13","0","NORMAL_CLEARING","bf6633a0-04da-4a25-b233-4bdcda48121b","","1010","",""
"1010","1010","0019421552302622","default","2026-01-08 14:03:48","","2026-01-08 14:04:01","13","0","NORMAL_CLEARING","695d22d1-7f92-4ca4-88ff-204f1ddf4f27","","1010","",""
"1010","1010","0019972567301988","default","2026-01-08 14:03:48","","2026-01-08 14:04:01","13","0","NORMAL_CLEARING","e444119a-e3c2-4671-8c33-26d6cbf68c23","","1010","",""
"1010","1010","0019421552302622","default","2026-01-08 14:03:49","","2026-01-08 14:04:02","13","0","NORMAL_CLEARING","672a9420-6b7d-4f69-a030-c51d229d896d","","1010","",""
"1010","1010","0019972567301988","default","2026-01-08 14:03:49","","2026-01-08 14:04:02","13","0","NORMAL_CLEARING","3bdfc5a3-1b1a-4f63-911b-f68faf2e28f7","","1010","",""
"1010","1010","0019421552302622","default","2026-01-08 14:03:49","","2026-01-08 14:04:02","13","0","NORMAL_CLEARING","5caf2459-f2f6-472d-bbf4-a7598099cac0","","1010","",""
"1010","1010","0019972567301988","default","2026-01-08 14:03:49","","2026-01-08 14:04:02","13","0","NORMAL_CLEARING","e1dc096e-ad13-40c5-a327-2c8036c7ff54","","1010","",""
"1010","1010","0019421552302622","default","2026-01-08 14:03:53","","2026-01-08 14:04:06","13","0","NORMAL_CLEARING","d4d7a51e-f4a9-495f-be4f-46b8f270e86d","","1010","",""
"1010","1010","0019972567301988","default","2026-01-08 14:03:53","","2026-01-08 14:04:06","13","0","NORMAL_CLEARING","83aac9fd-afb1-4915-9dc0-828b517a0027","","1010","",""
"1010","1010","0019972567301988","default","2026-01-08 14:03:58","","2026-01-08 14:04:11","13","0","NORMAL_CLEARING","a54cd19a-00be-4002-830d-d1200139c4bf","","1010","",""
"1010","1010","0019421552302622","default","2026-01-08 14:03:58","","2026-01-08 14:04:11","13","0","NORMAL_CLEARING","545fbb9a-51fe-4725-a093-c0d6adc28fcf","","1010","",""
"1010","1010","00+421552302622","default","2026-01-08 14:04:10","","2026-01-08 14:04:22","12","0","NORMAL_CLEARING","444cecc7-1bd4-4b47-b04e-a757864fcea9","","1010","",""
"1010","1010","00+972567301988","default","2026-01-08 14:04:10","","2026-01-08 14:04:22","12","0","NORMAL_CLEARING","e7f0a0b3-f07a-4551-a230-1ea9a4275d17","","1010","",""
"1010","1010","00+421552302622","default","2026-01-08 14:04:11","","2026-01-08 14:04:23","12","0","NORMAL_CLEARING","0f2f46c4-156e-489e-a69c-afcfb95ebd0d","","1010","",""
"1010","1010","00+972567301988","default","2026-01-08 14:04:11","","2026-01-08 14:04:23","12","0","NORMAL_CLEARING","3d8717ca-6ddd-466d-bd87-af664ba61eec","","1010","",""
"1010","1010","00+972567301988","default","2026-01-08 14:04:11","","2026-01-08 14:04:24","13","0","NORMAL_CLEARING","b816da98-c0f9-4045-94b8-e3b7485f10f3","","1010","",""
"1010","1010","00+421552302622","default","2026-01-08 14:04:11","","2026-01-08 14:04:24","13","0","NORMAL_CLEARING","702d65b6-da16-4bff-ae61-224a6dac7cef","","1010","",""
"1010","1010","00+972567301988","default","2026-01-08 14:04:15","","2026-01-08 14:04:27","12","0","NORMAL_CLEARING","477ac281-3b68-4b8c-b912-50e7d4577e5b","","1010","",""
"1010","1010","00+421552302622","default","2026-01-08 14:04:15","","2026-01-08 14:04:27","12","0","NORMAL_CLEARING","56471cc3-c6b0-40c3-8b5c-e04b8620483f","","1010","",""
"1010","1010","00+972567301988","default","2026-01-08 14:04:21","","2026-01-08 14:04:33","12","0","NORMAL_CLEARING","3fae7613-2c0a-40b3-8dba-12e13fde66af","","1010","",""
"1010","1010","00+421552302622","default","2026-01-08 14:04:21","","2026-01-08 14:04:33","12","0","NORMAL_CLEARING","d7e2e454-e43a-4812-abc5-ebd5c38526fa","","1010","",""
"1010","1010","00-972567301988","default","2026-01-08 14:04:32","","2026-01-08 14:04:44","12","0","NORMAL_CLEARING","e243e1b3-7c73-4d44-833b-add2c08093c2","","1010","",""
"1010","1010","00-421552302622","default","2026-01-08 14:04:32","","2026-01-08 14:04:44","12","0","NORMAL_CLEARING","db2b9c6c-e311-4ad9-babe-c355d7c721d5","","1010","",""
"1010","1010","00-421552302622","default","2026-01-08 14:04:33","","2026-01-08 14:04:45","12","0","NORMAL_CLEARING","594537c3-04f2-4baf-ad70-a91aa48acc5e","","1010","",""
"1010","1010","00-972567301988","default","2026-01-08 14:04:33","","2026-01-08 14:04:45","12","0","NORMAL_CLEARING","0ba1fa14-88a0-4375-b742-99bba14c263f","","1010","",""
"1010","1010","00-421552302622","default","2026-01-08 14:04:34","","2026-01-08 14:04:45","11","0","NORMAL_CLEARING","51dc710b-4828-4fb9-9a7a-8f81c8dd3247","","1010","",""
"1010","1010","00-972567301988","default","2026-01-08 14:04:34","","2026-01-08 14:04:45","11","0","NORMAL_CLEARING","73b2be24-d77e-417e-8e78-c6e687be686f","","1010","",""
"1010","1010","00-972567301988","default","2026-01-08 14:04:37","","2026-01-08 14:04:49","12","0","NORMAL_CLEARING","ee8e1f19-6d8a-4e0d-b0f2-f6e7d2dee60e","","1010","",""
"1010","1010","00-421552302622","default","2026-01-08 14:04:37","","2026-01-08 14:04:49","12","0","NORMAL_CLEARING","84bdb7f3-6e5e-4b7b-b382-39a404108f6e","","1010","",""
"1010","1010","00-972567301988","default","2026-01-08 14:04:43","","2026-01-08 14:04:54","11","0","NORMAL_CLEARING","150e1893-89de-4c56-830b-6efbe90c905e","","1010","",""
"1010","1010","00-421552302622","default","2026-01-08 14:04:43","","2026-01-08 14:04:55","12","0","NORMAL_CLEARING","89e83537-6f40-47a5-a6a6-f6c963899191","","1010","",""
"1010","1010","-0972567301988","default","2026-01-08 14:04:54","","2026-01-08 14:05:06","12","0","NORMAL_CLEARING","8937a655-623d-42d5-a172-cfbef2986f36","","1010","",""
"1010","1010","-0421552302622","default","2026-01-08 14:04:54","","2026-01-08 14:05:06","12","0","NORMAL_CLEARING","96c889fc-b6fc-47bb-92b5-c35eabb70cf0","","1010","",""
"1010","1010","-0421552302622","default","2026-01-08 14:04:55","","2026-01-08 14:05:07","12","0","NORMAL_CLEARING","0c116db9-2269-42d7-8a07-d9b7164fb23f","","1010","",""
"1010","1010","-0421552302622","default","2026-01-08 14:04:56","","2026-01-08 14:05:07","11","0","NORMAL_CLEARING","a4dda048-f844-4f79-8e5b-f78cda306ff6","","1010","",""
"1010","1010","-0972567301988","default","2026-01-08 14:04:55","","2026-01-08 14:05:08","13","0","NORMAL_CLEARING","bcef689f-448c-45c1-9469-f7809068ddbb","","1010","",""
"1010","1010","-0972567301988","default","2026-01-08 14:04:56","","2026-01-08 14:05:08","12","0","NORMAL_CLEARING","d5ee4aa7-186b-4cc3-a1d4-0b71e33eb5e8","","1010","",""
"1010","1010","-0972567301988","default","2026-01-08 14:04:59","","2026-01-08 14:05:11","12","0","NORMAL_CLEARING","ed14ab13-9305-46a1-88cb-7283ac64079a","","1010","",""
"1010","1010","-0421552302622","default","2026-01-08 14:04:59","","2026-01-08 14:05:11","12","0","NORMAL_CLEARING","d60a28bb-f4cc-4909-b6df-24403e1e8323","","1010","",""
"1010","1010","-0421552302622","default","2026-01-08 14:05:05","","2026-01-08 14:05:17","12","0","NORMAL_CLEARING","80333bab-38d6-4ddd-befb-4435f56b4df2","","1010","",""
"1010","1010","-0972567301988","default","2026-01-08 14:05:05","","2026-01-08 14:05:17","12","0","NORMAL_CLEARING","591b32c7-a69b-4d00-8d20-2bc0056623f4","","1010","",""
"1010","1010","0~972567301988","default","2026-01-08 14:05:17","","2026-01-08 14:05:30","13","0","NORMAL_CLEARING","413cc3ce-daee-4d0c-ae0f-cf2c21b01beb","","1010","",""
"1010","1010","0~421552302622","default","2026-01-08 14:05:17","","2026-01-08 14:05:30","13","0","NORMAL_CLEARING","ff21bdca-6655-425c-84df-56fe141e98b8","","1010","",""
"1010","1010","0~972567301988","default","2026-01-08 14:05:18","","2026-01-08 14:05:30","12","0","NORMAL_CLEARING","f6dc973e-e010-41e9-96c0-9b32fb770069","","1010","",""
"1010","1010","0~421552302622","default","2026-01-08 14:05:18","","2026-01-08 14:05:30","12","0","NORMAL_CLEARING","d319c9bc-e582-4b16-9859-709de5ec6413","","1010","",""
"1010","1010","0~972567301988","default","2026-01-08 14:05:18","","2026-01-08 14:05:31","13","0","NORMAL_CLEARING","ce4ccf5e-828c-4e9c-b578-e0637a686aaa","","1010","",""
"1010","1010","0~421552302622","default","2026-01-08 14:05:18","","2026-01-08 14:05:31","13","0","NORMAL_CLEARING","0b058949-f841-43d9-bfec-5893d86f72cc","","1010","",""
"1010","1010","0~972567301988","default","2026-01-08 14:05:22","","2026-01-08 14:05:35","13","0","NORMAL_CLEARING","31f250de-724f-4135-9b47-db7990357291","","1010","",""
"1010","1010","0~421552302622","default","2026-01-08 14:05:22","","2026-01-08 14:05:35","13","0","NORMAL_CLEARING","5fab1097-4217-4956-9e10-782df7afe218","","1010","",""
"1010","1010","0~421552302622","default","2026-01-08 14:05:28","","2026-01-08 14:05:43","15","0","NORMAL_CLEARING","dfe223d6-78b4-4efe-80a4-1f60d67ea8b9","","1010","",""
"1010","1010","0~972567301988","default","2026-01-08 14:05:28","","2026-01-08 14:05:43","15","0","NORMAL_CLEARING","6b074052-68ce-4c81-8ca5-4f2f28aef9aa","","1010","",""
"1010","1010","011~421552302622","default","2026-01-08 14:05:39","","2026-01-08 14:05:58","19","0","NORMAL_CLEARING","5ac969c8-9159-4d26-a3cf-0c61b722a133","","1010","",""
"1010","1010","011~972567301988","default","2026-01-08 14:05:39","","2026-01-08 14:05:58","19","0","NORMAL_CLEARING","0d97ef90-da16-4568-a8ca-4d8239a88752","","1010","",""
"1010","1010","011~421552302622","default","2026-01-08 14:05:40","","2026-01-08 14:06:00","20","0","NORMAL_CLEARING","a097c2ab-5f24-44d1-816c-96de712f7949","","1010","",""
"1010","1010","011~972567301988","default","2026-01-08 14:05:40","","2026-01-08 14:06:00","20","0","NORMAL_CLEARING","0b255d9e-5b23-4697-b9f0-af436656f457","","1010","",""
"1010","1010","011~421552302622","default","2026-01-08 14:05:41","","2026-01-08 14:06:00","19","0","NORMAL_CLEARING","39463929-dc46-4c75-956b-8e6d99ee1826","","1010","",""
"1010","1010","011~972567301988","default","2026-01-08 14:05:41","","2026-01-08 14:06:00","19","0","NORMAL_CLEARING","7827da8d-ce36-4ae9-adb1-7f942c3aee55","","1010","",""
"1010","1010","011~972567301988","default","2026-01-08 14:05:44","","2026-01-08 14:06:03","19","0","NORMAL_CLEARING","19dfdbc2-7c01-4ec8-860a-cee651184cea","","1010","",""
"1010","1010","011~421552302622","default","2026-01-08 14:05:44","","2026-01-08 14:06:03","19","0","NORMAL_CLEARING","e5dd50a1-c5e5-4a00-8d31-657eade65981","","1010","",""
"1010","1010","011~972567301988","default","2026-01-08 14:05:50","","2026-01-08 14:06:09","19","0","NORMAL_CLEARING","ebcab905-42e2-4d5e-b50b-907702561749","","1010","",""
"1010","1010","011~421552302622","default","2026-01-08 14:05:50","","2026-01-08 14:06:09","19","0","NORMAL_CLEARING","15bbb22a-ddcd-4f55-80d5-40f5d17411e7","","1010","",""
"1010","1010","-011972567301988","default","2026-01-08 14:06:01","","2026-01-08 14:06:19","18","0","NORMAL_CLEARING","c421e9f3-d4a9-49f9-85d3-2bd6205de583","","1010","",""
"1010","1010","-011421552302622","default","2026-01-08 14:06:01","","2026-01-08 14:06:19","18","0","NORMAL_CLEARING","f122e151-33e8-454b-9837-528c9471d229","","1010","",""
"1010","1010","-011972567301988","default","2026-01-08 14:06:01","","2026-01-08 14:06:20","19","0","NORMAL_CLEARING","191b3832-c545-4214-a5ae-a70319b39922","","1010","",""
"1010","1010","-011421552302622","default","2026-01-08 14:06:01","","2026-01-08 14:06:20","19","0","NORMAL_CLEARING","d3b1cd37-356e-4d24-8ed2-c58140c3565e","","1010","",""
"1010","1010","-011972567301988","default","2026-01-08 14:06:03","","2026-01-08 14:06:22","19","0","NORMAL_CLEARING","5db27306-b560-4984-b1c9-d0da4d670ed4","","1010","",""
"1010","1010","-011421552302622","default","2026-01-08 14:06:03","","2026-01-08 14:06:22","19","0","NORMAL_CLEARING","cc94cc9b-91c5-4bb2-a961-da45fe5f516b","","1010","",""
"1010","1010","-011972567301988","default","2026-01-08 14:06:06","","2026-01-08 14:06:25","19","0","NORMAL_CLEARING","0e666b7d-9eb6-4ea3-90c2-099c97b516ad","","1010","",""
"1010","1010","-011421552302622","default","2026-01-08 14:06:06","","2026-01-08 14:06:25","19","0","NORMAL_CLEARING","f78b596f-fda3-48a6-9f06-8e2fbfea71a1","","1010","",""
"1010","1010","-011972567301988","default","2026-01-08 14:06:12","","2026-01-08 14:06:30","18","0","NORMAL_CLEARING","466f8f33-98fb-4d75-9059-c0bb4b1813fa","","1010","",""
"1010","1010","-011421552302622","default","2026-01-08 14:06:12","","2026-01-08 14:06:30","18","0","NORMAL_CLEARING","6f445cc7-2fe7-4516-bdf3-0b21f00a2345","","1010","",""
"1010","1010","9011~972567301988","default","2026-01-08 14:06:23","","2026-01-08 14:06:39","16","0","NORMAL_CLEARING","c8eade7a-bf55-4241-b2a8-896415d4e72d","","1010","",""
"1010","1010","9011~972567301988","default","2026-01-08 14:06:24","","2026-01-08 14:06:40","16","0","NORMAL_CLEARING","bc103f7f-b4eb-44e7-b64f-3857b5ea1218","","1010","",""
"1010","1010","9011~421552302622","default","2026-01-08 14:06:23","","2026-01-08 14:06:40","17","0","NORMAL_CLEARING","41117950-18c6-4009-bce6-fa4990c0a6bc","","1010","",""
"1010","1010","9011~421552302622","default","2026-01-08 14:06:24","","2026-01-08 14:06:40","16","0","NORMAL_CLEARING","b2e98d93-8be0-49db-abb2-be13c98633f1","","1010","",""
"1010","1010","9011~972567301988","default","2026-01-08 14:06:25","","2026-01-08 14:06:41","16","0","NORMAL_CLEARING","345e21bf-4dc7-4850-bb65-386f89a26452","","1010","",""
"1010","1010","9011~421552302622","default","2026-01-08 14:06:25","","2026-01-08 14:06:42","17","0","NORMAL_CLEARING","88e30171-a654-42b2-9554-747e10126456","","1010","",""
"1010","1010","9011~972567301988","default","2026-01-08 14:06:29","","2026-01-08 14:06:44","15","0","NORMAL_CLEARING","ea0b56e8-4c4b-4629-a299-3794fbddd005","","1010","",""
"1010","1010","9011~421552302622","default","2026-01-08 14:06:29","","2026-01-08 14:06:44","15","0","NORMAL_CLEARING","2115a543-c79b-4b6e-86f4-a728f290fbe9","","1010","",""
"1010","1010","9011~421552302622","default","2026-01-08 14:06:35","","2026-01-08 14:06:50","15","0","NORMAL_CLEARING","13779c77-dcc6-4fd7-89a2-d4fa3485dcc3","","1010","",""
"1010","1010","9011~972567301988","default","2026-01-08 14:06:35","","2026-01-08 14:06:50","15","0","NORMAL_CLEARING","a47f9fd1-7174-43a0-b42b-797b7a111af3","","1010","",""
"1010","1010","0.0+421552302622","default","2026-01-08 14:06:45","","2026-01-08 14:07:01","16","0","NORMAL_CLEARING","5b50d676-ea92-48b6-8db8-3f0556d7a3b2","","1010","",""
"1010","1010","0.0+972567301988","default","2026-01-08 14:06:45","","2026-01-08 14:07:01","16","0","NORMAL_CLEARING","869fce75-f124-42af-9a88-9efa3a095026","","1010","",""
"1010","1010","0.0+972567301988","default","2026-01-08 14:06:46","","2026-01-08 14:07:02","16","0","NORMAL_CLEARING","1ee1ff85-c6bd-489f-bf2d-3624d879e121","","1010","",""
"1010","1010","0.0+421552302622","default","2026-01-08 14:06:46","","2026-01-08 14:07:02","16","0","NORMAL_CLEARING","e178b82b-e570-4ce6-9a81-9b1f52864b07","","1010","",""
"1010","1010","0.0+972567301988","default","2026-01-08 14:06:48","","2026-01-08 14:07:03","15","0","NORMAL_CLEARING","a1afc9e6-a2f5-4db0-b402-fa42a160165f","","1010","",""
"1010","1010","0.0+421552302622","default","2026-01-08 14:06:48","","2026-01-08 14:07:04","16","0","NORMAL_CLEARING","43ffd6e8-fc78-49d2-b796-e951ef308962","","1010","",""
"1010","1010","0.0+972567301988","default","2026-01-08 14:06:51","","2026-01-08 14:07:07","16","0","NORMAL_CLEARING","f0772936-5c6b-4647-9a32-2510bda5b599","","1010","",""
"1010","1010","0.0+421552302622","default","2026-01-08 14:06:51","","2026-01-08 14:07:07","16","0","NORMAL_CLEARING","cf9695f0-a127-42b0-9e22-8ddc0089aac8","","1010","",""
"1010","1010","0.0+972567301988","default","2026-01-08 14:06:57","","2026-01-08 14:07:13","16","0","NORMAL_CLEARING","cbe1a224-0175-42cf-bbaa-a996c022b1e6","","1010","",""
"1010","1010","0.0+421552302622","default","2026-01-08 14:06:57","","2026-01-08 14:07:13","16","0","NORMAL_CLEARING","f533816f-d1bd-4413-adb1-424af33d373f","","1010","",""
"1010","1010","00#972567301988","default","2026-01-08 14:07:08","","2026-01-08 14:07:24","16","0","NORMAL_CLEARING","4a028113-d80d-4a1a-8d21-ac8db5b550f5","","1010","",""
"1010","1010","00#421552302622","default","2026-01-08 14:07:08","","2026-01-08 14:07:24","16","0","NORMAL_CLEARING","e5ed640c-c0ef-4d07-8c22-92980585c96e","","1010","",""
"1010","1010","00#972567301988","default","2026-01-08 14:07:09","","2026-01-08 14:07:25","16","0","NORMAL_CLEARING","2a0ebede-ea6c-4ff4-a695-592117c97448","","1010","",""
"1010","1010","00#421552302622","default","2026-01-08 14:07:09","","2026-01-08 14:07:25","16","0","NORMAL_CLEARING","512dc41c-d53d-40b8-b7b9-947515da8fed","","1010","",""
"1010","1010","00#421552302622","default","2026-01-08 14:07:10","","2026-01-08 14:07:27","17","0","NORMAL_CLEARING","e6fd40e4-8e0b-43c6-9c8c-db051ed720d3","","1010","",""
"1010","1010","00#972567301988","default","2026-01-08 14:07:10","","2026-01-08 14:07:27","17","0","NORMAL_CLEARING","51960ff3-32b3-447a-bfd5-0c726ed78feb","","1010","",""
"1010","1010","00#421552302622","default","2026-01-08 14:07:13","","2026-01-08 14:07:29","16","0","NORMAL_CLEARING","1a2541a9-418e-41fe-b9df-a740bee8b1a2","","1010","",""
"1010","1010","00#972567301988","default","2026-01-08 14:07:13","","2026-01-08 14:07:29","16","0","NORMAL_CLEARING","e9fe756f-1c53-4a7c-b390-0fba948fc791","","1010","",""
"1010","1010","00#972567301988","default","2026-01-08 14:07:19","","2026-01-08 14:07:35","16","0","NORMAL_CLEARING","d2f03844-5d73-4bdb-9a3b-f07d31b12f90","","1010","",""
"1010","1010","00#421552302622","default","2026-01-08 14:07:19","","2026-01-08 14:07:35","16","0","NORMAL_CLEARING","ce8b3fb7-590f-4c8a-891a-40212bfe7f78","","1010","",""
"1010","1010","900.972567301988","default","2026-01-08 14:07:30","","2026-01-08 14:07:45","15","0","NORMAL_CLEARING","d5605fc8-6318-4eb0-926d-5146bde68f18","","1010","",""
"1010","1010","900.421552302622","default","2026-01-08 14:07:30","","2026-01-08 14:07:45","15","0","NORMAL_CLEARING","a25bfc3c-b130-4ac9-9904-ba20f7880661","","1010","",""
"1010","1010","900.421552302622","default","2026-01-08 14:07:31","","2026-01-08 14:07:46","15","0","NORMAL_CLEARING","e38e9c71-289e-4a48-b569-8ac08f7a345b","","1010","",""
"1010","1010","900.972567301988","default","2026-01-08 14:07:31","","2026-01-08 14:07:46","15","0","NORMAL_CLEARING","96d82338-b0a1-444a-b47f-1af52d02e5a9","","1010","",""
"1010","1010","900.972567301988","default","2026-01-08 14:07:32","","2026-01-08 14:07:47","15","0","NORMAL_CLEARING","5c84b8a3-6355-4b1e-80b1-986dc82c5c59","","1010","",""
"1010","1010","900.421552302622","default","2026-01-08 14:07:32","","2026-01-08 14:07:47","15","0","NORMAL_CLEARING","d7d59e03-b193-4435-8bff-77a04a0bea0d","","1010","",""
"1010","1010","900.972567301988","default","2026-01-08 14:07:36","","2026-01-08 14:07:52","16","0","NORMAL_CLEARING","145507c4-9e7e-4afd-b114-c1e1ba4636a8","","1010","",""
"1010","1010","900.421552302622","default","2026-01-08 14:07:36","","2026-01-08 14:07:52","16","0","NORMAL_CLEARING","eb6e7839-c340-4cc3-bd3c-9618b0c1bd43","","1010","",""
"1010","1010","900.972567301988","default","2026-01-08 14:07:42","","2026-01-08 14:07:57","15","0","NORMAL_CLEARING","b9ecbc5a-690b-47ea-89fe-6ae49d175eb5","","1010","",""
"1010","1010","900.421552302622","default","2026-01-08 14:07:42","","2026-01-08 14:07:57","15","0","NORMAL_CLEARING","5592202f-2a7c-4953-a99e-1c39cbc05bde","","1010","",""
"1010","1010","900+421552302622","default","2026-01-08 14:07:50","","2026-01-08 14:08:06","16","0","NORMAL_CLEARING","e58f90e5-cde7-4d28-8777-66daaec1a8a2","","1010","",""
"1010","1010","900+972567301988","default","2026-01-08 14:07:50","","2026-01-08 14:08:06","16","0","NORMAL_CLEARING","30f269a6-1896-4b49-9acb-9929f6bcf400","","1010","",""
"1010","1010","900+972567301988","default","2026-01-08 14:07:53","","2026-01-08 14:08:08","15","0","NORMAL_CLEARING","e089dce1-b9b5-4130-af64-25cfada4c725","","1010","",""
"1010","1010","900+421552302622","default","2026-01-08 14:07:53","","2026-01-08 14:08:08","15","0","NORMAL_CLEARING","7d4c0d5c-b23b-4930-a954-27e8689363ea","","1010","",""
"1010","1010","900+972567301988","default","2026-01-08 14:07:53","","2026-01-08 14:08:08","15","0","NORMAL_CLEARING","290e3deb-5619-4e6f-8447-95b7b6abbf4e","","1010","",""
"1010","1010","900+421552302622","default","2026-01-08 14:07:53","","2026-01-08 14:08:08","15","0","NORMAL_CLEARING","498ea0ba-8663-428a-901e-b89a33cdef52","","1010","",""
"1010","1010","900+972567301988","default","2026-01-08 14:07:58","","2026-01-08 14:08:13","15","0","NORMAL_CLEARING","c9c9903c-9191-417b-b901-ce1a9ff2e57a","","1010","",""
"1010","1010","900+421552302622","default","2026-01-08 14:07:58","","2026-01-08 14:08:13","15","0","NORMAL_CLEARING","54601ba6-505a-4bfb-9880-b6b1dceb83f1","","1010","",""
"1010","1010","900+421552302622","default","2026-01-08 14:08:04","","2026-01-08 14:08:18","14","0","NORMAL_CLEARING","93a2d4d4-49ac-416e-8ff2-6689aa2ba898","","1010","",""
"1010","1010","900+972567301988","default","2026-01-08 14:08:04","","2026-01-08 14:08:18","14","0","NORMAL_CLEARING","84bbbe0e-7b0f-47c3-bb4d-a7fb5bb5e4c4","","1010","",""
"1010","1010","9+421552302622","default","2026-01-08 14:08:13","","2026-01-08 14:08:26","13","0","NORMAL_CLEARING","211b0158-021d-473f-b9db-c7857cdb1fa4","","1010","",""
"1010","1010","9+972567301988","default","2026-01-08 14:08:13","","2026-01-08 14:08:26","13","0","NORMAL_CLEARING","bf6ef776-7fdf-4fb7-a38f-9a190945209f","","1010","",""
"1010","1010","9+421552302622","default","2026-01-08 14:08:15","","2026-01-08 14:08:29","14","0","NORMAL_CLEARING","aa031ac3-0208-4e1a-bf6a-2ac6292f2c27","","1010","",""
"1010","1010","9+972567301988","default","2026-01-08 14:08:15","","2026-01-08 14:08:29","14","0","NORMAL_CLEARING","828c46b8-ad82-48ee-b378-88b1356b6151","","1010","",""
"1010","1010","9+421552302622","default","2026-01-08 14:08:16","","2026-01-08 14:08:29","13","0","NORMAL_CLEARING","5a59c8e8-455f-4838-9974-d72d4be8a785","","1010","",""
"1010","1010","9+972567301988","default","2026-01-08 14:08:16","","2026-01-08 14:08:29","13","0","NORMAL_CLEARING","32c03492-c000-413e-a6d7-2bdaac6d63c0","","1010","",""
"1010","1010","9+972567301988","default","2026-01-08 14:08:21","","2026-01-08 14:08:34","13","0","NORMAL_CLEARING","7e43ea81-b771-475f-ad5a-50a69de649d6","","1010","",""
"1010","1010","9+421552302622","default","2026-01-08 14:08:21","","2026-01-08 14:08:34","13","0","NORMAL_CLEARING","0b89c105-fce2-406d-8fe4-0443529023e7","","1010","",""
"1010","1010","9+421552302622","default","2026-01-08 14:08:26","","2026-01-08 14:08:40","14","0","NORMAL_CLEARING","6d837025-2a9c-419f-aeb5-cbb5b109be75","","1010","",""
"1010","1010","9+972567301988","default","2026-01-08 14:08:26","","2026-01-08 14:08:40","14","0","NORMAL_CLEARING","8f0a05c3-1ae9-4479-a1d8-a27ad3861fe0","","1010","",""
"1010","1010","8+972567301988","default","2026-01-08 14:08:35","","2026-01-08 14:08:48","13","0","NORMAL_CLEARING","d2cc4ce5-2654-425b-8c14-60ba0afd427c","","1010","",""
"1010","1010","8+421552302622","default","2026-01-08 14:08:35","","2026-01-08 14:08:49","14","0","NORMAL_CLEARING","20bd78e1-9248-4378-bdeb-5f98311d38ba","","1010","",""
"1010","1010","8+421552302622","default","2026-01-08 14:08:37","","2026-01-08 14:08:51","14","0","NORMAL_CLEARING","cde1ef69-f7f6-48ec-b694-7c6021e91e17","","1010","",""
"1010","1010","8+972567301988","default","2026-01-08 14:08:37","","2026-01-08 14:08:51","14","0","NORMAL_CLEARING","f8898a4e-d316-41ce-b4f3-bfb8825a9ee9","","1010","",""
"1010","1010","8+421552302622","default","2026-01-08 14:08:38","","2026-01-08 14:08:52","14","0","NORMAL_CLEARING","30fe543e-7f91-40d7-a111-ce4b1cc4ae64","","1010","",""
"1010","1010","8+972567301988","default","2026-01-08 14:08:38","","2026-01-08 14:08:52","14","0","NORMAL_CLEARING","9be9a1a3-ddfc-4de1-a75a-24aca6476ac9","","1010","",""
"1010","1010","8+421552302622","default","2026-01-08 14:08:43","","2026-01-08 14:08:57","14","0","NORMAL_CLEARING","c997403c-5f1f-463c-aaaf-13e36ebd3239","","1010","",""
"1010","1010","8+972567301988","default","2026-01-08 14:08:43","","2026-01-08 14:08:57","14","0","NORMAL_CLEARING","cdbb9913-2aa2-4321-876c-fadd66271064","","1010","",""
"1010","1010","8+972567301988","default","2026-01-08 14:08:49","","2026-01-08 14:09:03","14","0","NORMAL_CLEARING","d23c1eeb-0c27-4dcf-a98e-b1e6d821ebbd","","1010","",""
"1010","1010","8+421552302622","default","2026-01-08 14:08:49","","2026-01-08 14:09:03","14","0","NORMAL_CLEARING","e2a8a1c4-4670-4829-94ed-0c4816a9ad61","","1010","",""
"1010","1010","7+421552302622","default","2026-01-08 14:08:57","","2026-01-08 14:09:12","15","0","NORMAL_CLEARING","4f7427ad-a3dc-43c7-95b5-6102bceaf641","","1010","",""
"1010","1010","7+972567301988","default","2026-01-08 14:08:57","","2026-01-08 14:09:12","15","0","NORMAL_CLEARING","882a3115-0135-4c28-bc81-1be627af33d3","","1010","",""
"1010","1010","7+421552302622","default","2026-01-08 14:08:59","","2026-01-08 14:09:14","15","0","NORMAL_CLEARING","42985845-8710-403b-a273-1f14c0dbf611","","1010","",""
"1010","1010","7+972567301988","default","2026-01-08 14:08:59","","2026-01-08 14:09:14","15","0","NORMAL_CLEARING","d2d85908-5d13-45c6-8c17-7a3ebe34044e","","1010","",""
"1010","1010","7+421552302622","default","2026-01-08 14:09:00","","2026-01-08 14:09:15","15","0","NORMAL_CLEARING","440153b9-3e43-4f01-9934-99ae4162529e","","1010","",""
"1010","1010","7+972567301988","default","2026-01-08 14:09:00","","2026-01-08 14:09:15","15","0","NORMAL_CLEARING","1d139c16-1e93-499d-9fbc-b7497f9d90ab","","1010","",""
"1010","1010","7+972567301988","default","2026-01-08 14:09:05","","2026-01-08 14:09:19","14","0","NORMAL_CLEARING","b804919a-fb73-4a2d-9524-965002960e87","","1010","",""
"1010","1010","7+421552302622","default","2026-01-08 14:09:05","","2026-01-08 14:09:20","15","0","NORMAL_CLEARING","af5d7400-6316-40ca-8cfc-0c47ea503e75","","1010","",""
"1010","1010","7+972567301988","default","2026-01-08 14:09:11","","2026-01-08 14:09:25","14","0","NORMAL_CLEARING","454cacb1-1c0c-4276-8d32-2387acb521a9","","1010","",""
"1010","1010","7+421552302622","default","2026-01-08 14:09:11","","2026-01-08 14:09:25","14","0","NORMAL_CLEARING","88bfebcd-9072-4db3-a547-3e693fd81435","","1010","",""
"1010","1010","5+972567301988","default","2026-01-08 14:09:20","","2026-01-08 14:09:33","13","0","NORMAL_CLEARING","962a5489-d403-444b-99d3-31de8db809e3","","1010","",""
"1010","1010","5+421552302622","default","2026-01-08 14:09:20","","2026-01-08 14:09:34","14","0","NORMAL_CLEARING","b62e8c24-0b6f-4d01-bbbf-77d38e5358f5","","1010","",""
"1010","1010","5+972567301988","default","2026-01-08 14:09:22","","2026-01-08 14:09:35","13","0","NORMAL_CLEARING","3dd1faa6-dac9-4e8f-84a8-81f1654d2696","","1010","",""
"1010","1010","5+421552302622","default","2026-01-08 14:09:22","","2026-01-08 14:09:35","13","0","NORMAL_CLEARING","2e9e96c2-395a-4c4b-8c95-4ebdad582967","","1010","",""
"1010","1010","5+421552302622","default","2026-01-08 14:09:22","","2026-01-08 14:09:36","14","0","NORMAL_CLEARING","638e75cf-7c32-4cb0-92a9-4c144e73528d","","1010","",""
"1010","1010","5+972567301988","default","2026-01-08 14:09:22","","2026-01-08 14:09:36","14","0","NORMAL_CLEARING","2147a6f3-4a2d-43b9-b4ca-abde9d006539","","1010","",""
"1010","1010","5+421552302622","default","2026-01-08 14:09:27","","2026-01-08 14:09:41","14","0","NORMAL_CLEARING","2675a8b3-4719-462d-91c5-76bdcf23cf5b","","1010","",""
"1010","1010","5+972567301988","default","2026-01-08 14:09:27","","2026-01-08 14:09:41","14","0","NORMAL_CLEARING","9108996d-4e89-4a02-befe-f40233a343f1","","1010","",""
"1010","1010","5+972567301988","default","2026-01-08 14:09:33","","2026-01-08 14:09:47","14","0","NORMAL_CLEARING","9396c3ab-92c4-4ef4-8110-1ad00a586896","","1010","",""
"1010","1010","5+421552302622","default","2026-01-08 14:09:33","","2026-01-08 14:09:47","14","0","NORMAL_CLEARING","08197f9b-7237-44cf-a1ff-82b83d2c3870","","1010","",""
"1010","1010","3+972567301988","default","2026-01-08 14:09:42","","2026-01-08 14:09:56","14","0","NORMAL_CLEARING","179fd258-2b46-4446-901b-b067b9508188","","1010","",""
"1010","1010","3+421552302622","default","2026-01-08 14:09:42","","2026-01-08 14:09:56","14","0","NORMAL_CLEARING","1156b219-a12e-4331-8b44-4162428a2716","","1010","",""
"1010","1010","3+421552302622","default","2026-01-08 14:09:44","","2026-01-08 14:09:58","14","0","NORMAL_CLEARING","495938dc-7caa-4a9c-8307-bf03c8d64456","","1010","",""
"1010","1010","3+972567301988","default","2026-01-08 14:09:44","","2026-01-08 14:09:58","14","0","NORMAL_CLEARING","17bbf405-26c7-4c58-bf36-4276dce6860c","","1010","",""
"1010","1010","3+972567301988","default","2026-01-08 14:09:45","","2026-01-08 14:09:59","14","0","NORMAL_CLEARING","3a81e486-2796-4082-b263-0c9b86e37dba","","1010","",""
"1010","1010","3+421552302622","default","2026-01-08 14:09:45","","2026-01-08 14:09:59","14","0","NORMAL_CLEARING","dbf39be8-2ebb-49df-bd2b-77f80a4308fe","","1010","",""
"1010","1010","3+421552302622","default","2026-01-08 14:09:50","","2026-01-08 14:10:04","14","0","NORMAL_CLEARING","c2d200ed-3cb7-4218-b876-67a189cedccd","","1010","",""
"1010","1010","3+972567301988","default","2026-01-08 14:09:50","","2026-01-08 14:10:04","14","0","NORMAL_CLEARING","4e14747d-801a-43a5-a0a4-c930c534fd77","","1010","",""
"1010","1010","3+421552302622","default","2026-01-08 14:09:56","","2026-01-08 14:10:10","14","0","NORMAL_CLEARING","dfbb57b4-d9ff-444e-9ea5-270d0be5034f","","1010","",""
"1010","1010","3+972567301988","default","2026-01-08 14:09:56","","2026-01-08 14:10:10","14","0","NORMAL_CLEARING","6a97db2a-5b01-451b-9ed5-cf4324271d4e","","1010","",""
"1010","1010","1+972567301988","default","2026-01-08 14:10:05","","2026-01-08 14:10:19","14","0","NORMAL_CLEARING","49f86dc9-4cbe-4403-83f8-b83b1aaa62b9","","1010","",""
"1010","1010","1+421552302622","default","2026-01-08 14:10:05","","2026-01-08 14:10:20","15","0","NORMAL_CLEARING","34287df3-4647-4570-9a3f-f1f14097650a","","1010","",""
"1010","1010","1+421552302622","default","2026-01-08 14:10:07","","2026-01-08 14:10:22","15","0","NORMAL_CLEARING","ce762953-fee9-4519-9a76-5fb4394be146","","1010","",""
"1010","1010","1+972567301988","default","2026-01-08 14:10:07","","2026-01-08 14:10:22","15","0","NORMAL_CLEARING","af995aaa-24bc-402d-8cba-d32fb307273a","","1010","",""
"1010","1010","1+421552302622","default","2026-01-08 14:10:07","","2026-01-08 14:10:22","15","0","NORMAL_CLEARING","b7c4c263-41a2-45cf-88a8-cf7d172b2b1f","","1010","",""
"1010","1010","1+972567301988","default","2026-01-08 14:10:07","","2026-01-08 14:10:22","15","0","NORMAL_CLEARING","7a9c6eee-768c-48fd-bfff-c56e53fef642","","1010","",""
"1010","1010","1+972567301988","default","2026-01-08 14:10:13","","2026-01-08 14:10:29","16","0","NORMAL_CLEARING","4fcdd4a9-e687-4d60-a073-15ba7596cc02","","1010","",""
"1010","1010","1+421552302622","default","2026-01-08 14:10:13","","2026-01-08 14:10:29","16","0","NORMAL_CLEARING","3f247a67-edd1-4250-8a2b-1d4411132680","","1010","",""
"1010","1010","1+972567301988","default","2026-01-08 14:10:18","","2026-01-08 14:10:34","16","0","NORMAL_CLEARING","76121491-a23d-4321-99d5-89c55e977bf6","","1010","",""
"1010","1010","1+421552302622","default","2026-01-08 14:10:18","","2026-01-08 14:10:34","16","0","NORMAL_CLEARING","918350e5-d049-44b4-86c2-5082ab07ae4f","","1010","",""
"1010","1010","2000972567301988","default","2026-01-08 14:10:27","","2026-01-08 14:10:43","16","0","NORMAL_CLEARING","df6b87be-f066-4b94-b90d-5f745de4c65b","","1010","",""
"1010","1010","2000421552302622","default","2026-01-08 14:10:27","","2026-01-08 14:10:44","17","0","NORMAL_CLEARING","6f790328-cbe9-4d87-b188-b837662fb4dd","","1010","",""
"1010","1010","2000421552302622","default","2026-01-08 14:10:29","","2026-01-08 14:10:46","17","0","NORMAL_CLEARING","71ed749a-31c1-4a35-b24c-32e3f1102fe4","","1010","",""
"1010","1010","2000972567301988","default","2026-01-08 14:10:29","","2026-01-08 14:10:46","17","0","NORMAL_CLEARING","e6ff680a-9fdc-44f6-9c1b-7d09a7bfa404","","1010","",""
"1010","1010","2000972567301988","default","2026-01-08 14:10:30","","2026-01-08 14:10:46","16","0","NORMAL_CLEARING","196f0ee0-9030-4cb3-9aef-cf3321a27976","","1010","",""
"1010","1010","2000421552302622","default","2026-01-08 14:10:30","","2026-01-08 14:10:46","16","0","NORMAL_CLEARING","bb86032a-9887-4777-900f-ccf5e0e2a1cd","","1010","",""
"1010","1010","2000421552302622","default","2026-01-08 14:10:35","","2026-01-08 14:10:51","16","0","NORMAL_CLEARING","8b9958a7-3b82-425c-a1ab-57b498973efc","","1010","",""
"1010","1010","2000972567301988","default","2026-01-08 14:10:35","","2026-01-08 14:10:51","16","0","NORMAL_CLEARING","1a32db9f-04ae-44db-bf58-25132158b2f6","","1010","",""
"1010","1010","2000972567301988","default","2026-01-08 14:10:41","","2026-01-08 14:10:56","15","0","NORMAL_CLEARING","9ecc5389-4975-47b4-ac30-37f02e5d7899","","1010","",""
"1010","1010","2000421552302622","default","2026-01-08 14:10:41","","2026-01-08 14:10:57","16","0","NORMAL_CLEARING","87c1ec55-214e-4c0f-a67b-92591e591b11","","1010","",""
"1010","1010","3000421552302622","default","2026-01-08 14:10:49","","2026-01-08 14:11:05","16","0","NORMAL_CLEARING","2381321f-0093-4161-9bba-a4f49863911e","","1010","",""
"1010","1010","3000972567301988","default","2026-01-08 14:10:50","","2026-01-08 14:11:05","15","0","NORMAL_CLEARING","0a3b70ce-5dd3-463d-adcf-a304bf320cb8","","1010","",""
"1010","1010","3000972567301988","default","2026-01-08 14:10:52","","2026-01-08 14:11:07","15","0","NORMAL_CLEARING","f62a4cd6-cb3d-47ec-aeb0-227f9ec42fa1","","1010","",""
"1010","1010","3000421552302622","default","2026-01-08 14:10:52","","2026-01-08 14:11:07","15","0","NORMAL_CLEARING","08d31d55-c8aa-4b03-93ae-62996557ad39","","1010","",""
"1010","1010","3000421552302622","default","2026-01-08 14:10:52","","2026-01-08 14:11:07","15","0","NORMAL_CLEARING","e78331be-80d5-4a74-b02c-ddc05b85171a","","1010","",""
"1010","1010","3000972567301988","default","2026-01-08 14:10:52","","2026-01-08 14:11:07","15","0","NORMAL_CLEARING","cfe50320-18f5-42a5-9f84-933b40525634","","1010","",""
"1010","1010","3000421552302622","default","2026-01-08 14:10:57","","2026-01-08 14:11:12","15","0","NORMAL_CLEARING","7c35d3ec-ec9a-4843-9b28-27a1a228b864","","1010","",""
"1010","1010","3000972567301988","default","2026-01-08 14:10:57","","2026-01-08 14:11:13","16","0","NORMAL_CLEARING","1ba03286-4fd1-4b62-b316-2745e327a142","","1010","",""
"1010","1010","3000421552302622","default","2026-01-08 14:11:03","","2026-01-08 14:11:18","15","0","NORMAL_CLEARING","167b0096-21fd-4883-ace7-b81fc86e5a7e","","1010","",""
"1010","1010","3000972567301988","default","2026-01-08 14:11:03","","2026-01-08 14:11:18","15","0","NORMAL_CLEARING","debc8604-f039-4dc9-9832-06df6e3cdabf","","1010","",""
"1010","1010","4000972567301988","default","2026-01-08 14:11:12","","2026-01-08 14:11:26","14","0","NORMAL_CLEARING","b3833ba6-4429-4ae2-a39a-bbae08424086","","1010","",""
"1010","1010","4000421552302622","default","2026-01-08 14:11:12","","2026-01-08 14:11:26","14","0","NORMAL_CLEARING","e171ebbc-9625-4ab9-a970-c4865c0ff2f2","","1010","",""
"1010","1010","4000421552302622","default","2026-01-08 14:11:14","","2026-01-08 14:11:28","14","0","NORMAL_CLEARING","244e34d9-21f4-44e2-aac5-f90488362226","","1010","",""
"1010","1010","4000972567301988","default","2026-01-08 14:11:14","","2026-01-08 14:11:28","14","0","NORMAL_CLEARING","c0c4e5fb-14db-4bf0-aa56-5935ed3d1e3b","","1010","",""
"1010","1010","4000421552302622","default","2026-01-08 14:11:14","","2026-01-08 14:11:29","15","0","NORMAL_CLEARING","6f808175-c9eb-4d6a-a402-512759649d9a","","1010","",""
"1010","1010","4000972567301988","default","2026-01-08 14:11:14","","2026-01-08 14:11:29","15","0","NORMAL_CLEARING","6806f44b-e843-4160-bde1-73829ab5b8b4","","1010","",""
"1010","1010","4000972567301988","default","2026-01-08 14:11:20","","2026-01-08 14:11:34","14","0","NORMAL_CLEARING","1131fe99-8e67-4abd-a03e-1802e8069a2c","","1010","",""
"1010","1010","4000421552302622","default","2026-01-08 14:11:20","","2026-01-08 14:11:34","14","0","NORMAL_CLEARING","a329b5e1-9cb6-45dd-90ae-814ad588c6d5","","1010","",""
"1010","1010","4000972567301988","default","2026-01-08 14:11:25","","2026-01-08 14:11:40","15","0","NORMAL_CLEARING","7a6bf552-f165-4eb3-a313-77317f8537a4","","1010","",""
"1010","1010","4000421552302622","default","2026-01-08 14:11:25","","2026-01-08 14:11:40","15","0","NORMAL_CLEARING","5cf4386a-76bc-417e-8047-ea3978984856","","1010","",""
"1010","1010","5000972567301988","default","2026-01-08 14:11:34","","2026-01-08 14:11:49","15","0","NORMAL_CLEARING","b2d7149b-3512-4654-afb4-b58450583349","","1010","",""
"1010","1010","5000421552302622","default","2026-01-08 14:11:34","","2026-01-08 14:11:49","15","0","NORMAL_CLEARING","7cd4f798-df4c-4189-958f-a294fcbe3b5c","","1010","",""
"1010","1010","5000972567301988","default","2026-01-08 14:11:36","","2026-01-08 14:11:51","15","0","NORMAL_CLEARING","98a24554-d78e-4ec6-868e-e298d1034af7","","1010","",""
"1010","1010","5000421552302622","default","2026-01-08 14:11:36","","2026-01-08 14:11:51","15","0","NORMAL_CLEARING","47f6e4ef-c913-4331-b4cc-00f7ca78692c","","1010","",""
"1010","1010","5000972567301988","default","2026-01-08 14:11:37","","2026-01-08 14:11:51","14","0","NORMAL_CLEARING","3fde9ce3-d92c-4ad6-8f8b-cb0a429b4084","","1010","",""
"1010","1010","5000421552302622","default","2026-01-08 14:11:37","","2026-01-08 14:11:51","14","0","NORMAL_CLEARING","b3773881-d4dd-4475-990c-ccc9687faa18","","1010","",""
"1010","1010","5000421552302622","default","2026-01-08 14:11:42","","2026-01-08 14:11:57","15","0","NORMAL_CLEARING","29740219-966c-4148-96cf-e2698aebcbb0","","1010","",""
"1010","1010","5000972567301988","default","2026-01-08 14:11:42","","2026-01-08 14:11:57","15","0","NORMAL_CLEARING","bf6479bd-3085-408d-a969-d63c592199c5","","1010","",""
"1010","1010","5000421552302622","default","2026-01-08 14:11:48","","2026-01-08 14:12:03","15","0","NORMAL_CLEARING","f0eee32e-dd78-4471-9804-af7250fe1953","","1010","",""
"1010","1010","5000972567301988","default","2026-01-08 14:11:48","","2026-01-08 14:12:03","15","0","NORMAL_CLEARING","77e816c2-50fc-4488-8b6c-43dcdcce3898","","1010","",""
"1010","1010","6000421552302622","default","2026-01-08 14:11:56","","2026-01-08 14:12:12","16","0","NORMAL_CLEARING","33fd37bd-0982-4c04-892f-aba0be1227c1","","1010","",""
"1010","1010","6000972567301988","default","2026-01-08 14:11:56","","2026-01-08 14:12:12","16","0","NORMAL_CLEARING","88cdd8e4-89a4-4ad0-bfd9-2fe2de02a392","","1010","",""
"1010","1010","6000972567301988","default","2026-01-08 14:11:58","","2026-01-08 14:12:14","16","0","NORMAL_CLEARING","75ab137f-a752-41f9-b4ab-f8b6473b2b2c","","1010","",""
"1010","1010","6000421552302622","default","2026-01-08 14:11:58","","2026-01-08 14:12:14","16","0","NORMAL_CLEARING","182e197b-a250-4890-bfbc-32704ff68eb5","","1010","",""
"1010","1010","6000972567301988","default","2026-01-08 14:11:59","","2026-01-08 14:12:15","16","0","NORMAL_CLEARING","1d40eda7-532c-44bf-9fc3-c3da845c4ccd","","1010","",""
"1010","1010","6000421552302622","default","2026-01-08 14:11:59","","2026-01-08 14:12:15","16","0","NORMAL_CLEARING","58a00444-72e2-4f4a-a775-2a34735e4862","","1010","",""
"1010","1010","6000972567301988","default","2026-01-08 14:12:04","","2026-01-08 14:12:20","16","0","NORMAL_CLEARING","bfa19c67-dd64-46b8-95a4-ab147d5bad90","","1010","",""
"1010","1010","6000421552302622","default","2026-01-08 14:12:04","","2026-01-08 14:12:20","16","0","NORMAL_CLEARING","dac83adf-8798-44d9-bfc8-2347672b1fd3","","1010","",""
"1010","1010","6000421552302622","default","2026-01-08 14:12:10","","2026-01-08 14:12:26","16","0","NORMAL_CLEARING","54f94adf-7e4e-412f-ab00-b7839e75039d","","1010","",""
"1010","1010","6000972567301988","default","2026-01-08 14:12:10","","2026-01-08 14:12:26","16","0","NORMAL_CLEARING","c10c6ee2-73fb-4043-be19-de56e6ce23bc","","1010","",""
"1010","1010","10000421552302622","default","2026-01-08 14:12:18","","2026-01-08 14:12:34","16","0","NORMAL_CLEARING","96c2137a-31b8-4d90-9f69-378f3c3e597f","","1010","",""
"1010","1010","10000972567301988","default","2026-01-08 14:12:18","","2026-01-08 14:12:34","16","0","NORMAL_CLEARING","cb5c4793-7267-4b04-b05d-66a94ca9594e","","1010","",""
"1010","1010","10000421552302622","default","2026-01-08 14:12:21","","2026-01-08 14:12:36","15","0","NORMAL_CLEARING","a36755d2-df3b-489c-951c-930b1b80ef24","","1010","",""
"1010","1010","10000972567301988","default","2026-01-08 14:12:21","","2026-01-08 14:12:36","15","0","NORMAL_CLEARING","f0720ef0-c478-4560-aa89-ae5f78377f67","","1010","",""
"1010","1010","10000421552302622","default","2026-01-08 14:12:21","","2026-01-08 14:12:37","16","0","NORMAL_CLEARING","571a1f00-1d81-498d-bc51-04abccfb74cb","","1010","",""
"1010","1010","10000972567301988","default","2026-01-08 14:12:21","","2026-01-08 14:12:37","16","0","NORMAL_CLEARING","79fa4916-312e-457a-ad6c-198c7f204d8e","","1010","",""
"1010","1010","10000421552302622","default","2026-01-08 14:12:26","","2026-01-08 14:12:42","16","0","NORMAL_CLEARING","f603664c-1a4d-43aa-85df-a650ba8fa058","","1010","",""
"1010","1010","10000972567301988","default","2026-01-08 14:12:26","","2026-01-08 14:12:42","16","0","NORMAL_CLEARING","630d7d8b-2c29-4a55-b32c-b68610a12fb9","","1010","",""
"1010","1010","10000972567301988","default","2026-01-08 14:12:32","","2026-01-08 14:12:47","15","0","NORMAL_CLEARING","994d56da-81d2-4565-9383-dfe35b4d7b82","","1010","",""
"1010","1010","10000421552302622","default","2026-01-08 14:12:32","","2026-01-08 14:12:47","15","0","NORMAL_CLEARING","44df34d8-1a4d-4c8a-9dec-b457aea6b63f","","1010","",""
"1010","1010","20000421552302622","default","2026-01-08 14:12:41","","2026-01-08 14:12:55","14","0","NORMAL_CLEARING","5535a8f2-4b44-45de-a4c5-67e6c52e5d77","","1010","",""
"1010","1010","20000972567301988","default","2026-01-08 14:12:41","","2026-01-08 14:12:55","14","0","NORMAL_CLEARING","235135ab-20fc-4f12-af52-f7d846eeebc6","","1010","",""
"1010","1010","20000421552302622","default","2026-01-08 14:12:43","","2026-01-08 14:12:58","15","0","NORMAL_CLEARING","58853f34-225e-4414-a1ab-df9a025039ad","","1010","",""
"1010","1010","20000972567301988","default","2026-01-08 14:12:43","","2026-01-08 14:12:58","15","0","NORMAL_CLEARING","c218d07b-5368-45ff-bb09-4a948b12d83a","","1010","",""
"1010","1010","20000972567301988","default","2026-01-08 14:12:44","","2026-01-08 14:12:58","14","0","NORMAL_CLEARING","3eabed21-8d58-4f89-b32d-a611f97c0c41","","1010","",""
"1010","1010","20000421552302622","default","2026-01-08 14:12:44","","2026-01-08 14:12:58","14","0","NORMAL_CLEARING","b078665e-b20e-4cf7-9382-ad3bc11abe1a","","1010","",""
"1010","1010","20000972567301988","default","2026-01-08 14:12:48","","2026-01-08 14:13:03","15","0","NORMAL_CLEARING","f9d7bdfb-72a9-4b06-8754-f62b9a910126","","1010","",""
"1010","1010","20000421552302622","default","2026-01-08 14:12:48","","2026-01-08 14:13:03","15","0","NORMAL_CLEARING","93112630-0024-4161-936a-5e8d51430dbd","","1010","",""
"1010","1010","20000421552302622","default","2026-01-08 14:12:55","","2026-01-08 14:13:10","15","0","NORMAL_CLEARING","f84d090d-78b3-4456-a58c-55c92d572741","","1010","",""
"1010","1010","20000972567301988","default","2026-01-08 14:12:55","","2026-01-08 14:13:10","15","0","NORMAL_CLEARING","5d68fcfe-47a1-4503-bad1-88552c0edee4","","1010","",""
"1010","1010","30000421552302622","default","2026-01-08 14:13:03","","2026-01-08 14:13:19","16","0","NORMAL_CLEARING","39aa02a6-8616-428e-9698-1600e7fb0b40","","1010","",""
"1010","1010","30000972567301988","default","2026-01-08 14:13:03","","2026-01-08 14:13:19","16","0","NORMAL_CLEARING","a1054eaa-cc24-4599-86ea-8e0a656b2ecf","","1010","",""
"1010","1010","30000421552302622","default","2026-01-08 14:13:06","","2026-01-08 14:13:22","16","0","NORMAL_CLEARING","fbeb0003-639b-4629-9326-1fe08dafa7e6","","1010","",""
"1010","1010","30000421552302622","default","2026-01-08 14:13:06","","2026-01-08 14:13:22","16","0","NORMAL_CLEARING","8d79ae15-2895-47a5-9a5e-606d4434392f","","1010","",""
"1010","1010","30000972567301988","default","2026-01-08 14:13:06","","2026-01-08 14:13:22","16","0","NORMAL_CLEARING","df247b8e-f6b4-4cd7-8013-0500cf1a6b22","","1010","",""
"1010","1010","30000972567301988","default","2026-01-08 14:13:06","","2026-01-08 14:13:22","16","0","NORMAL_CLEARING","aa81af8e-0a7f-4457-bb3a-e73d76ca0c23","","1010","",""
"1010","1010","30000972567301988","default","2026-01-08 14:13:11","","2026-01-08 14:13:26","15","0","NORMAL_CLEARING","25c49c25-840e-47a2-9ca2-af9d5d4d1243","","1010","",""
"1010","1010","30000421552302622","default","2026-01-08 14:13:11","","2026-01-08 14:13:26","15","0","NORMAL_CLEARING","aca4b75e-c0e3-4e85-be43-283b46da2ac7","","1010","",""
"1010","1010","30000421552302622","default","2026-01-08 14:13:17","","2026-01-08 14:13:31","14","0","NORMAL_CLEARING","1a606948-93f9-4f3a-902a-8f2978c988a4","","1010","",""
"1010","1010","30000972567301988","default","2026-01-08 14:13:17","","2026-01-08 14:13:31","14","0","NORMAL_CLEARING","595fd1ea-0b51-4f95-b62c-01d7f0c90c81","","1010","",""
"1010","1010","40000972567301988","default","2026-01-08 14:13:25","","2026-01-08 14:13:39","14","0","NORMAL_CLEARING","9f4082af-0551-42d6-9328-f35e295af6dc","","1010","",""
"1010","1010","40000421552302622","default","2026-01-08 14:13:25","","2026-01-08 14:13:39","14","0","NORMAL_CLEARING","27de23de-f780-4382-8832-509d7164bffc","","1010","",""
"1010","1010","40000421552302622","default","2026-01-08 14:13:28","","2026-01-08 14:13:41","13","0","NORMAL_CLEARING","2a4cf356-035c-4416-8e65-b083d63e8cdc","","1010","",""
"1010","1010","40000972567301988","default","2026-01-08 14:13:28","","2026-01-08 14:13:41","13","0","NORMAL_CLEARING","64e62707-80fb-4f04-8ee3-ca112991138b","","1010","",""
"1010","1010","40000972567301988","default","2026-01-08 14:13:28","","2026-01-08 14:13:42","14","0","NORMAL_CLEARING","70ec5c2e-2d8c-435c-bfb9-c4f64ae914a0","","1010","",""
"1010","1010","40000421552302622","default","2026-01-08 14:13:28","","2026-01-08 14:13:42","14","0","NORMAL_CLEARING","2335a39e-c21a-405a-b003-a6ae6633b9d2","","1010","",""
"1010","1010","40000421552302622","default","2026-01-08 14:13:33","","2026-01-08 14:13:47","14","0","NORMAL_CLEARING","36751edc-df89-45d5-bc19-f8bb2af10d24","","1010","",""
"1010","1010","40000972567301988","default","2026-01-08 14:13:33","","2026-01-08 14:13:47","14","0","NORMAL_CLEARING","e10bcbb3-fd02-49e9-a648-6b88269ec189","","1010","",""
"1010","1010","40000421552302622","default","2026-01-08 14:13:39","","2026-01-08 14:13:53","14","0","NORMAL_CLEARING","6bc4533f-ddaf-42c8-83d0-8d0083b3a2e9","","1010","",""
"1010","1010","40000972567301988","default","2026-01-08 14:13:39","","2026-01-08 14:13:53","14","0","NORMAL_CLEARING","46b71ff2-4df6-4a63-a981-39c833351d93","","1010","",""
"1010","1010","50000421552302622","default","2026-01-08 14:13:48","","2026-01-08 14:14:01","13","0","NORMAL_CLEARING","803c263e-73b5-4e09-b321-621283ef04d4","","1010","",""
"1010","1010","50000972567301988","default","2026-01-08 14:13:48","","2026-01-08 14:14:01","13","0","NORMAL_CLEARING","b76edb51-1926-4a27-ac03-fc1e84319564","","1010","",""
"1010","1010","50000972567301988","default","2026-01-08 14:13:50","","2026-01-08 14:14:03","13","0","NORMAL_CLEARING","8387a32b-1316-477b-a60d-aafc0138e695","","1010","",""
"1010","1010","50000421552302622","default","2026-01-08 14:13:50","","2026-01-08 14:14:03","13","0","NORMAL_CLEARING","03d07a9e-7a18-4056-804c-fdf0f97f57d8","","1010","",""
"1010","1010","50000972567301988","default","2026-01-08 14:13:51","","2026-01-08 14:14:03","12","0","NORMAL_CLEARING","70f0e677-2438-445e-aca4-2882dcfb4778","","1010","",""
"1010","1010","50000421552302622","default","2026-01-08 14:13:51","","2026-01-08 14:14:03","12","0","NORMAL_CLEARING","086b9c0f-74b3-4da1-bb29-fb1f7e58de01","","1010","",""
"1010","1010","50000421552302622","default","2026-01-08 14:13:56","","2026-01-08 14:14:08","12","0","NORMAL_CLEARING","77ee45c7-0ad0-4d5c-9281-800af6d08abd","","1010","",""
"1010","1010","50000972567301988","default","2026-01-08 14:13:56","","2026-01-08 14:14:08","12","0","NORMAL_CLEARING","76d760da-6add-46ff-aa17-4c13aac8255e","","1010","",""
"1010","1010","50000972567301988","default","2026-01-08 14:14:02","","2026-01-08 14:14:14","12","0","NORMAL_CLEARING","b376b2fa-c8f4-4d07-a663-a24f091b740b","","1010","",""
"1010","1010","50000421552302622","default","2026-01-08 14:14:02","","2026-01-08 14:14:14","12","0","NORMAL_CLEARING","a5949a21-1308-44a2-b0c5-35212fc6b356","","1010","",""
"1010","1010","60000972567301988","default","2026-01-08 14:14:10","","2026-01-08 14:14:22","12","0","NORMAL_CLEARING","35c7048b-826b-4910-adbb-51b1c3c8077f","","1010","",""
"1010","1010","60000421552302622","default","2026-01-08 14:14:10","","2026-01-08 14:14:22","12","0","NORMAL_CLEARING","0c24e97a-807d-499e-8d4c-84c15e8bad39","","1010","",""
"1010","1010","60000421552302622","default","2026-01-08 14:14:12","","2026-01-08 14:14:23","11","0","NORMAL_CLEARING","f17c9443-c2ec-45e8-8323-2cf6879150df","","1010","",""
"1010","1010","60000972567301988","default","2026-01-08 14:14:12","","2026-01-08 14:14:24","12","0","NORMAL_CLEARING","5d9fd6cb-8000-47f4-bb90-42d56278db7e","","1010","",""
"1010","1010","60000972567301988","default","2026-01-08 14:14:13","","2026-01-08 14:14:24","11","0","NORMAL_CLEARING","e9955908-25ac-4af0-b1e1-0ec0ca39c34a","","1010","",""
"1010","1010","60000421552302622","default","2026-01-08 14:14:13","","2026-01-08 14:14:24","11","0","NORMAL_CLEARING","f31ad2af-d317-465e-aabf-c068351381f6","","1010","",""
"1010","1010","60000421552302622","default","2026-01-08 14:14:18","","2026-01-08 14:14:30","12","0","NORMAL_CLEARING","cf90380a-6ae9-47f7-9458-e82c9e172693","","1010","",""
"1010","1010","60000972567301988","default","2026-01-08 14:14:18","","2026-01-08 14:14:30","12","0","NORMAL_CLEARING","97802f64-b5d5-4e03-b5f1-f51d39887843","","1010","",""
"1010","1010","60000421552302622","default","2026-01-08 14:14:24","","2026-01-08 14:14:37","13","0","NORMAL_CLEARING","dbd9a657-28d6-4ee6-b937-038f028123b0","","1010","",""
"1010","1010","60000972567301988","default","2026-01-08 14:14:24","","2026-01-08 14:14:37","13","0","NORMAL_CLEARING","e0bb001e-6d2d-4150-a8e4-c685e6ccf696","","1010","",""
"1010","1010","70000421552302622","default","2026-01-08 14:14:32","","2026-01-08 14:14:49","17","0","NORMAL_CLEARING","e86a437b-5212-4b57-8b36-f0c45b659ebf","","1010","",""
"1010","1010","70000972567301988","default","2026-01-08 14:14:32","","2026-01-08 14:14:49","17","0","NORMAL_CLEARING","9543e5db-821e-41b4-acb3-227048aae2d7","","1010","",""
"1010","1010","70000972567301988","default","2026-01-08 14:14:34","","2026-01-08 14:14:51","17","0","NORMAL_CLEARING","6a486fa6-d963-44f4-aa13-3d4f4e60052e","","1010","",""
"1010","1010","70000421552302622","default","2026-01-08 14:14:34","","2026-01-08 14:14:51","17","0","NORMAL_CLEARING","8fe9c1ab-4637-4972-a199-30c3697e9e4c","","1010","",""
"1010","1010","70000421552302622","default","2026-01-08 14:14:35","","2026-01-08 14:14:52","17","0","NORMAL_CLEARING","7254c2ce-00cb-430c-bd5c-d20b3c665449","","1010","",""
"1010","1010","70000972567301988","default","2026-01-08 14:14:35","","2026-01-08 14:14:52","17","0","NORMAL_CLEARING","12f34761-fb1f-4527-a464-c593d2800514","","1010","",""
"1010","1010","70000421552302622","default","2026-01-08 14:14:40","","2026-01-08 14:14:57","17","0","NORMAL_CLEARING","7019db95-c5e7-4f60-9e8b-736c0e999470","","1010","",""
"1010","1010","70000972567301988","default","2026-01-08 14:14:40","","2026-01-08 14:14:57","17","0","NORMAL_CLEARING","1f424749-0aa8-4db4-97e2-b8d1b20dddc0","","1010","",""
"1010","1010","70000972567301988","default","2026-01-08 14:14:46","","2026-01-08 14:15:03","17","0","NORMAL_CLEARING","4cf54755-c2d5-4451-9bae-d7324cff57f5","","1010","",""
"1010","1010","70000421552302622","default","2026-01-08 14:14:46","","2026-01-08 14:15:03","17","0","NORMAL_CLEARING","2b36cea7-c06e-45a6-8574-35741ce47c20","","1010","",""
"1010","1010","80000421552302622","default","2026-01-08 14:14:55","","2026-01-08 14:15:11","16","0","NORMAL_CLEARING","a7c13bbd-5d8d-414a-8d48-5887ea1a9780","","1010","",""
"1010","1010","80000972567301988","default","2026-01-08 14:14:55","","2026-01-08 14:15:11","16","0","NORMAL_CLEARING","1adb834a-2732-4dfd-ae59-21e4cb55bfe7","","1010","",""
"1010","1010","80000972567301988","default","2026-01-08 14:14:57","","2026-01-08 14:15:13","16","0","NORMAL_CLEARING","59454629-596e-43b0-8b20-b62099e32219","","1010","",""
"1010","1010","80000972567301988","default","2026-01-08 14:14:58","","2026-01-08 14:15:14","16","0","NORMAL_CLEARING","bb1daf56-fefd-45ef-bb12-f2bf18cdd37f","","1010","",""
"1010","1010","80000421552302622","default","2026-01-08 14:14:57","","2026-01-08 14:15:14","17","0","NORMAL_CLEARING","234309ea-af38-4edb-897f-ceadeb4f3693","","1010","",""
"1010","1010","80000421552302622","default","2026-01-08 14:14:58","","2026-01-08 14:15:14","16","0","NORMAL_CLEARING","d554bc11-432f-4560-8739-9553fe08eba0","","1010","",""
"1010","1010","80000972567301988","default","2026-01-08 14:15:03","","2026-01-08 14:15:19","16","0","NORMAL_CLEARING","1e49c274-dfe1-47f6-8990-8d4d79d06359","","1010","",""
"1010","1010","80000421552302622","default","2026-01-08 14:15:03","","2026-01-08 14:15:19","16","0","NORMAL_CLEARING","0856ddf9-1fb1-40ea-ac5e-c4b54a5cd6b3","","1010","",""
"1010","1010","80000421552302622","default","2026-01-08 14:15:09","","2026-01-08 14:15:26","17","0","NORMAL_CLEARING","3577b090-ff02-4a1e-9915-81ea906e28af","","1010","",""
"1010","1010","80000972567301988","default","2026-01-08 14:15:09","","2026-01-08 14:15:26","17","0","NORMAL_CLEARING","d7e1dc94-fd44-4380-bb33-2262566a72bd","","1010","",""
"1010","1010","90000421552302622","default","2026-01-08 14:15:17","","2026-01-08 14:15:33","16","0","NORMAL_CLEARING","e5407484-a726-4b3e-ab5a-9ab7f7201ade","","1010","",""
"1010","1010","90000972567301988","default","2026-01-08 14:15:17","","2026-01-08 14:15:33","16","0","NORMAL_CLEARING","51a7da9f-a9a9-4d43-9bea-5c155e8b9681","","1010","",""
"1010","1010","90000421552302622","default","2026-01-08 14:15:20","","2026-01-08 14:15:34","14","0","NORMAL_CLEARING","5013ef87-ad55-48c5-8aad-0c6b62ad44a0","","1010","",""
"1010","1010","90000972567301988","default","2026-01-08 14:15:20","","2026-01-08 14:15:34","14","0","NORMAL_CLEARING","2902286b-5deb-4969-aa3d-71469a9a526e","","1010","",""
"1010","1010","90000421552302622","default","2026-01-08 14:15:20","","2026-01-08 14:15:35","15","0","NORMAL_CLEARING","6ddde9ba-6b70-4547-a73b-8dcd4a81cd1d","","1010","",""
"1010","1010","90000972567301988","default","2026-01-08 14:15:20","","2026-01-08 14:15:35","15","0","NORMAL_CLEARING","8913eae2-e346-42ce-bc81-2292413340dd","","1010","",""
"1010","1010","90000972567301988","default","2026-01-08 14:15:25","","2026-01-08 14:15:38","13","0","NORMAL_CLEARING","fe09a493-563a-4a8a-b2ec-1d4cdb0286cb","","1010","",""
"1010","1010","90000421552302622","default","2026-01-08 14:15:25","","2026-01-08 14:15:38","13","0","NORMAL_CLEARING","abf45d6d-deca-488e-994c-f8681aaeaa94","","1010","",""
"1010","1010","90000972567301988","default","2026-01-08 14:15:31","","2026-01-08 14:15:43","12","0","NORMAL_CLEARING","a4296195-40a7-4cff-923f-bafe366ee89a","","1010","",""
"1010","1010","90000421552302622","default","2026-01-08 14:15:31","","2026-01-08 14:15:43","12","0","NORMAL_CLEARING","b8f90862-e730-49d0-9f9a-c1644530aa02","","1010","",""
"1010","1010","000000972567301988","default","2026-01-08 14:15:40","","2026-01-08 14:15:51","11","0","NORMAL_CLEARING","a4342831-dc4c-4665-990e-bbb0333d56ac","","1010","",""
"1010","1010","000000421552302622","default","2026-01-08 14:15:40","","2026-01-08 14:15:51","11","0","NORMAL_CLEARING","2c207a9f-6ebf-4712-aada-4fd96699507c","","1010","",""
"1010","1010","000000972567301988","default","2026-01-08 14:15:42","","2026-01-08 14:15:53","11","0","NORMAL_CLEARING","17bc9bb6-10e7-40ea-96e8-78240e686823","","1010","",""
"1010","1010","000000421552302622","default","2026-01-08 14:15:42","","2026-01-08 14:15:53","11","0","NORMAL_CLEARING","7c9e8486-6d6b-48ce-be7c-6dbe3de818aa","","1010","",""
"1010","1010","000000421552302622","default","2026-01-08 14:15:42","","2026-01-08 14:15:54","12","0","NORMAL_CLEARING","4cb054af-5e9f-4987-b53b-6f7aa82651f7","","1010","",""
"1010","1010","000000972567301988","default","2026-01-08 14:15:42","","2026-01-08 14:15:54","12","0","NORMAL_CLEARING","764153f4-90b2-40d7-851a-0d9975a1baf3","","1010","",""
"1010","1010","000000421552302622","default","2026-01-08 14:15:47","","2026-01-08 14:15:58","11","0","NORMAL_CLEARING","4659e333-1595-4c36-84a9-2bfd6ad45bd0","","1010","",""
"1010","1010","000000972567301988","default","2026-01-08 14:15:47","","2026-01-08 14:15:58","11","0","NORMAL_CLEARING","59596d63-e9bf-49bb-afe6-c2fa20226164","","1010","",""
"1010","1010","000000972567301988","default","2026-01-08 14:15:53","","2026-01-08 14:16:05","12","0","NORMAL_CLEARING","4a4021df-9cb6-465a-a6d0-81cdc012a557","","1010","",""
"1010","1010","000000421552302622","default","2026-01-08 14:15:53","","2026-01-08 14:16:05","12","0","NORMAL_CLEARING","2dd9ff1e-99a2-415a-847f-1eb8a80f3157","","1010","",""
"1010","1010","100000972567301988","default","2026-01-08 14:16:02","","2026-01-08 14:16:13","11","0","NORMAL_CLEARING","dfa99c7b-134e-4b89-8da8-c63504efcf2b","","1010","",""
"1010","1010","100000421552302622","default","2026-01-08 14:16:02","","2026-01-08 14:16:13","11","0","NORMAL_CLEARING","3f063f11-195c-4f23-846e-7da2b84e4c0b","","1010","",""
"1010","1010","100000421552302622","default","2026-01-08 14:16:04","","2026-01-08 14:16:15","11","0","NORMAL_CLEARING","ff1cf12e-f84c-4a84-9e1c-e2717970d885","","1010","",""
"1010","1010","100000972567301988","default","2026-01-08 14:16:04","","2026-01-08 14:16:15","11","0","NORMAL_CLEARING","11f78ee8-d950-4847-8441-eac6f75cf144","","1010","",""
"1010","1010","100000421552302622","default","2026-01-08 14:16:05","","2026-01-08 14:16:16","11","0","NORMAL_CLEARING","d1cc5e51-9d10-4d67-81cc-eaec8284e76c","","1010","",""
"1010","1010","100000972567301988","default","2026-01-08 14:16:05","","2026-01-08 14:16:16","11","0","NORMAL_CLEARING","ae0562d7-df7f-451d-891b-f0a559ed32ef","","1010","",""
"1010","1010","100000972567301988","default","2026-01-08 14:16:10","","2026-01-08 14:16:21","11","0","NORMAL_CLEARING","abad5751-607d-49a0-ab1a-9e1f1e5c2e5a","","1010","",""
"1010","1010","100000421552302622","default","2026-01-08 14:16:09","","2026-01-08 14:16:21","12","0","NORMAL_CLEARING","fc9bad4f-e60d-4950-a677-d5dd22ad3f77","","1010","",""
"1010","1010","100000421552302622","default","2026-01-08 14:16:16","","2026-01-08 14:16:27","11","0","NORMAL_CLEARING","b82662fd-5a15-49ff-8cdd-330b11eb3916","","1010","",""
"1010","1010","100000972567301988","default","2026-01-08 14:16:16","","2026-01-08 14:16:27","11","0","NORMAL_CLEARING","0efc48da-c364-4a06-a2e6-085196282349","","1010","",""
"1010","1010","200000972567301988","default","2026-01-08 14:16:24","","2026-01-08 14:16:35","11","0","NORMAL_CLEARING","03de5410-7771-4588-a44d-4ccb9c8f08ac","","1010","",""
"1010","1010","200000421552302622","default","2026-01-08 14:16:24","","2026-01-08 14:16:35","11","0","NORMAL_CLEARING","b528d423-0d41-4526-a8d9-01b50bd65e42","","1010","",""
"1010","1010","200000421552302622","default","2026-01-08 14:16:26","","2026-01-08 14:16:38","12","0","NORMAL_CLEARING","2bbbec8a-b1aa-4885-aa21-4722b3fb3cf6","","1010","",""
"1010","1010","200000972567301988","default","2026-01-08 14:16:26","","2026-01-08 14:16:38","12","0","NORMAL_CLEARING","33eabce5-5924-45da-b634-d4f574ae0b46","","1010","",""
"1010","1010","200000421552302622","default","2026-01-08 14:16:27","","2026-01-08 14:16:38","11","0","NORMAL_CLEARING","6db5b5cc-b918-41fb-96f1-f6349a33addf","","1010","",""
"1010","1010","200000972567301988","default","2026-01-08 14:16:27","","2026-01-08 14:16:38","11","0","NORMAL_CLEARING","b19cf2e3-9a80-49f7-acaa-ffdc8a34c4cf","","1010","",""
"1010","1010","200000972567301988","default","2026-01-08 14:16:32","","2026-01-08 14:16:43","11","0","NORMAL_CLEARING","9d6fe799-2099-4c3e-b262-967d1ae06c08","","1010","",""
"1010","1010","200000421552302622","default","2026-01-08 14:16:32","","2026-01-08 14:16:43","11","0","NORMAL_CLEARING","dd6e0d52-f8b6-4866-a46f-a04d9e286bfa","","1010","",""
"1010","1010","200000972567301988","default","2026-01-08 14:16:38","","2026-01-08 14:16:49","11","0","NORMAL_CLEARING","9051bd63-af1a-40b9-ae5d-8dd5f8bbe7fe","","1010","",""
"1010","1010","200000421552302622","default","2026-01-08 14:16:38","","2026-01-08 14:16:49","11","0","NORMAL_CLEARING","bbcb8593-24b6-45cf-befc-fa8ef0bb8f1d","","1010","",""
"1010","1010","300000972567301988","default","2026-01-08 14:16:46","","2026-01-08 14:16:57","11","0","NORMAL_CLEARING","501bfe6a-65e9-4748-9a87-1ad407c0a283","","1010","",""
"1010","1010","300000421552302622","default","2026-01-08 14:16:46","","2026-01-08 14:16:57","11","0","NORMAL_CLEARING","5c403d30-27d9-419e-bfa6-1b55106cfd3d","","1010","",""
"1010","1010","300000421552302622","default","2026-01-08 14:16:49","","2026-01-08 14:17:00","11","0","NORMAL_CLEARING","cd5a5798-e734-4b81-a4bd-f17654aa0c5b","","1010","",""
"1010","1010","300000972567301988","default","2026-01-08 14:16:49","","2026-01-08 14:17:00","11","0","NORMAL_CLEARING","d790257a-2904-4c17-b117-55d63777f1f3","","1010","",""
"1010","1010","300000421552302622","default","2026-01-08 14:16:49","","2026-01-08 14:17:00","11","0","NORMAL_CLEARING","74404713-7674-48a2-9d3d-fda11306670b","","1010","",""
"1010","1010","300000972567301988","default","2026-01-08 14:16:49","","2026-01-08 14:17:00","11","0","NORMAL_CLEARING","f76e5a67-43b7-4953-966e-cfca8984f5fd","","1010","",""
"1010","1010","300000421552302622","default","2026-01-08 14:16:54","","2026-01-08 14:17:06","12","0","NORMAL_CLEARING","1f44172c-0996-4490-b420-b012b481147a","","1010","",""
"1010","1010","300000972567301988","default","2026-01-08 14:16:54","","2026-01-08 14:17:06","12","0","NORMAL_CLEARING","560d5a4b-e714-408d-b23c-1704cb074a81","","1010","",""
"1010","1010","300000972567301988","default","2026-01-08 14:17:00","","2026-01-08 14:17:13","13","0","NORMAL_CLEARING","4e51e8c8-9e29-43e3-945c-d327907f29da","","1010","",""
"1010","1010","300000421552302622","default","2026-01-08 14:17:00","","2026-01-08 14:17:13","13","0","NORMAL_CLEARING","751373c0-18c7-4724-9a6d-99dcc6384856","","1010","",""
"1010","1010","400000421552302622","default","2026-01-08 14:17:09","","2026-01-08 14:17:22","13","0","NORMAL_CLEARING","72d5131d-2eb6-4820-b2a1-97a8a549b953","","1010","",""
"1010","1010","400000972567301988","default","2026-01-08 14:17:09","","2026-01-08 14:17:22","13","0","NORMAL_CLEARING","b4df08f5-3c9a-47d9-8acb-69b44941d317","","1010","",""
"1010","1010","400000972567301988","default","2026-01-08 14:17:11","","2026-01-08 14:17:25","14","0","NORMAL_CLEARING","fd69bb7e-9c95-49ef-aae7-eccd70d8811f","","1010","",""
"1010","1010","400000421552302622","default","2026-01-08 14:17:11","","2026-01-08 14:17:25","14","0","NORMAL_CLEARING","0286d3ed-c7a4-4321-bb9e-2f67e99f437e","","1010","",""
"1010","1010","400000421552302622","default","2026-01-08 14:17:12","","2026-01-08 14:17:26","14","0","NORMAL_CLEARING","3ceff6f7-75bb-47d0-b4bb-9113c7904746","","1010","",""
"1010","1010","400000972567301988","default","2026-01-08 14:17:12","","2026-01-08 14:17:26","14","0","NORMAL_CLEARING","52b6b8ad-9b2c-40be-9e79-e66d835e6666","","1010","",""
"1010","1010","400000421552302622","default","2026-01-08 14:17:16","","2026-01-08 14:17:31","15","0","NORMAL_CLEARING","9fdb0161-88cd-43dd-9453-50b22ffc8e7f","","1010","",""
"1010","1010","400000972567301988","default","2026-01-08 14:17:16","","2026-01-08 14:17:31","15","0","NORMAL_CLEARING","e2779901-6b1c-451d-830d-47c480436665","","1010","",""
"1010","1010","400000972567301988","default","2026-01-08 14:17:23","","2026-01-08 14:17:39","16","0","NORMAL_CLEARING","905719a2-b5bc-4cf7-9f20-951414348d4c","","1010","",""
"1010","1010","400000421552302622","default","2026-01-08 14:17:23","","2026-01-08 14:17:39","16","0","NORMAL_CLEARING","0493db19-f63f-4353-a643-ab24e0ffdb9d","","1010","",""
"1010","1010","500000972567301988","default","2026-01-08 14:17:31","","2026-01-08 14:17:49","18","0","NORMAL_CLEARING","8889c1db-774c-4b84-b106-ec4a9901a804","","1010","",""
"1010","1010","500000421552302622","default","2026-01-08 14:17:31","","2026-01-08 14:17:49","18","0","NORMAL_CLEARING","4aabaf4d-a08e-4422-8937-9e818e779417","","1010","",""
"1010","1010","500000421552302622","default","2026-01-08 14:17:33","","2026-01-08 14:17:51","18","0","NORMAL_CLEARING","02f1f120-af2f-4e74-9d9e-df19268a60a5","","1010","",""
"1010","1010","500000972567301988","default","2026-01-08 14:17:33","","2026-01-08 14:17:51","18","0","NORMAL_CLEARING","c052a8aa-75e6-406b-a440-268da3d990be","","1010","",""
"1010","1010","500000972567301988","default","2026-01-08 14:17:34","","2026-01-08 14:17:52","18","0","NORMAL_CLEARING","e44a888b-62ff-4b24-8b37-32fb9afa5506","","1010","",""
"1010","1010","500000421552302622","default","2026-01-08 14:17:34","","2026-01-08 14:17:52","18","0","NORMAL_CLEARING","0c74d9b2-ba0e-465e-8bc5-2766eaf199ec","","1010","",""
"1010","1010","500000421552302622","default","2026-01-08 14:17:39","","2026-01-08 14:17:56","17","0","NORMAL_CLEARING","4031a066-1ecf-4708-91ba-5e7d82109d26","","1010","",""
"1010","1010","500000972567301988","default","2026-01-08 14:17:39","","2026-01-08 14:17:57","18","0","NORMAL_CLEARING","94243f26-179b-4184-a971-440f9db69be2","","1010","",""
"1010","1010","500000421552302622","default","2026-01-08 14:17:45","","2026-01-08 14:18:02","17","0","NORMAL_CLEARING","c6ccf36c-2ab6-45ab-88c0-28520f6d5cb0","","1010","",""
"1010","1010","500000972567301988","default","2026-01-08 14:17:45","","2026-01-08 14:18:02","17","0","NORMAL_CLEARING","3551ae9f-9f53-428f-8ece-68e215c71bf4","","1010","",""
"1010","1010","600000421552302622","default","2026-01-08 14:17:54","","2026-01-08 14:18:11","17","0","NORMAL_CLEARING","2300f0fc-40af-4e82-acd2-2f716912aa2d","","1010","",""
"1010","1010","600000972567301988","default","2026-01-08 14:17:54","","2026-01-08 14:18:11","17","0","NORMAL_CLEARING","e7888498-5481-4c1a-be5e-fbd44ec8a56b","","1010","",""
"1010","1010","600000421552302622","default","2026-01-08 14:17:56","","2026-01-08 14:18:13","17","0","NORMAL_CLEARING","3e0e2642-f88b-4ad4-aab3-71c029256d12","","1010","",""
"1010","1010","600000972567301988","default","2026-01-08 14:17:56","","2026-01-08 14:18:13","17","0","NORMAL_CLEARING","70a175be-109f-406b-88e3-9ed97ba9502f","","1010","",""
"1010","1010","600000972567301988","default","2026-01-08 14:17:57","","2026-01-08 14:18:14","17","0","NORMAL_CLEARING","4cb57070-3636-4888-bfbc-4db071939688","","1010","",""
"1010","1010","600000421552302622","default","2026-01-08 14:17:57","","2026-01-08 14:18:14","17","0","NORMAL_CLEARING","784f43ec-4b66-4e50-8e55-21b2a4996a6d","","1010","",""
"1010","1010","600000972567301988","default","2026-01-08 14:18:01","","2026-01-08 14:18:19","18","0","NORMAL_CLEARING","40ffe2c5-d89d-4c93-8021-287cf4901d9a","","1010","",""
"1010","1010","600000421552302622","default","2026-01-08 14:18:01","","2026-01-08 14:18:19","18","0","NORMAL_CLEARING","6d118b73-3c1b-48b6-84f2-883e9b883c28","","1010","",""
"1010","1010","600000972567301988","default","2026-01-08 14:18:08","","2026-01-08 14:18:26","18","0","NORMAL_CLEARING","43ef5a4a-10ef-47bc-baee-32cfce1e4952","","1010","",""
"1010","1010","600000421552302622","default","2026-01-08 14:18:08","","2026-01-08 14:18:26","18","0","NORMAL_CLEARING","86802de9-42d9-4243-b3c7-23b9a58f0766","","1010","",""
"1010","1010","700000421552302622","default","2026-01-08 14:18:17","","2026-01-08 14:18:35","18","0","NORMAL_CLEARING","135c6b2f-19bc-4ce9-8d8b-aadb0f72234e","","1010","",""
"1010","1010","700000972567301988","default","2026-01-08 14:18:17","","2026-01-08 14:18:35","18","0","NORMAL_CLEARING","f68d4d53-a260-4409-86dc-ab47bccd9841","","1010","",""
"1010","1010","700000421552302622","default","2026-01-08 14:18:19","","2026-01-08 14:18:36","17","0","NORMAL_CLEARING","a77b60c9-898f-4712-b451-58b95f9cc047","","1010","",""
"1010","1010","700000972567301988","default","2026-01-08 14:18:19","","2026-01-08 14:18:37","18","0","NORMAL_CLEARING","ef50459c-122b-49b1-bf40-f863fa0661cc","","1010","",""
"1010","1010","700000421552302622","default","2026-01-08 14:18:19","","2026-01-08 14:18:37","18","0","NORMAL_CLEARING","3b0e60f5-d782-4c97-b763-74f5f03cbefd","","1010","",""
"1010","1010","700000972567301988","default","2026-01-08 14:18:19","","2026-01-08 14:18:37","18","0","NORMAL_CLEARING","cc4abef9-e057-4d0f-933b-3142bb4e1d23","","1010","",""
"1010","1010","700000972567301988","default","2026-01-08 14:18:24","","2026-01-08 14:18:40","16","0","NORMAL_CLEARING","2794189d-80d0-4186-833d-bbe4a7858f46","","1010","",""
"1010","1010","700000421552302622","default","2026-01-08 14:18:24","","2026-01-08 14:18:40","16","0","NORMAL_CLEARING","a927cf82-a065-47a1-9af7-be363ebfba17","","1010","",""
"1010","1010","700000972567301988","default","2026-01-08 14:18:30","","2026-01-08 14:18:46","16","0","NORMAL_CLEARING","9ca4c74e-5096-4180-be94-d72fafce66a7","","1010","",""
"1010","1010","700000421552302622","default","2026-01-08 14:18:30","","2026-01-08 14:18:46","16","0","NORMAL_CLEARING","28ec9761-cedf-464c-af86-5092d8c1a3b6","","1010","",""
"1010","1010","800000421552302622","default","2026-01-08 14:18:39","","2026-01-08 14:18:54","15","0","NORMAL_CLEARING","e279fabc-ad99-442b-ae71-40fd8161185e","","1010","",""
"1010","1010","800000972567301988","default","2026-01-08 14:18:39","","2026-01-08 14:18:54","15","0","NORMAL_CLEARING","9b608378-7a7b-44b8-8fee-b499df7d4cdf","","1010","",""
"1010","1010","800000421552302622","default","2026-01-08 14:18:41","","2026-01-08 14:18:56","15","0","NORMAL_CLEARING","773db0f5-168c-4e61-b030-d9220938ba09","","1010","",""
"1010","1010","800000972567301988","default","2026-01-08 14:18:41","","2026-01-08 14:18:56","15","0","NORMAL_CLEARING","14961569-59ae-4b6c-bd7a-87b444877214","","1010","",""
"1010","1010","800000972567301988","default","2026-01-08 14:18:41","","2026-01-08 14:18:56","15","0","NORMAL_CLEARING","02c0a1aa-edd2-49f5-bda0-f11aaeef4d10","","1010","",""
"1010","1010","800000421552302622","default","2026-01-08 14:18:41","","2026-01-08 14:18:57","16","0","NORMAL_CLEARING","1e9c0eb8-0bc4-48b6-acb7-95efe1ccf525","","1010","",""
"1010","1010","800000421552302622","default","2026-01-08 14:18:46","","2026-01-08 14:19:01","15","0","NORMAL_CLEARING","1dae8cf7-4d80-4463-a6de-aff16465a82a","","1010","",""
"1010","1010","800000972567301988","default","2026-01-08 14:18:46","","2026-01-08 14:19:01","15","0","NORMAL_CLEARING","818dd103-a05e-4bba-a5f1-3476ae2da45d","","1010","",""
"1010","1010","800000421552302622","default","2026-01-08 14:18:52","","2026-01-08 14:19:07","15","0","NORMAL_CLEARING","5ad0ed30-9d5a-4fde-8cf0-da31435725ba","","1010","",""
"1010","1010","800000972567301988","default","2026-01-08 14:18:52","","2026-01-08 14:19:07","15","0","NORMAL_CLEARING","57ee9a65-769a-43da-8063-3fcfa082e032","","1010","",""
"1010","1010","900000421552302622","default","2026-01-08 14:19:01","","2026-01-08 14:19:15","14","0","NORMAL_CLEARING","6ba17b93-c5e0-47c0-8743-5680ff370f39","","1010","",""
"1010","1010","900000972567301988","default","2026-01-08 14:19:01","","2026-01-08 14:19:15","14","0","NORMAL_CLEARING","828e0777-6e30-4e3b-8caf-6cad96d6ba1a","","1010","",""
"1010","1010","900000421552302622","default","2026-01-08 14:19:03","","2026-01-08 14:19:17","14","0","NORMAL_CLEARING","f3739c57-f5b2-4759-b328-0049288aad3a","","1010","",""
"1010","1010","900000972567301988","default","2026-01-08 14:19:04","","2026-01-08 14:19:17","13","0","NORMAL_CLEARING","a77a5260-eb62-4142-a5d5-8b53671739de","","1010","",""
"1010","1010","900000421552302622","default","2026-01-08 14:19:04","","2026-01-08 14:19:17","13","0","NORMAL_CLEARING","9ce8326b-4793-48a8-bb78-98117d727803","","1010","",""
"1010","1010","900000972567301988","default","2026-01-08 14:19:03","","2026-01-08 14:19:17","14","0","NORMAL_CLEARING","f96b6145-9659-4e95-8628-a25e3f1c9d02","","1010","",""
"1010","1010","900000972567301988","default","2026-01-08 14:19:08","","2026-01-08 14:19:22","14","0","NORMAL_CLEARING","d419561e-fe56-40b0-9b25-42133e65afc2","","1010","",""
"1010","1010","900000421552302622","default","2026-01-08 14:19:08","","2026-01-08 14:19:22","14","0","NORMAL_CLEARING","90af9284-d018-4197-bf15-4e2eb6249ee4","","1010","",""
"1010","1010","900000421552302622","default","2026-01-08 14:19:15","","2026-01-08 14:19:28","13","0","NORMAL_CLEARING","d5845533-0d3c-45aa-87c4-119949cf63ca","","1010","",""
"1010","1010","900000972567301988","default","2026-01-08 14:19:15","","2026-01-08 14:19:28","13","0","NORMAL_CLEARING","a8443aa2-2014-4d23-9896-187a1ba1814d","","1010","",""
"1010","1010","0000000421552302622","default","2026-01-08 14:19:23","","2026-01-08 14:19:37","14","0","NORMAL_CLEARING","46f745ba-b45d-490b-b7ae-284594893022","","1010","",""
"1010","1010","0000000972567301988","default","2026-01-08 14:19:23","","2026-01-08 14:19:38","15","0","NORMAL_CLEARING","a740ba4b-a93f-4fe9-9a94-ccda79d1e692","","1010","",""
"1010","1010","0000000972567301988","default","2026-01-08 14:19:26","","2026-01-08 14:19:40","14","0","NORMAL_CLEARING","0d983103-b1e3-4d00-b491-50936b58fc1d","","1010","",""
"1010","1010","0000000421552302622","default","2026-01-08 14:19:26","","2026-01-08 14:19:40","14","0","NORMAL_CLEARING","1cf6824c-69b2-43e7-9ccd-c6bfd39b2ee5","","1010","",""
"1010","1010","0000000972567301988","default","2026-01-08 14:19:26","","2026-01-08 14:19:40","14","0","NORMAL_CLEARING","645ee870-a167-42f6-89d2-adb20efde2b5","","1010","",""
"1010","1010","0000000421552302622","default","2026-01-08 14:19:26","","2026-01-08 14:19:41","15","0","NORMAL_CLEARING","c09c21a1-8fcb-41fb-8063-c7d9ccb07af4","","1010","",""
"1010","1010","0000000972567301988","default","2026-01-08 14:19:31","","2026-01-08 14:19:45","14","0","NORMAL_CLEARING","8fb22da0-0da6-4f2a-b7dd-ae89e0d78879","","1010","",""
"1010","1010","0000000421552302622","default","2026-01-08 14:19:31","","2026-01-08 14:19:46","15","0","NORMAL_CLEARING","410a3d75-fdeb-4d29-a31c-fbb399231770","","1010","",""
"1010","1010","0000000421552302622","default","2026-01-08 14:19:37","","2026-01-08 14:19:53","16","0","NORMAL_CLEARING","4f9d6efa-51b8-4e27-8a66-8b8eb4332fe4","","1010","",""
"1010","1010","0000000972567301988","default","2026-01-08 14:19:37","","2026-01-08 14:19:53","16","0","NORMAL_CLEARING","e44c4834-a323-40cf-910b-fbb13a584d9d","","1010","",""
"1010","1010","888972567301988","default","2026-01-08 14:19:46","","2026-01-08 14:20:02","16","0","NORMAL_CLEARING","36fae29c-7d92-465b-852c-d1a945a956fd","","1010","",""
"1010","1010","888421552302622","default","2026-01-08 14:19:46","","2026-01-08 14:20:02","16","0","NORMAL_CLEARING","c3d826de-7046-40c3-8063-92444b99e4d9","","1010","",""
"1010","1010","888421552302622","default","2026-01-08 14:19:48","","2026-01-08 14:20:05","17","0","NORMAL_CLEARING","589390f8-7139-4b5a-a58e-9ea123a997c9","","1010","",""
"1010","1010","888972567301988","default","2026-01-08 14:19:48","","2026-01-08 14:20:05","17","0","NORMAL_CLEARING","cded515b-8772-400b-9c97-eb7331afa9f0","","1010","",""
"1010","1010","888421552302622","default","2026-01-08 14:19:48","","2026-01-08 14:20:05","17","0","NORMAL_CLEARING","343b25df-4d06-421f-ae42-c14499fd18a4","","1010","",""
"1010","1010","888972567301988","default","2026-01-08 14:19:48","","2026-01-08 14:20:05","17","0","NORMAL_CLEARING","6737c485-d055-4dfa-8fd0-f052ec3cd8b7","","1010","",""
"1010","1010","888972567301988","default","2026-01-08 14:19:53","","2026-01-08 14:20:09","16","0","NORMAL_CLEARING","dde79bf9-dbe3-4618-88b1-adcd75a93b49","","1010","",""
"1010","1010","888421552302622","default","2026-01-08 14:19:53","","2026-01-08 14:20:09","16","0","NORMAL_CLEARING","aed2b1d2-28da-49f5-a122-e49241d23905","","1010","",""
"1010","1010","888421552302622","default","2026-01-08 14:20:00","","2026-01-08 14:20:14","14","0","NORMAL_CLEARING","d48c3e64-8f35-464e-b7fa-3e78991a9620","","1010","",""
"1010","1010","888972567301988","default","2026-01-08 14:20:00","","2026-01-08 14:20:15","15","0","NORMAL_CLEARING","ca99dfa1-3a5f-4f8b-9949-15fc639b016d","","1010","",""
"1010","1010","999972567301988","default","2026-01-08 14:20:09","","2026-01-08 14:20:22","13","0","NORMAL_CLEARING","05397ae1-700f-4ca3-ab52-f78cd8972fe8","","1010","",""
"1010","1010","999421552302622","default","2026-01-08 14:20:09","","2026-01-08 14:20:22","13","0","NORMAL_CLEARING","57b38447-1ca9-4e93-a88b-8fb7c5197664","","1010","",""
"1010","1010","999972567301988","default","2026-01-08 14:20:11","","2026-01-08 14:20:24","13","0","NORMAL_CLEARING","08215f32-8fb2-42a0-9c43-78fdfb6352a7","","1010","",""
"1010","1010","999972567301988","default","2026-01-08 14:20:11","","2026-01-08 14:20:25","14","0","NORMAL_CLEARING","4eb7f952-ef3b-45d2-aee5-cf67cede3725","","1010","",""
"1010","1010","999421552302622","default","2026-01-08 14:20:11","","2026-01-08 14:20:25","14","0","NORMAL_CLEARING","8fe22cdb-2f2d-4d48-a376-561645fb35e1","","1010","",""
"1010","1010","999421552302622","default","2026-01-08 14:20:11","","2026-01-08 14:20:25","14","0","NORMAL_CLEARING","9fcbb4ed-2815-48c2-a20e-9c0e0a31af16","","1010","",""
"1010","1010","999972567301988","default","2026-01-08 14:20:16","","2026-01-08 14:20:30","14","0","NORMAL_CLEARING","f20f99e7-e1b0-4181-b14b-f27ea52f877f","","1010","",""
"1010","1010","999421552302622","default","2026-01-08 14:20:16","","2026-01-08 14:20:30","14","0","NORMAL_CLEARING","45af1dbb-31a6-4ebe-91f9-fcfd7c63d161","","1010","",""
"1010","1010","999421552302622","default","2026-01-08 14:20:23","","2026-01-08 14:20:36","13","0","NORMAL_CLEARING","76e4d049-d791-4150-8c11-eebadee3cf15","","1010","",""
"1010","1010","999972567301988","default","2026-01-08 14:20:23","","2026-01-08 14:20:36","13","0","NORMAL_CLEARING","78656a27-d6ba-4d59-ad6e-6a96cc1ea618","","1010","",""
"1010","1010","777421552302622","default","2026-01-08 14:20:31","","2026-01-08 14:20:46","15","0","NORMAL_CLEARING","96371a82-1199-411c-bb2f-c8983d612d73","","1010","",""
"1010","1010","777972567301988","default","2026-01-08 14:20:31","","2026-01-08 14:20:46","15","0","NORMAL_CLEARING","a566b2a1-96cc-4809-85b8-62892f213c1d","","1010","",""
"1010","1010","777972567301988","default","2026-01-08 14:20:33","","2026-01-08 14:20:48","15","0","NORMAL_CLEARING","bed42c0a-6db0-49ef-a40c-64fe4d5d8ce3","","1010","",""
"1010","1010","777421552302622","default","2026-01-08 14:20:33","","2026-01-08 14:20:48","15","0","NORMAL_CLEARING","9bf97a1a-db50-4b79-9ee9-fe964ac7a3d9","","1010","",""
"1010","1010","777972567301988","default","2026-01-08 14:20:34","","2026-01-08 14:20:48","14","0","NORMAL_CLEARING","06ca6c1c-aff9-4f3b-8443-b0d515674b2e","","1010","",""
"1010","1010","777421552302622","default","2026-01-08 14:20:34","","2026-01-08 14:20:48","14","0","NORMAL_CLEARING","35b33db0-c7f5-4d45-bd49-ab9748a62e83","","1010","",""
"1010","1010","777972567301988","default","2026-01-08 14:20:38","","2026-01-08 14:20:54","16","0","NORMAL_CLEARING","e023341d-d1b9-49e8-ba51-32ac10c6429b","","1010","",""
"1010","1010","777421552302622","default","2026-01-08 14:20:38","","2026-01-08 14:20:54","16","0","NORMAL_CLEARING","edeb70e6-6f74-4bf7-8437-c4e07c6af968","","1010","",""
"1010","1010","777421552302622","default","2026-01-08 14:20:45","","2026-01-08 14:21:01","16","0","NORMAL_CLEARING","d29721f0-4aeb-4029-983b-9abd1302f6a9","","1010","",""
"1010","1010","777972567301988","default","2026-01-08 14:20:45","","2026-01-08 14:21:01","16","0","NORMAL_CLEARING","35466026-7d3e-4c14-b74e-ff10895318bb","","1010","",""
"1010","1010","555421552302622","default","2026-01-08 14:20:54","","2026-01-08 14:21:10","16","0","NORMAL_CLEARING","5e4234f3-e186-4575-87c1-bdd3383a08ec","","1010","",""
"1010","1010","555972567301988","default","2026-01-08 14:20:53","","2026-01-08 14:21:10","17","0","NORMAL_CLEARING","e3da55f1-3c7b-47c4-a07e-96d9922fdafd","","1010","",""
"1010","1010","555421552302622","default","2026-01-08 14:20:56","","2026-01-08 14:21:12","16","0","NORMAL_CLEARING","7cd3e54e-2ae7-418c-8e76-dfc3962394b8","","1010","",""
"1010","1010","555972567301988","default","2026-01-08 14:20:56","","2026-01-08 14:21:12","16","0","NORMAL_CLEARING","c10953ec-b055-4a57-9618-46e51445aea6","","1010","",""
"1010","1010","555421552302622","default","2026-01-08 14:20:56","","2026-01-08 14:21:13","17","0","NORMAL_CLEARING","a8b02bdf-4384-4981-a506-6eed183f6c98","","1010","",""
"1010","1010","555972567301988","default","2026-01-08 14:20:56","","2026-01-08 14:21:13","17","0","NORMAL_CLEARING","c56eea60-0015-423e-992e-3746b1349245","","1010","",""
"1010","1010","555421552302622","default","2026-01-08 14:21:01","","2026-01-08 14:21:18","17","0","NORMAL_CLEARING","ed356d7c-85cf-4fa9-8718-08bd27ba6604","","1010","",""
"1010","1010","555972567301988","default","2026-01-08 14:21:01","","2026-01-08 14:21:18","17","0","NORMAL_CLEARING","2cc4c0fd-9cfd-4153-ba5e-8f11a8305e89","","1010","",""
"1010","1010","555972567301988","default","2026-01-08 14:21:08","","2026-01-08 14:21:26","18","0","NORMAL_CLEARING","a3115ef0-f41f-4c79-9db1-0af504de9d63","","1010","",""
"1010","1010","555421552302622","default","2026-01-08 14:21:08","","2026-01-08 14:21:26","18","0","NORMAL_CLEARING","dac17823-ddac-4831-a099-4b415d1d1994","","1010","",""
"1010","1010","5600972567301988","default","2026-01-08 14:21:16","","2026-01-08 14:21:34","18","0","NORMAL_CLEARING","cf862ca1-d219-416e-b47f-6ccf3a85fb89","","1010","",""
"1010","1010","5600421552302622","default","2026-01-08 14:21:16","","2026-01-08 14:21:34","18","0","NORMAL_CLEARING","d89e2690-bc45-41f5-a1d1-66f96fea5a53","","1010","",""
"1010","1010","5600972567301988","default","2026-01-08 14:21:18","","2026-01-08 14:21:36","18","0","NORMAL_CLEARING","a1a33c44-5e89-4652-9caf-0cd4e122d3b0","","1010","",""
"1010","1010","5600421552302622","default","2026-01-08 14:21:18","","2026-01-08 14:21:36","18","0","NORMAL_CLEARING","7dc0de27-c6b0-4078-bd52-3720d135ab2d","","1010","",""
"1010","1010","5600421552302622","default","2026-01-08 14:21:18","","2026-01-08 14:21:37","19","0","NORMAL_CLEARING","39bd4f46-9a1f-4626-a747-23045c5e7418","","1010","",""
"1010","1010","5600972567301988","default","2026-01-08 14:21:18","","2026-01-08 14:21:37","19","0","NORMAL_CLEARING","243883bb-7fc8-4324-a97c-d3b1c4b59416","","1010","",""
"1010","1010","5600421552302622","default","2026-01-08 14:21:23","","2026-01-08 14:21:40","17","0","NORMAL_CLEARING","7481eecb-6b3a-43b0-9f4c-3ad4811bb52c","","1010","",""
"1010","1010","5600972567301988","default","2026-01-08 14:21:23","","2026-01-08 14:21:41","18","0","NORMAL_CLEARING","043a77f5-a5ff-4d28-b8a2-cb62639f05f3","","1010","",""
"1010","1010","5600972567301988","default","2026-01-08 14:21:30","","2026-01-08 14:21:47","17","0","NORMAL_CLEARING","f56b75c3-e977-4f69-8ae3-b140c6f9afa5","","1010","",""
"1010","1010","5600421552302622","default","2026-01-08 14:21:30","","2026-01-08 14:21:47","17","0","NORMAL_CLEARING","189bb458-5e47-4759-b618-ca8d18eb8f2b","","1010","",""
"1010","1010","5700972567301988","default","2026-01-08 14:21:39","","2026-01-08 14:21:54","15","0","NORMAL_CLEARING","e6cb8018-4e7e-4c4d-8eaf-13c39ad1779e","","1010","",""
"1010","1010","5700421552302622","default","2026-01-08 14:21:39","","2026-01-08 14:21:54","15","0","NORMAL_CLEARING","03e0e99c-3a2c-4789-884c-e2a15f8b959c","","1010","",""
"1010","1010","5700421552302622","default","2026-01-08 14:21:41","","2026-01-08 14:21:56","15","0","NORMAL_CLEARING","be2a12db-b1c1-4bc0-83cd-528d4be0d90d","","1010","",""
"1010","1010","5700421552302622","default","2026-01-08 14:21:41","","2026-01-08 14:21:56","15","0","NORMAL_CLEARING","8b3a56c1-13f1-4211-bfc0-4e80132a2cbe","","1010","",""
"1010","1010","5700972567301988","default","2026-01-08 14:21:41","","2026-01-08 14:21:56","15","0","NORMAL_CLEARING","97ea1687-c6cb-4aed-aa38-9394ff45aafe","","1010","",""
"1010","1010","5700972567301988","default","2026-01-08 14:21:41","","2026-01-08 14:21:56","15","0","NORMAL_CLEARING","a835a310-978b-4dd6-b64e-758026140b62","","1010","",""
"1010","1010","5700421552302622","default","2026-01-08 14:21:46","","2026-01-08 14:22:00","14","0","NORMAL_CLEARING","6823f56d-6cb1-407a-83ae-c45d56dc07f0","","1010","",""
"1010","1010","5700972567301988","default","2026-01-08 14:21:46","","2026-01-08 14:22:00","14","0","NORMAL_CLEARING","d3cb7782-60f8-433f-b186-652dae61dfe9","","1010","",""
"1010","1010","5700421552302622","default","2026-01-08 14:21:53","","2026-01-08 14:22:06","13","0","NORMAL_CLEARING","3919c6a3-fd49-43a5-9a6a-f8e9f34e031f","","1010","",""
"1010","1010","5700972567301988","default","2026-01-08 14:21:53","","2026-01-08 14:22:07","14","0","NORMAL_CLEARING","cae4a9ae-1b89-444e-ad18-004c5777fbb4","","1010","",""
"1010","1010","5800421552302622","default","2026-01-08 14:22:01","","2026-01-08 14:22:16","15","0","NORMAL_CLEARING","78cf4ba5-9eeb-4dc7-be8b-ef9b4a76489b","","1010","",""
"1010","1010","5800972567301988","default","2026-01-08 14:22:01","","2026-01-08 14:22:16","15","0","NORMAL_CLEARING","84b11201-1a51-487b-81b3-849219143b11","","1010","",""
"1010","1010","5800972567301988","default","2026-01-08 14:22:03","","2026-01-08 14:22:18","15","0","NORMAL_CLEARING","cdc61e47-e26d-4cb3-a078-9034d356e3a8","","1010","",""
"1010","1010","5800421552302622","default","2026-01-08 14:22:03","","2026-01-08 14:22:18","15","0","NORMAL_CLEARING","425dd148-7d30-4728-a549-b57b19428d18","","1010","",""
"1010","1010","5800421552302622","default","2026-01-08 14:22:04","","2026-01-08 14:22:18","14","0","NORMAL_CLEARING","3f385125-553a-4096-b1c7-a6cff6b90cb3","","1010","",""
"1010","1010","5800972567301988","default","2026-01-08 14:22:04","","2026-01-08 14:22:18","14","0","NORMAL_CLEARING","07db5577-8bad-4519-8fd4-25490ef22499","","1010","",""
"1010","1010","5800421552302622","default","2026-01-08 14:22:08","","2026-01-08 14:22:22","14","0","NORMAL_CLEARING","a6c610f2-2f2b-4238-8f8e-5043499ddb32","","1010","",""
"1010","1010","5800972567301988","default","2026-01-08 14:22:08","","2026-01-08 14:22:22","14","0","NORMAL_CLEARING","4d3cb9cf-c4e3-44f8-83f2-546351ab1474","","1010","",""
"1010","1010","5800972567301988","default","2026-01-08 14:22:15","","2026-01-08 14:22:29","14","0","NORMAL_CLEARING","8122c4b0-5d37-47c5-914c-e11a944c773b","","1010","",""
"1010","1010","5800421552302622","default","2026-01-08 14:22:15","","2026-01-08 14:22:29","14","0","NORMAL_CLEARING","fb7d86ce-32ec-4d2d-8f48-bf16aac3d795","","1010","",""
"1010","1010","6300421552302622","default","2026-01-08 14:22:24","","2026-01-08 14:22:37","13","0","NORMAL_CLEARING","944897d5-227f-48f2-9d88-bfe9a746f83a","","1010","",""
"1010","1010","6300972567301988","default","2026-01-08 14:22:24","","2026-01-08 14:22:37","13","0","NORMAL_CLEARING","6e42317f-002e-4656-9c8f-b58018f44542","","1010","",""
"1010","1010","6300421552302622","default","2026-01-08 14:22:25","","2026-01-08 14:22:39","14","0","NORMAL_CLEARING","afec2dbe-cfb4-4847-a82b-e215e55fef1c","","1010","",""
"1010","1010","6300972567301988","default","2026-01-08 14:22:25","","2026-01-08 14:22:39","14","0","NORMAL_CLEARING","0c28e308-5ecc-4b50-b81d-13492562d513","","1010","",""
"1010","1010","6300421552302622","default","2026-01-08 14:22:26","","2026-01-08 14:22:39","13","0","NORMAL_CLEARING","dceb457a-cab5-47da-8d50-af8276a1422b","","1010","",""
"1010","1010","6300972567301988","default","2026-01-08 14:22:26","","2026-01-08 14:22:39","13","0","NORMAL_CLEARING","98e1d280-f9f0-4b75-8eac-e6adb65f11b2","","1010","",""
"1010","1010","6300972567301988","default","2026-01-08 14:22:30","","2026-01-08 14:22:44","14","0","NORMAL_CLEARING","d7960925-9a15-4728-8f01-7f1108f9e1fe","","1010","",""
"1010","1010","6300421552302622","default","2026-01-08 14:22:30","","2026-01-08 14:22:44","14","0","NORMAL_CLEARING","fcbc1133-de10-46e5-bdfe-67e60743888e","","1010","",""
"1010","1010","6300421552302622","default","2026-01-08 14:22:37","","2026-01-08 14:22:52","15","0","NORMAL_CLEARING","741614da-a6de-4ec4-8839-101771a09720","","1010","",""
"1010","1010","6300972567301988","default","2026-01-08 14:22:37","","2026-01-08 14:22:52","15","0","NORMAL_CLEARING","b75aa5d5-83c3-443f-ae24-4009ac530c4f","","1010","",""
"1010","1010","6400421552302622","default","2026-01-08 14:22:46","","2026-01-08 14:22:59","13","0","NORMAL_CLEARING","c8197992-62d0-4045-9d48-1e5617f6dfc9","","1010","",""
"1010","1010","6400972567301988","default","2026-01-08 14:22:46","","2026-01-08 14:22:59","13","0","NORMAL_CLEARING","d2473b9c-6de5-4753-8adc-7f23a6f0adda","","1010","",""
"1010","1010","6400421552302622","default","2026-01-08 14:22:48","","2026-01-08 14:23:00","12","0","NORMAL_CLEARING","e0c60eb8-3074-4c31-ae46-771deaeda9a0","","1010","",""
"1010","1010","6400972567301988","default","2026-01-08 14:22:48","","2026-01-08 14:23:01","13","0","NORMAL_CLEARING","9de959ed-82f2-4d02-a498-ca293880e16e","","1010","",""
"1010","1010","6400421552302622","default","2026-01-08 14:22:48","","2026-01-08 14:23:01","13","0","NORMAL_CLEARING","56118cff-8257-40e5-b069-3274524447e6","","1010","",""
"1010","1010","6400972567301988","default","2026-01-08 14:22:48","","2026-01-08 14:23:02","14","0","NORMAL_CLEARING","27bad5c1-72a3-4562-8bc8-911c9db23e16","","1010","",""
"1010","1010","6400421552302622","default","2026-01-08 14:22:53","","2026-01-08 14:23:05","12","0","NORMAL_CLEARING","d9324bf9-7aa0-44cb-a731-71eaee19daa5","","1010","",""
"1010","1010","6400972567301988","default","2026-01-08 14:22:53","","2026-01-08 14:23:05","12","0","NORMAL_CLEARING","febce84d-a0e5-420f-9edc-2732643da6e4","","1010","",""
"1010","1010","6400972567301988","default","2026-01-08 14:23:00","","2026-01-08 14:23:13","13","0","NORMAL_CLEARING","87bce991-2303-4f40-97f9-5d0fd765b1c4","","1010","",""
"1010","1010","6400421552302622","default","2026-01-08 14:23:00","","2026-01-08 14:23:13","13","0","NORMAL_CLEARING","a3c7402c-525b-4a1d-91e2-6152f56417df","","1010","",""
"1010","1010","6700421552302622","default","2026-01-08 14:23:08","","2026-01-08 14:23:23","15","0","NORMAL_CLEARING","a00f09b4-6027-4ec6-922b-e83a5ecaea05","","1010","",""
"1010","1010","6700972567301988","default","2026-01-08 14:23:08","","2026-01-08 14:23:23","15","0","NORMAL_CLEARING","ba2c85d2-dc1f-443a-83f9-ae8540821a4b","","1010","",""
"1010","1010","6700972567301988","default","2026-01-08 14:23:10","","2026-01-08 14:23:24","14","0","NORMAL_CLEARING","3693fe36-6030-4064-b764-7c02adceba44","","1010","",""
"1010","1010","6700421552302622","default","2026-01-08 14:23:10","","2026-01-08 14:23:25","15","0","NORMAL_CLEARING","73c67261-b86d-4bfd-94b7-9065be564a59","","1010","",""
"1010","1010","6700421552302622","default","2026-01-08 14:23:10","","2026-01-08 14:23:25","15","0","NORMAL_CLEARING","2079fad5-724a-4b7f-a816-1310a95d3de4","","1010","",""
"1010","1010","6700972567301988","default","2026-01-08 14:23:10","","2026-01-08 14:23:25","15","0","NORMAL_CLEARING","23e2bc93-bc48-47ef-8a77-f5b35b6c5972","","1010","",""
"1010","1010","6700421552302622","default","2026-01-08 14:23:15","","2026-01-08 14:23:30","15","0","NORMAL_CLEARING","0e698ab4-e9cf-419a-aa0e-8b7d3a3ad184","","1010","",""
"1010","1010","6700972567301988","default","2026-01-08 14:23:15","","2026-01-08 14:23:30","15","0","NORMAL_CLEARING","fb2e860d-af34-49e9-b05b-e0a2014a12f7","","1010","",""
"1010","1010","6700421552302622","default","2026-01-08 14:23:22","","2026-01-08 14:23:37","15","0","NORMAL_CLEARING","5911e869-3708-40c4-98c9-74819027b5c3","","1010","",""
"1010","1010","6700972567301988","default","2026-01-08 14:23:22","","2026-01-08 14:23:37","15","0","NORMAL_CLEARING","ac55fdda-fc17-4956-ad8a-ab94bccd318b","","1010","",""
"1010","1010","6900421552302622","default","2026-01-08 14:23:30","","2026-01-08 14:23:45","15","0","NORMAL_CLEARING","b7954b85-343f-4bd3-9539-6bb9e47ffdae","","1010","",""
"1010","1010","6900972567301988","default","2026-01-08 14:23:30","","2026-01-08 14:23:46","16","0","NORMAL_CLEARING","a030bef8-82a0-4cc6-8b84-ed5906f9d1f6","","1010","",""
"1010","1010","6900421552302622","default","2026-01-08 14:23:32","","2026-01-08 14:23:47","15","0","NORMAL_CLEARING","4ea4fb04-1b2c-4afe-9f19-37fad5a3d09b","","1010","",""
"1010","1010","6900972567301988","default","2026-01-08 14:23:32","","2026-01-08 14:23:47","15","0","NORMAL_CLEARING","d0feecb2-8de6-4ecb-a1e9-1e9830b18941","","1010","",""
"1010","1010","6900972567301988","default","2026-01-08 14:23:33","","2026-01-08 14:23:48","15","0","NORMAL_CLEARING","6462d325-4284-49cb-a48c-a7a078c0743d","","1010","",""
"1010","1010","6900421552302622","default","2026-01-08 14:23:33","","2026-01-08 14:23:48","15","0","NORMAL_CLEARING","6d25798a-1250-4c4b-9ee1-04c80c7ace25","","1010","",""
"1010","1010","6900421552302622","default","2026-01-08 14:23:37","","2026-01-08 14:23:53","16","0","NORMAL_CLEARING","8a255488-c2de-41b5-90c3-f2dfa6601e12","","1010","",""
"1010","1010","6900972567301988","default","2026-01-08 14:23:37","","2026-01-08 14:23:54","17","0","NORMAL_CLEARING","829af07c-4469-490e-b68d-00e0bdaf8a94","","1010","",""
"1010","1010","6900421552302622","default","2026-01-08 14:23:44","","2026-01-08 14:24:01","17","0","NORMAL_CLEARING","2bf6c59e-edd9-4a3a-a1ae-290407a4d654","","1010","",""
"1010","1010","6900972567301988","default","2026-01-08 14:23:44","","2026-01-08 14:24:01","17","0","NORMAL_CLEARING","a8cd0eed-58bb-4c6c-9f83-92acbaf80f22","","1010","",""
"1010","1010","0810972567301988","default","2026-01-08 14:23:53","","2026-01-08 14:24:09","16","0","NORMAL_CLEARING","c99060d9-e78c-4646-97a0-1b2ce71dcba6","","1010","",""
"1010","1010","0810421552302622","default","2026-01-08 14:23:53","","2026-01-08 14:24:09","16","0","NORMAL_CLEARING","1f64647a-9631-4a78-bff4-0e119cad8932","","1010","",""
"1010","1010","0810421552302622","default","2026-01-08 14:23:54","","2026-01-08 14:24:10","16","0","NORMAL_CLEARING","043f85c5-3ff3-4794-a00d-56128744e6bd","","1010","",""
"1010","1010","0810972567301988","default","2026-01-08 14:23:54","","2026-01-08 14:24:10","16","0","NORMAL_CLEARING","8e8d909c-03c6-439d-91de-698b7d07b34c","","1010","",""
"1010","1010","0810972567301988","default","2026-01-08 14:23:55","","2026-01-08 14:24:11","16","0","NORMAL_CLEARING","205c9e64-e3e4-4554-bfbd-4533b717e624","","1010","",""
"1010","1010","0810421552302622","default","2026-01-08 14:23:55","","2026-01-08 14:24:11","16","0","NORMAL_CLEARING","34339404-0908-426d-bdd1-99f5e62ae67c","","1010","",""
"1010","1010","0810421552302622","default","2026-01-08 14:23:59","","2026-01-08 14:24:15","16","0","NORMAL_CLEARING","f7605b47-78d5-4a9d-8e90-91c116ec9982","","1010","",""
"1010","1010","0810972567301988","default","2026-01-08 14:23:59","","2026-01-08 14:24:15","16","0","NORMAL_CLEARING","23f629b5-fb73-4d2a-b522-e81c56b86596","","1010","",""
"1010","1010","0810421552302622","default","2026-01-08 14:24:06","","2026-01-08 14:24:22","16","0","NORMAL_CLEARING","edd51d3e-ba74-45e9-8a44-96882ad51112","","1010","",""
"1010","1010","0810972567301988","default","2026-01-08 14:24:06","","2026-01-08 14:24:22","16","0","NORMAL_CLEARING","98816034-6e92-4b67-b60a-1beb8071a61d","","1010","",""
"1010","1010","009810421552302622","default","2026-01-08 14:24:15","","2026-01-08 14:24:32","17","0","NORMAL_CLEARING","db5887a0-4587-45d0-8df3-5f128344c237","","1010","",""
"1010","1010","009810972567301988","default","2026-01-08 14:24:15","","2026-01-08 14:24:32","17","0","NORMAL_CLEARING","c1348c7f-466e-45de-87c7-3cb3b65cceb1","","1010","",""
"1010","1010","009810972567301988","default","2026-01-08 14:24:17","","2026-01-08 14:24:33","16","0","NORMAL_CLEARING","be8269d9-e40a-4352-a291-ef5a6bb59502","","1010","",""
"1010","1010","009810421552302622","default","2026-01-08 14:24:17","","2026-01-08 14:24:33","16","0","NORMAL_CLEARING","be6f162d-f5e6-4d20-b328-f37cf64a3efd","","1010","",""
"1010","1010","009810972567301988","default","2026-01-08 14:24:17","","2026-01-08 14:24:34","17","0","NORMAL_CLEARING","336aa325-d5af-4087-89b3-7cbffe496a17","","1010","",""
"1010","1010","009810421552302622","default","2026-01-08 14:24:17","","2026-01-08 14:24:34","17","0","NORMAL_CLEARING","bbfa049e-007d-4f00-9f3c-0951b64b1fea","","1010","",""
"1010","1010","009810972567301988","default","2026-01-08 14:24:22","","2026-01-08 14:24:37","15","0","NORMAL_CLEARING","548ce4d5-d3fa-44ad-8df2-3367210606a9","","1010","",""
"1010","1010","009810421552302622","default","2026-01-08 14:24:22","","2026-01-08 14:24:38","16","0","NORMAL_CLEARING","3efdaa65-b8d1-4dd6-8641-a01a9b81e779","","1010","",""
"1010","1010","009810972567301988","default","2026-01-08 14:24:29","","2026-01-08 14:24:43","14","0","NORMAL_CLEARING","3abe5068-63c8-4ff0-b9c9-5cdf6d929931","","1010","",""
"1010","1010","009810421552302622","default","2026-01-08 14:24:29","","2026-01-08 14:24:43","14","0","NORMAL_CLEARING","f2caaaf3-6407-46f7-ae3d-0fd422c0caaa","","1010","",""
"1010","1010","1012972567301988","default","2026-01-08 14:24:37","","2026-01-08 14:24:51","14","0","NORMAL_CLEARING","b402d8b4-4d7b-4f77-9c41-52f06c1323a7","","1010","",""
"1010","1010","1012421552302622","default","2026-01-08 14:24:37","","2026-01-08 14:24:51","14","0","NORMAL_CLEARING","dd9802bc-68f1-462a-a534-f73b5b375b9f","","1010","",""
"1010","1010","1012421552302622","default","2026-01-08 14:24:39","","2026-01-08 14:24:52","13","0","NORMAL_CLEARING","4a2c4e82-cfcd-4afa-a89a-23c13526b49d","","1010","",""
"1010","1010","1012972567301988","default","2026-01-08 14:24:39","","2026-01-08 14:24:52","13","0","NORMAL_CLEARING","e0ea201e-c5b3-43f1-a5e8-6419aed7282a","","1010","",""
"1010","1010","1012972567301988","default","2026-01-08 14:24:39","","2026-01-08 14:24:52","13","0","NORMAL_CLEARING","ba5f7e22-5a6f-46e5-a85e-b05dc40f9a56","","1010","",""
"1010","1010","1012421552302622","default","2026-01-08 14:24:39","","2026-01-08 14:24:52","13","0","NORMAL_CLEARING","bdd78c00-4abd-48a1-ab66-83eb72185705","","1010","",""
"1010","1010","1012972567301988","default","2026-01-08 14:24:44","","2026-01-08 14:24:57","13","0","NORMAL_CLEARING","37885ee6-5418-4d7e-8f89-4146411c9300","","1010","",""
"1010","1010","1012421552302622","default","2026-01-08 14:24:44","","2026-01-08 14:24:57","13","0","NORMAL_CLEARING","6c12dc3c-4379-44c0-b973-04b9ec6bd43a","","1010","",""
"1010","1010","1012972567301988","default","2026-01-08 14:24:51","","2026-01-08 14:25:05","14","0","NORMAL_CLEARING","6b4dc573-9e1f-4c98-81ad-79f67966ac3d","","1010","",""
"1010","1010","1012421552302622","default","2026-01-08 14:24:51","","2026-01-08 14:25:05","14","0","NORMAL_CLEARING","d67677d5-4ce8-4200-ad05-03686aedb002","","1010","",""
"1010","1010","330972567301988","default","2026-01-08 14:25:00","","2026-01-08 14:25:14","14","0","NORMAL_CLEARING","b81f6d0e-57ab-42b7-a3b7-73539ee59c33","","1010","",""
"1010","1010","330421552302622","default","2026-01-08 14:25:00","","2026-01-08 14:25:15","15","0","NORMAL_CLEARING","4bb6ba9c-d38c-476c-b7d9-1d487729896d","","1010","",""
"1010","1010","330972567301988","default","2026-01-08 14:25:01","","2026-01-08 14:25:16","15","0","NORMAL_CLEARING","7f4c3c37-aadf-4aed-9563-939e03d6aaf9","","1010","",""
"1010","1010","330421552302622","default","2026-01-08 14:25:01","","2026-01-08 14:25:16","15","0","NORMAL_CLEARING","31a6efd3-ba44-46ff-a92d-59b46d28d5b6","","1010","",""
"1010","1010","330421552302622","default","2026-01-08 14:25:02","","2026-01-08 14:25:16","14","0","NORMAL_CLEARING","4e7dad90-8589-4f32-9ccc-a8625925dbf2","","1010","",""
"1010","1010","330972567301988","default","2026-01-08 14:25:03","","2026-01-08 14:25:17","14","0","NORMAL_CLEARING","6ad9593e-9d18-4806-b707-7141c325582a","","1010","",""
"1010","1010","330421552302622","default","2026-01-08 14:25:05","","2026-01-08 14:25:19","14","0","NORMAL_CLEARING","85f20d5a-fcad-4692-be4a-92dea051f6d5","","1010","",""
"1010","1010","330972567301988","default","2026-01-08 14:25:05","","2026-01-08 14:25:19","14","0","NORMAL_CLEARING","a6c9b101-ac27-461b-9486-90c591cc22d3","","1010","",""
"1010","1010","330972567301988","default","2026-01-08 14:25:14","","2026-01-08 14:25:28","14","0","NORMAL_CLEARING","95264f15-0597-4153-b4dc-1b5d4a6825e9","","1010","",""
"1010","1010","330421552302622","default","2026-01-08 14:25:14","","2026-01-08 14:25:29","15","0","NORMAL_CLEARING","78c1fb29-f4f8-457e-8f76-b8c4bbe9980d","","1010","",""
"1010","1010","9017421552302622","default","2026-01-08 14:25:22","","2026-01-08 14:25:36","14","0","NORMAL_CLEARING","4a1b7a8b-0fc7-4b5f-be95-770b5084508e","","1010","",""
"1010","1010","9017972567301988","default","2026-01-08 14:25:22","","2026-01-08 14:25:36","14","0","NORMAL_CLEARING","97ff60ea-c24b-43db-b1ba-d59698909c8d","","1010","",""
"1010","1010","9017972567301988","default","2026-01-08 14:25:24","","2026-01-08 14:25:38","14","0","NORMAL_CLEARING","fd8e5ddf-ec30-4648-9183-c81423dc0eb5","","1010","",""
"1010","1010","9017421552302622","default","2026-01-08 14:25:24","","2026-01-08 14:25:38","14","0","NORMAL_CLEARING","06cec7ff-9dcd-485a-8599-62f133347bdb","","1010","",""
"1010","1010","9017972567301988","default","2026-01-08 14:25:24","","2026-01-08 14:25:38","14","0","NORMAL_CLEARING","5810d68c-de24-4932-b4ee-9cced13fd1f7","","1010","",""
"1010","1010","9017421552302622","default","2026-01-08 14:25:24","","2026-01-08 14:25:38","14","0","NORMAL_CLEARING","f1b31a37-b110-4537-9d4f-f7ef8cffed98","","1010","",""
"1010","1010","9017972567301988","default","2026-01-08 14:25:28","","2026-01-08 14:25:42","14","0","NORMAL_CLEARING","4b360ba0-608c-4d88-b43b-06d907b552ec","","1010","",""
"1010","1010","9017421552302622","default","2026-01-08 14:25:28","","2026-01-08 14:25:42","14","0","NORMAL_CLEARING","b7723724-8126-417d-809b-5b6ef8a13625","","1010","",""
"1010","1010","9017421552302622","default","2026-01-08 14:25:37","","2026-01-08 14:25:52","15","0","NORMAL_CLEARING","dc5b77a6-b437-49b8-92e4-74e85b23d043","","1010","",""
"1010","1010","9017972567301988","default","2026-01-08 14:25:37","","2026-01-08 14:25:52","15","0","NORMAL_CLEARING","f6e0e1b1-d9f8-4308-9967-7e5dc08cec73","","1010","",""
"1010","1010","9018421552302622","default","2026-01-08 14:25:44","","2026-01-08 14:26:00","16","0","NORMAL_CLEARING","b3d6f97b-37e0-465a-b0b6-7e908d590db0","","1010","",""
"1010","1010","9018972567301988","default","2026-01-08 14:25:44","","2026-01-08 14:26:00","16","0","NORMAL_CLEARING","1948947a-cf0d-41ad-b5f1-f0e298a2b01f","","1010","",""
"1010","1010","9018421552302622","default","2026-01-08 14:25:46","","2026-01-08 14:26:02","16","0","NORMAL_CLEARING","6f1a6ae2-4321-43a0-bc95-7149228a3163","","1010","",""
"1010","1010","9018421552302622","default","2026-01-08 14:25:46","","2026-01-08 14:26:02","16","0","NORMAL_CLEARING","a2396cc8-3149-4354-80db-39ec8460be62","","1010","",""
"1010","1010","9018972567301988","default","2026-01-08 14:25:46","","2026-01-08 14:26:02","16","0","NORMAL_CLEARING","404990d0-af0f-40e9-b05d-b2b7c2427698","","1010","",""
"1010","1010","9018972567301988","default","2026-01-08 14:25:46","","2026-01-08 14:26:02","16","0","NORMAL_CLEARING","ce3ef590-4e0b-408b-962a-0f6f8c847577","","1010","",""
"1010","1010","9018421552302622","default","2026-01-08 14:25:50","","2026-01-08 14:26:06","16","0","NORMAL_CLEARING","5bc62b8a-1657-42eb-8c32-305732b6ad41","","1010","",""
"1010","1010","9018972567301988","default","2026-01-08 14:25:50","","2026-01-08 14:26:06","16","0","NORMAL_CLEARING","67d1cdf3-ef31-471f-a2d4-d7a5b0e9cd90","","1010","",""
"1010","1010","9018421552302622","default","2026-01-08 14:25:59","","2026-01-08 14:26:13","14","0","NORMAL_CLEARING","40837e03-69a6-4ef6-b68e-447f80269aee","","1010","",""
"1010","1010","9018972567301988","default","2026-01-08 14:25:59","","2026-01-08 14:26:14","15","0","NORMAL_CLEARING","92b92f3a-8812-4785-8691-089d030c6755","","1010","",""
"1010","1010","20972567301988","default","2026-01-08 14:26:07","","2026-01-08 14:26:20","13","0","NORMAL_CLEARING","f2116bd0-34bb-4a67-82f2-41c0242bd96b","","1010","",""
"1010","1010","20421552302622","default","2026-01-08 14:26:07","","2026-01-08 14:26:21","14","0","NORMAL_CLEARING","aa314a1b-674d-44e4-909b-e7bbec84dffa","","1010","",""
"1010","1010","20972567301988","default","2026-01-08 14:26:09","","2026-01-08 14:26:22","13","0","NORMAL_CLEARING","4fcd9c77-85d0-41b8-8009-8642c5894fd7","","1010","",""
"1010","1010","20421552302622","default","2026-01-08 14:26:09","","2026-01-08 14:26:22","13","0","NORMAL_CLEARING","8bbbb986-41f3-484e-bd2c-7d82f69132c1","","1010","",""
"1010","1010","20972567301988","default","2026-01-08 14:26:09","","2026-01-08 14:26:22","13","0","NORMAL_CLEARING","f76b1edd-b432-4ef6-9891-9d21f72de9b8","","1010","",""
"1010","1010","20421552302622","default","2026-01-08 14:26:09","","2026-01-08 14:26:22","13","0","NORMAL_CLEARING","902f5feb-21db-4e7b-9df8-dc8bd1ad016a","","1010","",""
"1010","1010","20421552302622","default","2026-01-08 14:26:13","","2026-01-08 14:26:26","13","0","NORMAL_CLEARING","34ec9298-1961-4758-9406-b971afb9ca2c","","1010","",""
"1010","1010","20972567301988","default","2026-01-08 14:26:13","","2026-01-08 14:26:26","13","0","NORMAL_CLEARING","ee96e250-c2fb-445f-b101-ffb9e5c5a02e","","1010","",""
"1010","1010","20972567301988","default","2026-01-08 14:26:21","","2026-01-08 14:26:35","14","0","NORMAL_CLEARING","c77ae893-f1b2-48fc-9258-7898ea5a0b5b","","1010","",""
"1010","1010","20421552302622","default","2026-01-08 14:26:21","","2026-01-08 14:26:35","14","0","NORMAL_CLEARING","c5c3dfb0-8053-4c09-b5c6-55ab7be4d0d9","","1010","",""
"1010","1010","30972567301988","default","2026-01-08 14:26:29","","2026-01-08 14:26:43","14","0","NORMAL_CLEARING","737d7b69-9966-4f46-afb1-32897d1c9e5f","","1010","",""
"1010","1010","30421552302622","default","2026-01-08 14:26:29","","2026-01-08 14:26:44","15","0","NORMAL_CLEARING","a75e363c-f387-4af4-b92a-97d1fb258165","","1010","",""
"1010","1010","30972567301988","default","2026-01-08 14:26:31","","2026-01-08 14:26:45","14","0","NORMAL_CLEARING","8c820b6b-d77d-45a4-8aec-096ce1937f6a","","1010","",""
"1010","1010","30972567301988","default","2026-01-08 14:26:31","","2026-01-08 14:26:45","14","0","NORMAL_CLEARING","6ad814d7-32c4-4b79-b23b-ace145699469","","1010","",""
"1010","1010","30421552302622","default","2026-01-08 14:26:31","","2026-01-08 14:26:45","14","0","NORMAL_CLEARING","40f63fad-fa0a-4b34-90ab-8827a7cd2811","","1010","",""
"1010","1010","30421552302622","default","2026-01-08 14:26:31","","2026-01-08 14:26:45","14","0","NORMAL_CLEARING","2e3b5f6d-3c2c-4a7d-b4e3-7d07a1450229","","1010","",""
"1010","1010","30972567301988","default","2026-01-08 14:26:35","","2026-01-08 14:26:49","14","0","NORMAL_CLEARING","2ec26b14-f96b-4a7f-9a4b-09447126ba98","","1010","",""
"1010","1010","30421552302622","default","2026-01-08 14:26:35","","2026-01-08 14:26:49","14","0","NORMAL_CLEARING","e15262a1-a57f-4814-b2c5-f0b1e6640cfd","","1010","",""
"1010","1010","30421552302622","default","2026-01-08 14:26:44","","2026-01-08 14:26:56","12","0","NORMAL_CLEARING","52573db8-9a00-435f-9a46-b83e674bb7aa","","1010","",""
"1010","1010","30972567301988","default","2026-01-08 14:26:44","","2026-01-08 14:26:56","12","0","NORMAL_CLEARING","ebab672a-0a5d-49b3-938a-1fec51c2ceb2","","1010","",""
"1010","1010","50421552302622","default","2026-01-08 14:26:51","","2026-01-08 14:27:04","13","0","NORMAL_CLEARING","efd77e35-d482-4602-97dd-4c0be1031f5e","","1010","",""
"1010","1010","50972567301988","default","2026-01-08 14:26:51","","2026-01-08 14:27:04","13","0","NORMAL_CLEARING","415f36bb-9a5a-488a-8bb7-56325bd4cba2","","1010","",""
"1010","1010","50972567301988","default","2026-01-08 14:26:53","","2026-01-08 14:27:06","13","0","NORMAL_CLEARING","2f875c58-4187-4252-b852-d56f5a8592e3","","1010","",""
"1010","1010","50972567301988","default","2026-01-08 14:26:53","","2026-01-08 14:27:06","13","0","NORMAL_CLEARING","204b82f1-ceb7-4221-931b-3dd98cad6c36","","1010","",""
"1010","1010","50421552302622","default","2026-01-08 14:26:53","","2026-01-08 14:27:06","13","0","NORMAL_CLEARING","b11100c1-4daf-4874-b612-593188e53149","","1010","",""
"1010","1010","50421552302622","default","2026-01-08 14:26:53","","2026-01-08 14:27:06","13","0","NORMAL_CLEARING","056402e2-d2cc-42eb-a3ab-3180801c0126","","1010","",""
"1010","1010","50421552302622","default","2026-01-08 14:26:57","","2026-01-08 14:27:10","13","0","NORMAL_CLEARING","b977d28d-a83d-4457-a5e2-f802f1148ea6","","1010","",""
"1010","1010","50972567301988","default","2026-01-08 14:26:57","","2026-01-08 14:27:10","13","0","NORMAL_CLEARING","f21aea81-a28c-4346-a73d-14e035f2ac25","","1010","",""
"1010","1010","50421552302622","default","2026-01-08 14:27:06","","2026-01-08 14:27:19","13","0","NORMAL_CLEARING","9cceab79-3e9e-440a-adbe-2525f4bdacad","","1010","",""
"1010","1010","50972567301988","default","2026-01-08 14:27:06","","2026-01-08 14:27:19","13","0","NORMAL_CLEARING","53b44354-b5f4-45ce-b9fc-bead694fbd4d","","1010","",""
"1010","1010","60972567301988","default","2026-01-08 14:27:14","","2026-01-08 14:27:28","14","0","NORMAL_CLEARING","66c4bd76-ff63-441b-a8f1-80318b2b29ef","","1010","",""
"1010","1010","60421552302622","default","2026-01-08 14:27:14","","2026-01-08 14:27:29","15","0","NORMAL_CLEARING","8dd93a77-683c-471e-b5fb-c2c12d94867b","","1010","",""
"1010","1010","60972567301988","default","2026-01-08 14:27:15","","2026-01-08 14:27:31","16","0","NORMAL_CLEARING","1d0b3a39-0024-4575-9ad7-8b311e7513b1","","1010","",""
"1010","1010","60421552302622","default","2026-01-08 14:27:15","","2026-01-08 14:27:31","16","0","NORMAL_CLEARING","9b307ec2-bad3-4922-af70-ae6de3594eae","","1010","",""
"1010","1010","60972567301988","default","2026-01-08 14:27:15","","2026-01-08 14:27:31","16","0","NORMAL_CLEARING","447e76d8-6cd1-4b77-bd2b-bae7a9c7ae28","","1010","",""
"1010","1010","60421552302622","default","2026-01-08 14:27:15","","2026-01-08 14:27:31","16","0","NORMAL_CLEARING","d88ad950-747a-4a74-9136-77415f6ea67b","","1010","",""
"1010","1010","60421552302622","default","2026-01-08 14:27:20","","2026-01-08 14:27:35","15","0","NORMAL_CLEARING","fcd1e5d4-4a80-4c07-abd4-a4342f02695b","","1010","",""
"1010","1010","60972567301988","default","2026-01-08 14:27:20","","2026-01-08 14:27:35","15","0","NORMAL_CLEARING","1ee1b60a-7553-4508-93df-0d2f61096d94","","1010","",""
"1010","1010","60972567301988","default","2026-01-08 14:27:28","","2026-01-08 14:27:38","10","0","MANAGER_REQUEST","c9977be7-8824-4043-bd26-f7d53d4d6591","","1010","",""
"1010","1010","70972567301988","default","2026-01-08 14:27:36","","2026-01-08 14:27:38","2","0","MANAGER_REQUEST","97c98c79-02f4-4574-b7b3-ce50e6b48d62","","1010","",""
"1010","1010","70421552302622","default","2026-01-08 14:27:36","","2026-01-08 14:27:37","1","0","MANAGER_REQUEST","04a2a763-58d0-48f4-b835-9255a18271c2","","1010","",""
"1010","1010","60421552302622","default","2026-01-08 14:27:28","","2026-01-08 14:27:38","10","0","MANAGER_REQUEST","4d1b6302-0790-472d-bf25-0bc5c456913f","","1010","",""
