"1013","1013","+421552302622","default","2026-01-08 13:26:43","","2026-01-08 13:26:57","14","0","CALL_REJECTED","d91f4293-cff9-45da-a096-0e53a7e4f73a","","1013","",""
"1013","1013","+972567301988","default","2026-01-08 13:26:43","","2026-01-08 13:26:57","14","0","CALL_REJECTED","5156bbf9-33d2-4b38-9bd3-d11391cc62af","","1013","",""
"1013","1013","+421552302622","default","2026-01-08 13:26:43","","2026-01-08 13:26:57","14","0","CALL_REJECTED","2707494c-ac2d-4ff0-a733-6d8418026202","","1013","",""
"1013","1013","+972567301988","default","2026-01-08 13:26:43","","2026-01-08 13:26:57","14","0","CALL_REJECTED","f1f726e4-2b80-43ba-a2cc-0a36675a52f3","","1013","",""
"1013","1013","+421552302622","default","2026-01-08 13:26:43","","2026-01-08 13:26:57","14","0","CALL_REJECTED","341952d8-7567-429f-8f1b-8799561e1ec7","","1013","",""
"1013","1013","+972567301988","default","2026-01-08 13:26:43","","2026-01-08 13:26:57","14","0","CALL_REJECTED","4bed9866-737e-4c70-b3c3-73c766af52e1","","1013","",""
"1013","1013","+972567301988","default","2026-01-08 13:26:43","","2026-01-08 13:26:57","14","0","CALL_REJECTED","274b0c8e-e704-4609-ba00-84cfcdd56475","","1013","",""
"1013","1013","+421552302622","default","2026-01-08 13:26:43","","2026-01-08 13:26:57","14","0","CALL_REJECTED","0d9e1b25-2158-494f-8f3b-bce83a4db883","","1013","",""
"1013","1013","+972567301988","default","2026-01-08 13:26:43","","2026-01-08 13:26:58","15","0","CALL_REJECTED","e39b2153-aada-432c-b745-5c6341733373","","1013","",""
"1013","1013","+421552302622","default","2026-01-08 13:26:43","","2026-01-08 13:26:58","15","0","CALL_REJECTED","5d2654f5-ee8e-4c1e-8107-e3b953f7ac42","","1013","",""
"1013","1013","+0421552302622","default","2026-01-08 13:27:05","","2026-01-08 13:27:18","13","0","UNALLOCATED_NUMBER","f64c3e3f-d718-4b9e-b40c-63cd72bafbc9","","1013","",""
"1013","1013","+0972567301988","default","2026-01-08 13:27:05","","2026-01-08 13:27:18","13","0","UNALLOCATED_NUMBER","c332241e-54b4-4e12-8653-0a163dc707be","","1013","",""
"1013","1013","+0972567301988","default","2026-01-08 13:27:05","","2026-01-08 13:27:18","13","0","UNALLOCATED_NUMBER","468894f3-0bfc-4a96-ae38-606faadc9693","","1013","",""
"1013","1013","+0421552302622","default","2026-01-08 13:27:05","","2026-01-08 13:27:18","13","0","UNALLOCATED_NUMBER","835837a1-64e9-475c-a3f3-47494257edf7","","1013","",""
"1013","1013","+0421552302622","default","2026-01-08 13:27:05","","2026-01-08 13:27:18","13","0","UNALLOCATED_NUMBER","77854b35-6f8f-4130-8969-7c45484be83a","","1013","",""
"1013","1013","+0972567301988","default","2026-01-08 13:27:05","","2026-01-08 13:27:18","13","0","UNALLOCATED_NUMBER","49b42353-2ac3-4d62-9a0a-0dfe060c68fa","","1013","",""
"1013","1013","+0972567301988","default","2026-01-08 13:27:05","","2026-01-08 13:27:18","13","0","UNALLOCATED_NUMBER","fd2c17e2-8d12-4dda-89f0-d85d34551bd8","","1013","",""
"1013","1013","+0972567301988","default","2026-01-08 13:27:05","","2026-01-08 13:27:18","13","0","UNALLOCATED_NUMBER","5f0cf848-10bb-4627-8174-da2492e5f963","","1013","",""
"1013","1013","+0421552302622","default","2026-01-08 13:27:05","","2026-01-08 13:27:18","13","0","UNALLOCATED_NUMBER","a39b1acb-41cf-4fc3-947b-77ca90e3f6ad","","1013","",""
"1013","1013","+0421552302622","default","2026-01-08 13:27:05","","2026-01-08 13:27:19","14","0","UNALLOCATED_NUMBER","e800031d-6949-4e75-9366-bcb157b95219","","1013","",""
"1013","1013","0+421552302622","default","2026-01-08 13:27:27","","2026-01-08 13:27:38","11","0","NORMAL_CLEARING","2ebb172a-068f-498c-8e29-97b683033128","","1013","",""
"1013","1013","0+972567301988","default","2026-01-08 13:27:27","","2026-01-08 13:27:38","11","0","NORMAL_CLEARING","1eed388d-07e7-4263-8f00-eaaeb52c0777","","1013","",""
"1013","1013","0+421552302622","default","2026-01-08 13:27:27","","2026-01-08 13:27:39","12","0","NORMAL_CLEARING","fe569c94-139a-4823-845a-ae2d3fa450cd","","1013","",""
"1013","1013","0+972567301988","default","2026-01-08 13:27:27","","2026-01-08 13:27:39","12","0","NORMAL_CLEARING","f3b15448-c0ea-4c0b-a728-2dcfe1df0fb0","","1013","",""
"1013","1013","0+972567301988","default","2026-01-08 13:27:27","","2026-01-08 13:27:39","12","0","NORMAL_CLEARING","c930a383-a504-4f27-952a-4dde141b4c45","","1013","",""
"1013","1013","0+421552302622","default","2026-01-08 13:27:27","","2026-01-08 13:27:39","12","0","NORMAL_CLEARING","bb7246f9-ef88-4242-9010-d8993582f85c","","1013","",""
"1013","1013","0+421552302622","default","2026-01-08 13:27:28","","2026-01-08 13:27:39","11","0","NORMAL_CLEARING","6632bf44-eee5-4d73-9a7c-6985e4371e06","","1013","",""
"1013","1013","0+972567301988","default","2026-01-08 13:27:28","","2026-01-08 13:27:39","11","0","NORMAL_CLEARING","52b43a0c-56f3-474f-afbf-1359b4954e7f","","1013","",""
"1013","1013","0+972567301988","default","2026-01-08 13:27:28","","2026-01-08 13:27:39","11","0","NORMAL_CLEARING","40592207-85a7-4f71-a49f-c5487f46803d","","1013","",""
"1013","1013","0+421552302622","default","2026-01-08 13:27:28","","2026-01-08 13:27:39","11","0","NORMAL_CLEARING","20b9e770-209c-487b-b704-e5addc3a669e","","1013","",""
"1013","1013","+00972567301988","default","2026-01-08 13:27:49","","2026-01-08 13:28:01","12","0","UNALLOCATED_NUMBER","f8e9b7a0-7aaa-4236-af7f-627bcae00fd3","","1013","",""
"1013","1013","+00421552302622","default","2026-01-08 13:27:49","","2026-01-08 13:28:01","12","0","UNALLOCATED_NUMBER","7a1e053d-4f7f-4156-b20a-dc3a6c23ef68","","1013","",""
"1013","1013","+00972567301988","default","2026-01-08 13:27:49","","2026-01-08 13:28:01","12","0","UNALLOCATED_NUMBER","e6ebb5d3-bf93-4ac0-8b9d-b46012f4887c","","1013","",""
"1013","1013","+00421552302622","default","2026-01-08 13:27:49","","2026-01-08 13:28:01","12","0","UNALLOCATED_NUMBER","252bc62a-b203-46a6-b4d5-cfcb06adee7f","","1013","",""
"1013","1013","+00421552302622","default","2026-01-08 13:27:49","","2026-01-08 13:28:01","12","0","UNALLOCATED_NUMBER","7266a11d-c3c9-45da-93d2-75089140bb03","","1013","",""
"1013","1013","+00972567301988","default","2026-01-08 13:27:49","","2026-01-08 13:28:01","12","0","UNALLOCATED_NUMBER","c0f95b07-6bbd-4f55-9ac3-291fc80aaa7a","","1013","",""
"1013","1013","+00972567301988","default","2026-01-08 13:27:50","","2026-01-08 13:28:01","11","0","UNALLOCATED_NUMBER","06342f68-dd32-420c-ae1d-b43b4d51ce35","","1013","",""
"1013","1013","+00421552302622","default","2026-01-08 13:27:50","","2026-01-08 13:28:01","11","0","UNALLOCATED_NUMBER","15ebca51-1529-455c-ad2f-f8fd08015247","","1013","",""
"1013","1013","+00421552302622","default","2026-01-08 13:27:50","","2026-01-08 13:28:01","11","0","UNALLOCATED_NUMBER","3695ba1f-e8d4-4c85-b87d-4fb406dfae18","","1013","",""
"1013","1013","+00972567301988","default","2026-01-08 13:27:50","","2026-01-08 13:28:01","11","0","UNALLOCATED_NUMBER","55930dff-3755-4b47-bfe9-af59337e1f21","","1013","",""
"1013","1013","972567301988","default","2026-01-08 13:28:12","","2026-01-08 13:28:24","12","0","CALL_REJECTED","cbf8a526-23f9-4074-89eb-174d82f8834b","","1013","",""
"1013","1013","972567301988","default","2026-01-08 13:28:11","","2026-01-08 13:28:24","13","0","CALL_REJECTED","c279e0eb-9fe3-4052-9c1e-b0db5c5c58bd","","1013","",""
"1013","1013","421552302622","default","2026-01-08 13:28:11","","2026-01-08 13:28:24","13","0","CALL_REJECTED","d5b19575-e49f-48fb-907e-62ec377ed22c","","1013","",""
"1013","1013","421552302622","default","2026-01-08 13:28:12","","2026-01-08 13:28:24","12","0","CALL_REJECTED","4eb52533-e7d2-403a-80a5-f001547081ed","","1013","",""
"1013","1013","972567301988","default","2026-01-08 13:28:12","","2026-01-08 13:28:24","12","0","CALL_REJECTED","0771359f-e36e-4f1d-ace6-8f27c0c5a888","","1013","",""
"1013","1013","421552302622","default","2026-01-08 13:28:12","","2026-01-08 13:28:24","12","0","CALL_REJECTED","220718cf-cf03-479f-8b7d-749a98f02874","","1013","",""
"1013","1013","972567301988","default","2026-01-08 13:28:12","","2026-01-08 13:28:25","13","0","CALL_REJECTED","b0f8076a-f24e-47a1-85c3-e40ce45aa536","","1013","",""
"1013","1013","972567301988","default","2026-01-08 13:28:12","","2026-01-08 13:28:25","13","0","CALL_REJECTED","406bd7f8-c447-4a67-a9ab-570a748389a0","","1013","",""
"1013","1013","421552302622","default","2026-01-08 13:28:12","","2026-01-08 13:28:25","13","0","CALL_REJECTED","4e69e6da-eb91-48c2-927b-4bbb19d88b4d","","1013","",""
"1013","1013","421552302622","default","2026-01-08 13:28:12","","2026-01-08 13:28:25","13","0","CALL_REJECTED","9f764777-9111-4edd-8e12-34bfa20e0d6b","","1013","",""
"1013","1013","*421552302622","default","2026-01-08 13:28:32","","2026-01-08 13:28:43","11","0","NORMAL_CLEARING","fc3d87f3-9720-40b2-95a2-cd292d55281d","","1013","",""
"1013","1013","*972567301988","default","2026-01-08 13:28:32","","2026-01-08 13:28:43","11","0","NORMAL_CLEARING","43370917-13f6-4cec-85fa-5f4ac14eacd3","","1013","",""
"1013","1013","*421552302622","default","2026-01-08 13:28:33","","2026-01-08 13:28:43","10","0","NORMAL_CLEARING","8ae6e318-097f-4cda-8530-1450a6ef76e1","","1013","",""
"1013","1013","*972567301988","default","2026-01-08 13:28:33","","2026-01-08 13:28:44","11","0","NORMAL_CLEARING","3b70ef59-c35a-4d0f-84c3-0e24fa865671","","1013","",""
"1013","1013","*421552302622","default","2026-01-08 13:28:34","","2026-01-08 13:28:44","10","0","NORMAL_CLEARING","c05f48e8-c455-4e18-b6fa-b4d06c04a4f5","","1013","",""
"1013","1013","*972567301988","default","2026-01-08 13:28:34","","2026-01-08 13:28:44","10","0","NORMAL_CLEARING","6436b8b5-9d84-491f-9451-32b3e1b5998b","","1013","",""
"1013","1013","*972567301988","default","2026-01-08 13:28:34","","2026-01-08 13:28:45","11","0","NORMAL_CLEARING","1671b3a7-9b4e-4d0e-8749-c1cc1e71020c","","1013","",""
"1013","1013","*421552302622","default","2026-01-08 13:28:34","","2026-01-08 13:28:45","11","0","NORMAL_CLEARING","6b41a59f-fbb0-4f3d-b253-9fc54dc8f765","","1013","",""
"1013","1013","*972567301988","default","2026-01-08 13:28:34","","2026-01-08 13:28:45","11","0","NORMAL_CLEARING","20d911d8-be21-443d-be04-3d28285c4a72","","1013","",""
"1013","1013","*421552302622","default","2026-01-08 13:28:34","","2026-01-08 13:28:45","11","0","NORMAL_CLEARING","367b3de6-1f6d-45ae-88a4-459a213ed34f","","1013","",""
"1013","1013","/972567301988","default","2026-01-08 13:28:54","","2026-01-08 13:29:05","11","0","NORMAL_CLEARING","fa40c994-1580-4af8-a6ef-222ee6be2a0a","","1013","",""
"1013","1013","/421552302622","default","2026-01-08 13:28:54","","2026-01-08 13:29:05","11","0","NORMAL_CLEARING","40344f79-30db-40a5-8511-bde90894bb25","","1013","",""
"1013","1013","/421552302622","default","2026-01-08 13:28:55","","2026-01-08 13:29:06","11","0","NORMAL_CLEARING","b1ce4ef8-1646-4bcc-897a-196b13dfad9c","","1013","",""
"1013","1013","/972567301988","default","2026-01-08 13:28:55","","2026-01-08 13:29:06","11","0","NORMAL_CLEARING","7f05a41d-f2e8-4e5c-9a52-84d082f5c49c","","1013","",""
"1013","1013","/972567301988","default","2026-01-08 13:28:56","","2026-01-08 13:29:06","10","0","NORMAL_CLEARING","fd375ded-c6ff-44e6-ba3f-99c870864566","","1013","",""
"1013","1013","/421552302622","default","2026-01-08 13:28:56","","2026-01-08 13:29:06","10","0","NORMAL_CLEARING","08b89470-392b-4f3b-b5c0-a38a6c015941","","1013","",""
"1013","1013","/421552302622","default","2026-01-08 13:28:56","","2026-01-08 13:29:07","11","0","NORMAL_CLEARING","2a657e47-3768-45fc-a488-15d95a0b970e","","1013","",""
"1013","1013","/972567301988","default","2026-01-08 13:28:56","","2026-01-08 13:29:07","11","0","NORMAL_CLEARING","562dd4a1-2f03-4dca-b1f7-c5fcaebf65f5","","1013","",""
"1013","1013","/421552302622","default","2026-01-08 13:28:56","","2026-01-08 13:29:07","11","0","NORMAL_CLEARING","8c785090-9388-4fbd-87f7-46a21250c982","","1013","",""
"1013","1013","/972567301988","default","2026-01-08 13:28:56","","2026-01-08 13:29:07","11","0","NORMAL_CLEARING","1f466d96-4c6d-4bcb-8fe1-77e1f52b7184","","1013","",""
"1013","1013","~972567301988","default","2026-01-08 13:29:16","","2026-01-08 13:29:27","11","0","NORMAL_CLEARING","91e1fd6d-2c41-4a5e-8568-8f7358e039d0","","1013","",""
"1013","1013","~421552302622","default","2026-01-08 13:29:16","","2026-01-08 13:29:27","11","0","NORMAL_CLEARING","031428dc-3792-4452-883c-f8fe04f21cb8","","1013","",""
"1013","1013","~421552302622","default","2026-01-08 13:29:17","","2026-01-08 13:29:28","11","0","NORMAL_CLEARING","4c2270a4-2603-444b-b7d6-f192b6970542","","1013","",""
"1013","1013","~972567301988","default","2026-01-08 13:29:17","","2026-01-08 13:29:28","11","0","NORMAL_CLEARING","f34eb2ec-7874-4dfc-abde-4dec7cded3cd","","1013","",""
"1013","1013","~421552302622","default","2026-01-08 13:29:18","","2026-01-08 13:29:28","10","0","NORMAL_CLEARING","fa47b6f3-59d1-4aaa-8ff2-437a54e53959","","1013","",""
"1013","1013","~972567301988","default","2026-01-08 13:29:18","","2026-01-08 13:29:28","10","0","NORMAL_CLEARING","fced41e8-4df3-436b-8915-87ff36547b19","","1013","",""
"1013","1013","~421552302622","default","2026-01-08 13:29:18","","2026-01-08 13:29:29","11","0","NORMAL_CLEARING","c4bc5630-5ca7-4ca5-b09a-e9a2396f188c","","1013","",""
"1013","1013","~972567301988","default","2026-01-08 13:29:18","","2026-01-08 13:29:29","11","0","NORMAL_CLEARING","94d1a5a8-bd4d-4cb2-9058-44b5a0953864","","1013","",""
"1013","1013","~972567301988","default","2026-01-08 13:29:18","","2026-01-08 13:29:29","11","0","NORMAL_CLEARING","f4ac916a-949a-4209-b88d-0e9ec8a89d6b","","1013","",""
"1013","1013","~421552302622","default","2026-01-08 13:29:18","","2026-01-08 13:29:29","11","0","NORMAL_CLEARING","3e97033a-6a58-4871-a7d9-85f36e474f80","","1013","",""
"1013","1013","!972567301988","default","2026-01-08 13:29:38","","2026-01-08 13:29:49","11","0","NORMAL_CLEARING","6faedcdd-ac12-4936-a2ab-ccb74e0d799c","","1013","",""
"1013","1013","!421552302622","default","2026-01-08 13:29:38","","2026-01-08 13:29:49","11","0","NORMAL_CLEARING","2d12ddae-d645-4f11-9de7-18193edeb00e","","1013","",""
"1013","1013","!421552302622","default","2026-01-08 13:29:39","","2026-01-08 13:29:50","11","0","NORMAL_CLEARING","8848d3f5-7713-4745-9e33-2cb20d623359","","1013","",""
"1013","1013","!972567301988","default","2026-01-08 13:29:39","","2026-01-08 13:29:50","11","0","NORMAL_CLEARING","0657f25f-44af-4f31-9fe4-a0083b320ae7","","1013","",""
"1013","1013","!421552302622","default","2026-01-08 13:29:40","","2026-01-08 13:29:51","11","0","NORMAL_CLEARING","c503f33f-c3d6-4fb8-b477-05c40a5ce6d1","","1013","",""
"1013","1013","!972567301988","default","2026-01-08 13:29:40","","2026-01-08 13:29:51","11","0","NORMAL_CLEARING","67227132-f2aa-4d68-9e2c-1e1a754ad8a4","","1013","",""
"1013","1013","!972567301988","default","2026-01-08 13:29:40","","2026-01-08 13:29:52","12","0","NORMAL_CLEARING","e38c3d67-d798-4739-a198-e1299174046d","","1013","",""
"1013","1013","!421552302622","default","2026-01-08 13:29:41","","2026-01-08 13:29:52","11","0","NORMAL_CLEARING","2255ea31-3d2c-48fd-8a2a-5ad9622b31a3","","1013","",""
"1013","1013","!421552302622","default","2026-01-08 13:29:40","","2026-01-08 13:29:52","12","0","NORMAL_CLEARING","a1bb9120-12fc-4f70-939a-849474f7bb79","","1013","",""
"1013","1013","!972567301988","default","2026-01-08 13:29:41","","2026-01-08 13:29:52","11","0","NORMAL_CLEARING","b7463ae8-4bc8-42a9-a895-2b37e899519b","","1013","",""
"1013","1013","#972567301988","default","2026-01-08 13:30:00","","2026-01-08 13:30:12","12","0","NORMAL_CLEARING","a2be854c-2369-42fe-a944-45bb018f4c0d","","1013","",""
"1013","1013","#421552302622","default","2026-01-08 13:30:00","","2026-01-08 13:30:12","12","0","NORMAL_CLEARING","b8912e20-8377-469e-998d-9865acf62ec5","","1013","",""
"1013","1013","#421552302622","default","2026-01-08 13:30:01","","2026-01-08 13:30:13","12","0","NORMAL_CLEARING","98f233e2-eea5-4e5f-a41f-555f29d19172","","1013","",""
"1013","1013","#972567301988","default","2026-01-08 13:30:01","","2026-01-08 13:30:13","12","0","NORMAL_CLEARING","f2902a80-f98f-4c65-b522-5ec2521eeef4","","1013","",""
"1013","1013","#972567301988","default","2026-01-08 13:30:02","","2026-01-08 13:30:14","12","0","NORMAL_CLEARING","d0c500f4-51fd-4562-ab77-c98cb62b3486","","1013","",""
"1013","1013","#421552302622","default","2026-01-08 13:30:02","","2026-01-08 13:30:14","12","0","NORMAL_CLEARING","b8d04715-6368-4182-abec-0c442b2d0313","","1013","",""
"1013","1013","#421552302622","default","2026-01-08 13:30:03","","2026-01-08 13:30:14","11","0","NORMAL_CLEARING","45b4cff3-a264-415b-af32-202a90ce29f2","","1013","",""
"1013","1013","#972567301988","default","2026-01-08 13:30:03","","2026-01-08 13:30:14","11","0","NORMAL_CLEARING","5c44d6a2-4f26-4472-9d45-6b31c4deba51","","1013","",""
"1013","1013","#972567301988","default","2026-01-08 13:30:03","","2026-01-08 13:30:14","11","0","NORMAL_CLEARING","efbc59e2-51fe-4636-af89-763969a795b4","","1013","",""
"1013","1013","#421552302622","default","2026-01-08 13:30:03","","2026-01-08 13:30:14","11","0","NORMAL_CLEARING","ad251c6a-80f3-4216-8922-c8b7f5fc0956","","1013","",""
"1013","1013","$972567301988","default","2026-01-08 13:30:23","","2026-01-08 13:30:34","11","0","NORMAL_CLEARING","ca9df24f-c897-4582-89cd-59e21c1db77b","","1013","",""
"1013","1013","$421552302622","default","2026-01-08 13:30:23","","2026-01-08 13:30:34","11","0","NORMAL_CLEARING","3987922a-46de-4c95-bc03-7253a0c65247","","1013","",""
"1013","1013","$421552302622","default","2026-01-08 13:30:24","","2026-01-08 13:30:35","11","0","NORMAL_CLEARING","f5be64c1-85db-4374-b8c6-d1b79ba3840c","","1013","",""
"1013","1013","$972567301988","default","2026-01-08 13:30:24","","2026-01-08 13:30:35","11","0","NORMAL_CLEARING","4f19aeeb-72e8-4ad5-adaa-c1a05dbfda38","","1013","",""
"1013","1013","$421552302622","default","2026-01-08 13:30:24","","2026-01-08 13:30:36","12","0","NORMAL_CLEARING","8827fbbf-34ee-44b5-8379-6574b37f362c","","1013","",""
"1013","1013","$972567301988","default","2026-01-08 13:30:24","","2026-01-08 13:30:36","12","0","NORMAL_CLEARING","1acbe46a-81ed-42be-82ab-02e122e64b14","","1013","",""
"1013","1013","$421552302622","default","2026-01-08 13:30:25","","2026-01-08 13:30:36","11","0","NORMAL_CLEARING","95edd0fc-2aef-4d92-9fef-b3202a42b3f8","","1013","",""
"1013","1013","$972567301988","default","2026-01-08 13:30:25","","2026-01-08 13:30:36","11","0","NORMAL_CLEARING","30d5b1d2-bd66-469b-95db-cbbce65c1fe3","","1013","",""
"1013","1013","$972567301988","default","2026-01-08 13:30:25","","2026-01-08 13:30:37","12","0","NORMAL_CLEARING","8127e5c7-38a7-4f48-beb0-4fea6175260c","","1013","",""
"1013","1013","$421552302622","default","2026-01-08 13:30:25","","2026-01-08 13:30:37","12","0","NORMAL_CLEARING","32ac110a-8b18-4ba9-a2c9-f7627c41b952","","1013","",""
"1013","1013","B1552302622","default","2026-01-08 13:30:45","","2026-01-08 13:30:55","10","0","NORMAL_CLEARING","e09f3aa1-8814-453a-ad71-d2d0663908f6","","1013","",""
"1013","1013","—2567301988","default","2026-01-08 13:30:45","","2026-01-08 13:30:55","10","0","NORMAL_CLEARING","046701ab-1ee9-4ff5-9d32-48477d87c76d","","1013","",""
"1013","1013","—2567301988","default","2026-01-08 13:30:46","","2026-01-08 13:30:56","10","0","NORMAL_CLEARING","08d54305-5829-429b-b0f1-0dec0af7a41b","","1013","",""
"1013","1013","B1552302622","default","2026-01-08 13:30:46","","2026-01-08 13:30:56","10","0","NORMAL_CLEARING","1f529454-d7db-4179-8755-295fbb8d607f","","1013","",""
"1013","1013","B1552302622","default","2026-01-08 13:30:47","","2026-01-08 13:30:57","10","0","NORMAL_CLEARING","fda947ad-e0bc-4092-8649-cbd54e1cc872","","1013","",""
"1013","1013","—2567301988","default","2026-01-08 13:30:47","","2026-01-08 13:30:57","10","0","NORMAL_CLEARING","111fea3e-46b3-40e7-8b75-1f3f4ed05c36","","1013","",""
"1013","1013","B1552302622","default","2026-01-08 13:30:47","","2026-01-08 13:30:58","11","0","NORMAL_CLEARING","be2c06ba-b2a8-4007-984b-947ac6514817","","1013","",""
"1013","1013","—2567301988","default","2026-01-08 13:30:47","","2026-01-08 13:30:58","11","0","NORMAL_CLEARING","4d0f91f4-70ea-4014-91ba-ce08fca78d1b","","1013","",""
"1013","1013","B1552302622","default","2026-01-08 13:30:47","","2026-01-08 13:30:58","11","0","NORMAL_CLEARING","b74e5a58-4aed-4715-939b-49d273b8179a","","1013","",""
"1013","1013","—2567301988","default","2026-01-08 13:30:47","","2026-01-08 13:30:58","11","0","NORMAL_CLEARING","bd36290b-855c-4209-859f-fa13f16022dc","","1013","",""
"1013","1013","00972567301988","default","2026-01-08 13:31:07","","2026-01-08 13:31:28","21","0","NORMAL_CLEARING","bdf9df92-3ca0-40d3-a4e6-b5fd42a75f84","","1013","",""
"1013","1013","00421552302622","default","2026-01-08 13:31:07","","2026-01-08 13:31:28","21","0","NORMAL_CLEARING","cfed77bb-c88f-4ff6-9b16-045e7ba8dd30","","1013","",""
"1013","1013","00972567301988","default","2026-01-08 13:31:08","","2026-01-08 13:31:29","21","0","NORMAL_CLEARING","1c5c6c10-8e53-47a3-8f44-34ef8418469d","","1013","",""
"1013","1013","00421552302622","default","2026-01-08 13:31:08","","2026-01-08 13:31:29","21","0","NORMAL_CLEARING","31945ee3-577a-47c4-8ed7-b40f49caea42","","1013","",""
"1013","1013","00972567301988","default","2026-01-08 13:31:09","","2026-01-08 13:31:29","20","0","NORMAL_CLEARING","d1c66d95-9c32-450a-b155-b10c896d19d2","","1013","",""
"1013","1013","00421552302622","default","2026-01-08 13:31:09","","2026-01-08 13:31:29","20","0","NORMAL_CLEARING","99b0c978-02bd-4a75-ac2a-957fe92f4739","","1013","",""
"1013","1013","00421552302622","default","2026-01-08 13:31:10","","2026-01-08 13:31:30","20","0","NORMAL_CLEARING","75c536e8-d6c1-4e4a-bc45-0435adbc46b7","","1013","",""
"1013","1013","00972567301988","default","2026-01-08 13:31:10","","2026-01-08 13:31:30","20","0","NORMAL_CLEARING","853c0ab2-3f32-4c17-b81c-c5453bfd39ee","","1013","",""
"1013","1013","00972567301988","default","2026-01-08 13:31:10","","2026-01-08 13:31:30","20","0","NORMAL_CLEARING","41f8ee23-64ff-4473-8c75-b35fec1b4e7d","","1013","",""
"1013","1013","00421552302622","default","2026-01-08 13:31:10","","2026-01-08 13:31:31","21","0","NORMAL_CLEARING","54cc65f7-c4e8-49ba-929b-51842ef29f8d","","1013","",""
"1013","1013","900421552302622","default","2026-01-08 13:31:30","","2026-01-08 13:31:50","20","0","UNALLOCATED_NUMBER","caf0fbc1-12bf-4365-8086-6d4a70a05cef","","1013","",""
"1013","1013","900972567301988","default","2026-01-08 13:31:30","","2026-01-08 13:31:51","21","0","UNALLOCATED_NUMBER","8632b14a-e776-43fe-a392-9ff2ddeef0c5","","1013","",""
"1013","1013","900972567301988","default","2026-01-08 13:31:31","","2026-01-08 13:31:52","21","0","UNALLOCATED_NUMBER","b9bdd191-3d79-481d-8bfb-59ed133aaf37","","1013","",""
"1013","1013","900421552302622","default","2026-01-08 13:31:31","","2026-01-08 13:31:52","21","0","UNALLOCATED_NUMBER","b34e0cb9-aa93-4950-b653-66cd3b3c693f","","1013","",""
"1013","1013","900421552302622","default","2026-01-08 13:31:32","","2026-01-08 13:31:52","20","0","UNALLOCATED_NUMBER","06913348-c8a5-4306-bf21-efbf473d7e67","","1013","",""
"1013","1013","900972567301988","default","2026-01-08 13:31:32","","2026-01-08 13:31:52","20","0","UNALLOCATED_NUMBER","0fbe2d04-59cc-46f8-8ec1-b3a835986c81","","1013","",""
"1013","1013","900421552302622","default","2026-01-08 13:31:32","","2026-01-08 13:31:53","21","0","UNALLOCATED_NUMBER","368c3400-0907-4cf1-8ff4-dba5cace463a","","1013","",""
"1013","1013","900972567301988","default","2026-01-08 13:31:32","","2026-01-08 13:31:53","21","0","UNALLOCATED_NUMBER","209dbc71-330b-4738-b72a-79d83ec31eca","","1013","",""
"1013","1013","900421552302622","default","2026-01-08 13:31:33","","2026-01-08 13:31:54","21","0","UNALLOCATED_NUMBER","817d1ae2-1da2-455a-9009-95ff03b98837","","1013","",""
"1013","1013","900972567301988","default","2026-01-08 13:31:33","","2026-01-08 13:31:54","21","0","UNALLOCATED_NUMBER","33d27ddd-f2d2-4888-b233-de3fb270b260","","1013","",""
"1013","1013","000972567301988","default","2026-01-08 13:31:53","","2026-01-08 13:32:15","22","0","NORMAL_CLEARING","0488d233-a2d1-46fd-9321-3679c351a620","","1013","",""
"1013","1013","000421552302622","default","2026-01-08 13:31:53","","2026-01-08 13:32:15","22","0","NORMAL_CLEARING","88a54851-9ee7-4f50-9772-ecced064d8a8","","1013","",""
"1013","1013","000972567301988","default","2026-01-08 13:31:53","","2026-01-08 13:32:16","23","0","NORMAL_CLEARING","cd936676-d420-481c-bedf-13e5f1ef7b4d","","1013","",""
"1013","1013","000421552302622","default","2026-01-08 13:31:53","","2026-01-08 13:32:16","23","0","NORMAL_CLEARING","e58fa224-a1cb-4b55-b62f-a7142a600391","","1013","",""
"1013","1013","000972567301988","default","2026-01-08 13:31:54","","2026-01-08 13:32:17","23","0","NORMAL_CLEARING","eeb7dedc-44de-4fb3-9aba-bbf6b7e110ab","","1013","",""
"1013","1013","000421552302622","default","2026-01-08 13:31:54","","2026-01-08 13:32:17","23","0","NORMAL_CLEARING","94b7a1b5-91c1-4e55-b0d4-459b79544a68","","1013","",""
"1013","1013","000421552302622","default","2026-01-08 13:31:55","","2026-01-08 13:32:17","22","0","NORMAL_CLEARING","5958c675-9bdb-413f-abba-44f767f57d44","","1013","",""
"1013","1013","000972567301988","default","2026-01-08 13:31:55","","2026-01-08 13:32:17","22","0","NORMAL_CLEARING","ae5e07a5-a99d-4f1e-9f23-a6d2c0313fab","","1013","",""
"1013","1013","000972567301988","default","2026-01-08 13:31:55","","2026-01-08 13:32:17","22","0","NORMAL_CLEARING","34b40068-b52a-4b23-ad9d-777884bef0a9","","1013","",""
"1013","1013","000421552302622","default","2026-01-08 13:31:55","","2026-01-08 13:32:18","23","0","NORMAL_CLEARING","3af9a112-b92e-4f54-8b38-4f34b49478a7","","1013","",""
"1013","1013","0000421552302622","default","2026-01-08 13:32:15","","2026-01-08 13:32:29","14","0","NORMAL_CLEARING","c7c2bcae-2b12-42c0-a619-07ffde798140","","1013","",""
"1013","1013","0000972567301988","default","2026-01-08 13:32:15","","2026-01-08 13:32:30","15","0","NORMAL_CLEARING","0cb36d5f-16d2-44b3-948a-05bc77ae9dc9","","1013","",""
"1013","1013","0000421552302622","default","2026-01-08 13:32:16","","2026-01-08 13:32:30","14","0","NORMAL_CLEARING","726f78a6-3e17-42a0-b6dc-5c4893d42747","","1013","",""
"1013","1013","0000972567301988","default","2026-01-08 13:32:16","","2026-01-08 13:32:31","15","0","NORMAL_CLEARING","0a49715d-6d14-49fd-9ddb-5891455c6b55","","1013","",""
"1013","1013","0000421552302622","default","2026-01-08 13:32:17","","2026-01-08 13:32:31","14","0","NORMAL_CLEARING","2b8d40f4-1df3-4e5c-90c7-0ce78eb07069","","1013","",""
"1013","1013","0000972567301988","default","2026-01-08 13:32:17","","2026-01-08 13:32:31","14","0","NORMAL_CLEARING","20d8cdef-330b-4687-bffb-8e0c97bc687b","","1013","",""
"1013","1013","0000972567301988","default","2026-01-08 13:32:18","","2026-01-08 13:32:32","14","0","NORMAL_CLEARING","b1f65ef1-bde4-49ac-8a46-f6c0e094b7a1","","1013","",""
"1013","1013","0000421552302622","default","2026-01-08 13:32:18","","2026-01-08 13:32:32","14","0","NORMAL_CLEARING","fa1926f2-36cb-4bac-8fbc-77c32403ab17","","1013","",""
"1013","1013","0000421552302622","default","2026-01-08 13:32:18","","2026-01-08 13:32:32","14","0","NORMAL_CLEARING","878a9d7f-19a6-452e-9fac-69bcef680832","","1013","",""
"1013","1013","0000972567301988","default","2026-01-08 13:32:18","","2026-01-08 13:32:32","14","0","NORMAL_CLEARING","aac88654-63fb-41eb-af1f-0d1fb507c826","","1013","",""
"1013","1013","9011972567301988","default","2026-01-08 13:32:59","","2026-01-08 13:33:14","15","0","NORMAL_CLEARING","609988c8-9d2d-4bdd-89db-1e2c38ee4fb4","","1013","",""
"1013","1013","9011421552302622","default","2026-01-08 13:32:59","","2026-01-08 13:33:14","15","0","NORMAL_CLEARING","a62aa900-dc29-4534-b14e-919cc0557c98","","1013","",""
"1013","1013","9011972567301988","default","2026-01-08 13:33:00","","2026-01-08 13:33:15","15","0","NORMAL_CLEARING","b3e4d83d-639f-435c-adfa-4933d31a9cc6","","1013","",""
"1013","1013","9011421552302622","default","2026-01-08 13:33:00","","2026-01-08 13:33:16","16","0","NORMAL_CLEARING","051c1885-a0fb-4d3e-afb3-b6b6b6edfdfd","","1013","",""
"1013","1013","9011421552302622","default","2026-01-08 13:33:01","","2026-01-08 13:33:16","15","0","NORMAL_CLEARING","c2753dea-c8bb-46c9-9f83-0749dd4a5256","","1013","",""
"1013","1013","9011972567301988","default","2026-01-08 13:33:01","","2026-01-08 13:33:16","15","0","NORMAL_CLEARING","15fb2244-fdfb-4b03-986f-f05164181750","","1013","",""
"1013","1013","9011972567301988","default","2026-01-08 13:33:02","","2026-01-08 13:33:17","15","0","NORMAL_CLEARING","1640695d-7b57-47d5-8944-f257919ef2de","","1013","",""
"1013","1013","9011972567301988","default","2026-01-08 13:33:02","","2026-01-08 13:33:18","16","0","NORMAL_CLEARING","ffa3cf39-96b9-49d9-b0fd-f8d8ace5bed8","","1013","",""
"1013","1013","9011421552302622","default","2026-01-08 13:33:02","","2026-01-08 13:33:18","16","0","NORMAL_CLEARING","f9984d7e-913b-4572-94e0-6c3eee73e9d3","","1013","",""
"1013","1013","9011421552302622","default","2026-01-08 13:33:02","","2026-01-08 13:33:18","16","0","NORMAL_CLEARING","b3eb93eb-af78-43e3-a791-e9a391ca9d5e","","1013","",""
"1013","1013","8011972567301988","default","2026-01-08 13:33:22","","2026-01-08 13:33:36","14","0","NORMAL_CLEARING","8845b24a-2cbf-4352-ab93-ee06b20f94da","","1013","",""
"1013","1013","8011421552302622","default","2026-01-08 13:33:22","","2026-01-08 13:33:36","14","0","NORMAL_CLEARING","6f8f406b-8601-43ab-a0d6-dc8ee7a2b483","","1013","",""
"1013","1013","8011972567301988","default","2026-01-08 13:33:23","","2026-01-08 13:33:37","14","0","NORMAL_CLEARING","d68decb8-79e1-4fe3-86ac-dba500a352b1","","1013","",""
"1013","1013","8011421552302622","default","2026-01-08 13:33:23","","2026-01-08 13:33:37","14","0","NORMAL_CLEARING","194195cd-0fc3-4fcc-aab1-bf9f805dde03","","1013","",""
"1013","1013","8011972567301988","default","2026-01-08 13:33:23","","2026-01-08 13:33:38","15","0","NORMAL_CLEARING","5c62d2eb-028f-4116-89c3-344e0cd54d2e","","1013","",""
"1013","1013","8011421552302622","default","2026-01-08 13:33:23","","2026-01-08 13:33:38","15","0","NORMAL_CLEARING","e40ad298-061d-490a-b409-22d43a9e64ff","","1013","",""
"1013","1013","8011972567301988","default","2026-01-08 13:33:24","","2026-01-08 13:33:39","15","0","NORMAL_CLEARING","c7bdff3a-1711-40e7-96d0-194c29a195aa","","1013","",""
"1013","1013","8011421552302622","default","2026-01-08 13:33:24","","2026-01-08 13:33:40","16","0","NORMAL_CLEARING","a10693a8-3499-486b-baf6-aaa88471ec2b","","1013","",""
"1013","1013","8011972567301988","default","2026-01-08 13:33:24","","2026-01-08 13:33:40","16","0","NORMAL_CLEARING","a752151b-bf6b-48e9-908d-56ab6c41e5f6","","1013","",""
"1013","1013","8011421552302622","default","2026-01-08 13:33:24","","2026-01-08 13:33:40","16","0","NORMAL_CLEARING","5ee8af20-db70-4231-b5ec-0e44fe29f0c0","","1013","",""
"1013","1013","011972567301988","default","2026-01-08 13:32:37","","2026-01-08 13:33:50","73","0","NORMAL_CLEARING","cc2a19e9-fa2f-48cf-b183-9e50c0fbc023","","1013","",""
"1013","1013","011421552302622","default","2026-01-08 13:32:37","","2026-01-08 13:33:50","73","0","NORMAL_CLEARING","79e2a0f3-6585-49dc-886d-f092026e4e28","","1013","",""
"1013","1013","011972567301988","default","2026-01-08 13:32:38","","2026-01-08 13:33:51","73","0","NORMAL_CLEARING","5077ac6a-5af6-4e1e-8504-445242d4c606","","1013","",""
"1013","1013","011421552302622","default","2026-01-08 13:32:38","","2026-01-08 13:33:51","73","0","NORMAL_CLEARING","6e00caf1-e2d3-400e-9ce0-56d79697a943","","1013","",""
"1013","1013","011972567301988","default","2026-01-08 13:32:39","","2026-01-08 13:33:52","73","0","NORMAL_CLEARING","98e6e4cc-1972-4fb3-83be-b876508d516a","","1013","",""
"1013","1013","011421552302622","default","2026-01-08 13:32:39","","2026-01-08 13:33:52","73","0","NORMAL_CLEARING","b70c0018-98fa-401b-9f67-31f29447f20d","","1013","",""
"1013","1013","011972567301988","default","2026-01-08 13:32:40","","2026-01-08 13:33:53","73","0","NORMAL_CLEARING","6d28f911-f023-4ed7-8e41-a4534851b6c1","","1013","",""
"1013","1013","011421552302622","default","2026-01-08 13:32:40","","2026-01-08 13:33:54","74","0","NORMAL_CLEARING","b36aa5d2-2205-412a-8e38-4f159a6501e4","","1013","",""
"1013","1013","011972567301988","default","2026-01-08 13:32:40","","2026-01-08 13:33:54","74","0","NORMAL_CLEARING","f350de8b-3830-49c9-bdb9-e6bd11779f58","","1013","",""
"1013","1013","011421552302622","default","2026-01-08 13:32:40","","2026-01-08 13:33:54","74","0","NORMAL_CLEARING","fc34edb1-3d6d-46a2-8fc2-3efacd79d9a7","","1013","",""
"1013","1013","7011972567301988","default","2026-01-08 13:33:44","","2026-01-08 13:34:01","17","0","NORMAL_CLEARING","77c55465-4c4a-4fd1-89f0-1ae8e94cff4e","","1013","",""
"1013","1013","7011421552302622","default","2026-01-08 13:33:44","","2026-01-08 13:34:01","17","0","NORMAL_CLEARING","dbae81e4-fe26-45c3-9791-fd35c40a3ab7","","1013","",""
"1013","1013","7011972567301988","default","2026-01-08 13:33:45","","2026-01-08 13:34:02","17","0","NORMAL_CLEARING","130130ca-f2cd-4c6b-b1a4-59fe02604211","","1013","",""
"1013","1013","7011421552302622","default","2026-01-08 13:33:45","","2026-01-08 13:34:02","17","0","NORMAL_CLEARING","606584c2-5bff-437f-8ad2-bc2e843e111b","","1013","",""
"1013","1013","7011421552302622","default","2026-01-08 13:33:46","","2026-01-08 13:34:03","17","0","NORMAL_CLEARING","ea6d9185-2b9a-4139-97d6-54246a9938f6","","1013","",""
"1013","1013","7011972567301988","default","2026-01-08 13:33:46","","2026-01-08 13:34:03","17","0","NORMAL_CLEARING","b20519f1-c003-403b-a45d-23ddd9395f14","","1013","",""
"1013","1013","7011972567301988","default","2026-01-08 13:33:46","","2026-01-08 13:34:03","17","0","NORMAL_CLEARING","769f06b3-c96e-4e1c-932c-a732dabc1b0e","","1013","",""
"1013","1013","7011421552302622","default","2026-01-08 13:33:47","","2026-01-08 13:34:03","16","0","NORMAL_CLEARING","058bde8f-b9e0-4c43-8ded-b264bd2bbaeb","","1013","",""
"1013","1013","7011421552302622","default","2026-01-08 13:33:46","","2026-01-08 13:34:03","17","0","NORMAL_CLEARING","9133f726-955b-401a-9194-99fec2e81425","","1013","",""
"1013","1013","7011972567301988","default","2026-01-08 13:33:47","","2026-01-08 13:34:03","16","0","NORMAL_CLEARING","f1b65345-2f88-4d73-b02c-9d6ae0a8472c","","1013","",""
"1013","1013","0972567301988","default","2026-01-08 13:34:06","","2026-01-08 13:34:18","12","0","NORMAL_CLEARING","f2611c7d-bf7b-4ac8-9088-7751fb9748e4","","1013","",""
"1013","1013","0421552302622","default","2026-01-08 13:34:06","","2026-01-08 13:34:18","12","0","NORMAL_CLEARING","12a6832c-16cf-440a-b4a2-9024121f0598","","1013","",""
"1013","1013","0421552302622","default","2026-01-08 13:34:07","","2026-01-08 13:34:19","12","0","NORMAL_CLEARING","ad6d4e11-72a1-4ff9-b7cd-f310fbae8873","","1013","",""
"1013","1013","0972567301988","default","2026-01-08 13:34:07","","2026-01-08 13:34:19","12","0","NORMAL_CLEARING","95b65542-c654-4ef8-bace-bbaf4cda6b73","","1013","",""
"1013","1013","0421552302622","default","2026-01-08 13:34:08","","2026-01-08 13:34:20","12","0","NORMAL_CLEARING","79235e21-12f8-49c3-8376-350db43fb0ad","","1013","",""
"1013","1013","0972567301988","default","2026-01-08 13:34:08","","2026-01-08 13:34:20","12","0","NORMAL_CLEARING","329fc76e-4d11-445a-8a5c-4855d96dc586","","1013","",""
"1013","1013","0972567301988","default","2026-01-08 13:34:09","","2026-01-08 13:34:20","11","0","NORMAL_CLEARING","369ce772-f581-46c1-961e-4c5bc1216a80","","1013","",""
"1013","1013","0972567301988","default","2026-01-08 13:34:09","","2026-01-08 13:34:21","12","0","NORMAL_CLEARING","99b29487-581e-43e9-9fa5-04ad821d095a","","1013","",""
"1013","1013","0421552302622","default","2026-01-08 13:34:09","","2026-01-08 13:34:21","12","0","NORMAL_CLEARING","d59fb0a6-c488-4b5f-886e-45fb9331feec","","1013","",""
"1013","1013","0421552302622","default","2026-01-08 13:34:09","","2026-01-08 13:34:21","12","0","NORMAL_CLEARING","6f6b8fdb-8fda-40ac-b12e-5438dacfbd38","","1013","",""
"1013","1013","810421552302622","default","2026-01-08 13:34:28","","2026-01-08 13:34:40","12","0","UNALLOCATED_NUMBER","bf77e403-ebdd-44d4-916d-28e0b87cb247","","1013","",""
"1013","1013","810972567301988","default","2026-01-08 13:34:29","","2026-01-08 13:34:40","11","0","UNALLOCATED_NUMBER","c08d78ec-9327-46fe-b9cf-686e311c062d","","1013","",""
"1013","1013","810421552302622","default","2026-01-08 13:34:29","","2026-01-08 13:34:41","12","0","UNALLOCATED_NUMBER","f996a996-e54f-4c56-bf0a-c022b07cfd3a","","1013","",""
"1013","1013","810972567301988","default","2026-01-08 13:34:29","","2026-01-08 13:34:41","12","0","UNALLOCATED_NUMBER","271f7176-ce3e-4929-806d-b556b28121c7","","1013","",""
"1013","1013","810972567301988","default","2026-01-08 13:34:30","","2026-01-08 13:34:42","12","0","UNALLOCATED_NUMBER","a49c8ad1-26e5-4ed7-b7fc-46b7a8981a7c","","1013","",""
"1013","1013","810421552302622","default","2026-01-08 13:34:30","","2026-01-08 13:34:42","12","0","UNALLOCATED_NUMBER","ff4e8fa1-2835-4cc8-8d11-409934ed29a9","","1013","",""
"1013","1013","810421552302622","default","2026-01-08 13:34:31","","2026-01-08 13:34:43","12","0","UNALLOCATED_NUMBER","fecf8ec9-5471-41d9-9e2b-003dc6023af7","","1013","",""
"1013","1013","810972567301988","default","2026-01-08 13:34:31","","2026-01-08 13:34:43","12","0","UNALLOCATED_NUMBER","94433438-9d49-405f-a75c-8f14668f495b","","1013","",""
"1013","1013","810421552302622","default","2026-01-08 13:34:31","","2026-01-08 13:34:43","12","0","UNALLOCATED_NUMBER","16b4dc39-cc1d-4cd2-bb1c-02bf8c492157","","1013","",""
"1013","1013","810972567301988","default","2026-01-08 13:34:31","","2026-01-08 13:34:43","12","0","UNALLOCATED_NUMBER","9e150c9b-84a3-4e72-95df-1f072b539529","","1013","",""
"1013","1013","9810421552302622","default","2026-01-08 13:34:51","","2026-01-08 13:35:02","11","0","NORMAL_CLEARING","4b850b26-da98-4066-9d9e-297787ba39b8","","1013","",""
"1013","1013","9810972567301988","default","2026-01-08 13:34:51","","2026-01-08 13:35:03","12","0","NORMAL_CLEARING","4b3afd24-f8c0-4f2b-8da2-3f020f45c4a5","","1013","",""
"1013","1013","9810421552302622","default","2026-01-08 13:34:51","","2026-01-08 13:35:03","12","0","NORMAL_CLEARING","4394e32e-a059-46de-9db0-9dbbbd39a9ed","","1013","",""
"1013","1013","9810972567301988","default","2026-01-08 13:34:51","","2026-01-08 13:35:03","12","0","NORMAL_CLEARING","c0e05fb5-98d7-4f90-9f9d-fe84b8d6982b","","1013","",""
"1013","1013","9810972567301988","default","2026-01-08 13:34:53","","2026-01-08 13:35:04","11","0","NORMAL_CLEARING","eb3a787c-d353-4aa8-8573-c79bc96a3d1f","","1013","",""
"1013","1013","9810421552302622","default","2026-01-08 13:34:53","","2026-01-08 13:35:04","11","0","NORMAL_CLEARING","7dec8fa8-15cc-495f-851e-2b381c7ca5a7","","1013","",""
"1013","1013","9810972567301988","default","2026-01-08 13:34:53","","2026-01-08 13:35:05","12","0","NORMAL_CLEARING","06c40c6d-b7d0-4c58-a44d-0bcae415a202","","1013","",""
"1013","1013","9810972567301988","default","2026-01-08 13:34:53","","2026-01-08 13:35:05","12","0","NORMAL_CLEARING","e44624f5-5b13-47c3-b1ec-d1feafe4e09b","","1013","",""
"1013","1013","9810421552302622","default","2026-01-08 13:34:53","","2026-01-08 13:35:05","12","0","NORMAL_CLEARING","f94ebcdb-c44d-4209-a384-d21143ad411c","","1013","",""
"1013","1013","9810421552302622","default","2026-01-08 13:34:53","","2026-01-08 13:35:05","12","0","NORMAL_CLEARING","3ce6bcaf-bffe-49a1-98ed-67f69b76bcfb","","1013","",""
"1013","1013","1810421552302622","default","2026-01-08 13:35:13","","2026-01-08 13:35:24","11","0","NORMAL_CLEARING","57c9b0fb-447a-4ee9-98ee-c1ae7cec8162","","1013","",""
"1013","1013","1810972567301988","default","2026-01-08 13:35:13","","2026-01-08 13:35:24","11","0","NORMAL_CLEARING","f84ec18b-3d77-43c7-bd7c-12a877c0e74c","","1013","",""
"1013","1013","1810972567301988","default","2026-01-08 13:35:14","","2026-01-08 13:35:25","11","0","NORMAL_CLEARING","2ac53da6-f45e-4ea7-b4af-741fe13f6395","","1013","",""
"1013","1013","1810421552302622","default","2026-01-08 13:35:14","","2026-01-08 13:35:25","11","0","NORMAL_CLEARING","00e886a3-c39a-4779-b3d1-aa1906c4b798","","1013","",""
"1013","1013","1810421552302622","default","2026-01-08 13:35:15","","2026-01-08 13:35:26","11","0","NORMAL_CLEARING","ee947dc9-97e9-4308-bc49-439806f2cfb7","","1013","",""
"1013","1013","1810972567301988","default","2026-01-08 13:35:15","","2026-01-08 13:35:26","11","0","NORMAL_CLEARING","3da1ce5c-184d-4beb-87e3-251c780afd3e","","1013","",""
"1013","1013","1810972567301988","default","2026-01-08 13:35:15","","2026-01-08 13:35:26","11","0","NORMAL_CLEARING","a56ca954-df88-43a4-8522-0f612d772e31","","1013","",""
"1013","1013","1810421552302622","default","2026-01-08 13:35:15","","2026-01-08 13:35:26","11","0","NORMAL_CLEARING","bf795cab-2ee5-42d7-a6f0-c9d2a0ad9d1c","","1013","",""
"1013","1013","1810421552302622","default","2026-01-08 13:35:16","","2026-01-08 13:35:26","10","0","NORMAL_CLEARING","03d39622-13f2-4bb6-ae7a-a623e62d7234","","1013","",""
"1013","1013","1810972567301988","default","2026-01-08 13:35:16","","2026-01-08 13:35:26","10","0","NORMAL_CLEARING","3ef81d7a-68bc-4c81-9290-1d15a45c18cb","","1013","",""
"1013","1013","800972567301988","default","2026-01-08 13:35:35","","2026-01-08 13:35:52","17","0","UNALLOCATED_NUMBER","d1c527ca-0872-4aba-a5c2-9095cdb219db","","1013","",""
"1013","1013","800421552302622","default","2026-01-08 13:35:35","","2026-01-08 13:35:52","17","0","UNALLOCATED_NUMBER","64f913dc-4433-482a-b760-c060e3179834","","1013","",""
"1013","1013","800421552302622","default","2026-01-08 13:35:36","","2026-01-08 13:35:53","17","0","UNALLOCATED_NUMBER","03345312-24c3-4643-ad99-54dd89c23258","","1013","",""
"1013","1013","800972567301988","default","2026-01-08 13:35:36","","2026-01-08 13:35:53","17","0","UNALLOCATED_NUMBER","614a8bed-9c6a-4e60-9691-655ddffc25d5","","1013","",""
"1013","1013","800421552302622","default","2026-01-08 13:35:37","","2026-01-08 13:35:54","17","0","UNALLOCATED_NUMBER","756470fe-1cde-4a84-9640-cff84e84e03c","","1013","",""
"1013","1013","800972567301988","default","2026-01-08 13:35:37","","2026-01-08 13:35:54","17","0","UNALLOCATED_NUMBER","5d15272f-d88c-4959-862e-991afe09475e","","1013","",""
"1013","1013","800421552302622","default","2026-01-08 13:35:38","","2026-01-08 13:35:55","17","0","UNALLOCATED_NUMBER","4adef161-4838-48bf-9a22-e24ce834453b","","1013","",""
"1013","1013","800972567301988","default","2026-01-08 13:35:38","","2026-01-08 13:35:55","17","0","UNALLOCATED_NUMBER","2a16f713-615d-4397-8f0a-648035325968","","1013","",""
"1013","1013","800421552302622","default","2026-01-08 13:35:38","","2026-01-08 13:35:55","17","0","UNALLOCATED_NUMBER","4f764131-cc1a-4c6b-8fc5-569cc1c735d2","","1013","",""
"1013","1013","800972567301988","default","2026-01-08 13:35:38","","2026-01-08 13:35:55","17","0","UNALLOCATED_NUMBER","9cc0b670-ebed-4c72-a0f8-a84928931564","","1013","",""
"1013","1013","700421552302622","default","2026-01-08 13:35:57","","2026-01-08 13:36:14","17","0","UNALLOCATED_NUMBER","42f2ff0e-f13b-49c5-9a3a-5c9275574106","","1013","",""
"1013","1013","700972567301988","default","2026-01-08 13:35:57","","2026-01-08 13:36:14","17","0","UNALLOCATED_NUMBER","94ea033f-9690-4f11-a83d-b5692d22e25a","","1013","",""
"1013","1013","700421552302622","default","2026-01-08 13:35:58","","2026-01-08 13:36:15","17","0","UNALLOCATED_NUMBER","a8382466-ab5e-46af-949e-7cdea05964aa","","1013","",""
"1013","1013","700972567301988","default","2026-01-08 13:35:58","","2026-01-08 13:36:15","17","0","UNALLOCATED_NUMBER","ce042d14-a448-4e2b-a712-ef1a1c1276fd","","1013","",""
"1013","1013","700421552302622","default","2026-01-08 13:35:58","","2026-01-08 13:36:15","17","0","UNALLOCATED_NUMBER","523e73f8-705a-4619-a084-e03e7d10a9a4","","1013","",""
"1013","1013","700972567301988","default","2026-01-08 13:35:58","","2026-01-08 13:36:15","17","0","UNALLOCATED_NUMBER","adcc6a13-d466-440a-8be6-57f20d9a01d0","","1013","",""
"1013","1013","700421552302622","default","2026-01-08 13:36:00","","2026-01-08 13:36:16","16","0","DESTINATION_OUT_OF_ORDER","e335bfb3-a118-4632-a8f0-1c48773196b4","","1013","",""
"1013","1013","700972567301988","default","2026-01-08 13:36:00","","2026-01-08 13:36:16","16","0","UNALLOCATED_NUMBER","439389db-e6a5-495c-a8bc-918cc340ee99","","1013","",""
"1013","1013","700421552302622","default","2026-01-08 13:36:00","","2026-01-08 13:36:17","17","0","UNALLOCATED_NUMBER","459b5a80-667d-4079-a1c4-c3c0710f7f23","","1013","",""
"1013","1013","700972567301988","default","2026-01-08 13:36:00","","2026-01-08 13:36:17","17","0","UNALLOCATED_NUMBER","ddcc3a56-f739-4232-be5f-e17c924542af","","1013","",""
"1013","1013","001421552302622","default","2026-01-08 13:36:19","","2026-01-08 13:36:33","14","0","NORMAL_CLEARING","0de7e4e2-1d9f-428f-9cee-4937b1debc1f","","1013","",""
"1013","1013","001972567301988","default","2026-01-08 13:36:19","","2026-01-08 13:36:33","14","0","NORMAL_CLEARING","d237d468-79b2-475d-91ba-7c8af8022c8f","","1013","",""
"1013","1013","001421552302622","default","2026-01-08 13:36:20","","2026-01-08 13:36:34","14","0","NORMAL_CLEARING","701efc48-9840-43eb-8eff-2c581f3618e1","","1013","",""
"1013","1013","001972567301988","default","2026-01-08 13:36:20","","2026-01-08 13:36:34","14","0","NORMAL_CLEARING","d4d4dd8d-cf2c-482d-8866-da36d4d12d5e","","1013","",""
"1013","1013","001421552302622","default","2026-01-08 13:36:20","","2026-01-08 13:36:35","15","0","NORMAL_CLEARING","7aa6b210-3d21-4f86-93e2-f697bb6f2106","","1013","",""
"1013","1013","001972567301988","default","2026-01-08 13:36:20","","2026-01-08 13:36:35","15","0","NORMAL_CLEARING","3477fa49-a972-4135-8db5-1e68a0bc6be7","","1013","",""
"1013","1013","001421552302622","default","2026-01-08 13:36:22","","2026-01-08 13:36:36","14","0","NORMAL_CLEARING","2eac767c-829c-48b1-9871-3771b57c249d","","1013","",""
"1013","1013","001972567301988","default","2026-01-08 13:36:22","","2026-01-08 13:36:36","14","0","NORMAL_CLEARING","425a4b68-2eb4-4ac5-9df8-c6e12f06adb0","","1013","",""
"1013","1013","001421552302622","default","2026-01-08 13:36:22","","2026-01-08 13:36:36","14","0","NORMAL_CLEARING","efb0267c-d294-4de8-8bb8-fa79e0d1fe71","","1013","",""
"1013","1013","001972567301988","default","2026-01-08 13:36:22","","2026-01-08 13:36:36","14","0","NORMAL_CLEARING","2bfc659d-b3d3-4799-81fa-77726d8a72cc","","1013","",""
"1013","1013","010421552302622","default","2026-01-08 13:36:41","","2026-01-08 13:36:55","14","0","NORMAL_CLEARING","83d44faf-b28f-4c51-8cb3-d445cad1afbf","","1013","",""
"1013","1013","010972567301988","default","2026-01-08 13:36:41","","2026-01-08 13:36:55","14","0","NORMAL_CLEARING","9530101e-8643-49f1-ab85-888315213479","","1013","",""
"1013","1013","010972567301988","default","2026-01-08 13:36:42","","2026-01-08 13:36:57","15","0","NORMAL_CLEARING","66db3d2b-3882-4900-b06d-518358f085b2","","1013","",""
"1013","1013","010421552302622","default","2026-01-08 13:36:42","","2026-01-08 13:36:57","15","0","NORMAL_CLEARING","66505432-c8b6-424e-9dd6-872bed1a394d","","1013","",""
"1013","1013","010972567301988","default","2026-01-08 13:36:42","","2026-01-08 13:36:57","15","0","NORMAL_CLEARING","c532bf28-b4d2-4ab5-bcae-76da872e9bf7","","1013","",""
"1013","1013","010421552302622","default","2026-01-08 13:36:42","","2026-01-08 13:36:57","15","0","NORMAL_CLEARING","765b7d9f-58df-4eea-9452-ccdce14ef15b","","1013","",""
"1013","1013","010972567301988","default","2026-01-08 13:36:44","","2026-01-08 13:36:58","14","0","NORMAL_CLEARING","92c98694-3e24-430c-bd08-3a1732964500","","1013","",""
"1013","1013","010421552302622","default","2026-01-08 13:36:44","","2026-01-08 13:36:58","14","0","NORMAL_CLEARING","3060d760-1cb0-453f-bcc9-6c4dd27163f2","","1013","",""
"1013","1013","010421552302622","default","2026-01-08 13:36:44","","2026-01-08 13:36:58","14","0","NORMAL_CLEARING","159f3bb6-65c4-4eb2-b94e-8221c0d70308","","1013","",""
"1013","1013","010972567301988","default","2026-01-08 13:36:44","","2026-01-08 13:36:58","14","0","NORMAL_CLEARING","eba7bc06-4484-4d8c-82ae-67b12ccfeb35","","1013","",""
"1013","1013","002421552302622","default","2026-01-08 13:37:03","","2026-01-08 13:37:19","16","0","NORMAL_CLEARING","767580c0-2221-4551-a7f6-975697b198b6","","1013","",""
"1013","1013","002972567301988","default","2026-01-08 13:37:03","","2026-01-08 13:37:19","16","0","NORMAL_CLEARING","76c7de7a-43a1-4fb1-bae8-2b3eca928f0e","","1013","",""
"1013","1013","002421552302622","default","2026-01-08 13:37:04","","2026-01-08 13:37:20","16","0","NORMAL_CLEARING","17cea4c5-60fd-468d-a5a9-0e4840bb94b2","","1013","",""
"1013","1013","002421552302622","default","2026-01-08 13:37:05","","2026-01-08 13:37:20","15","0","NORMAL_CLEARING","86e49a64-60d2-4fa2-8353-71f1429972bf","","1013","",""
"1013","1013","002972567301988","default","2026-01-08 13:37:04","","2026-01-08 13:37:20","16","0","NORMAL_CLEARING","70b9fa52-c0a0-47eb-9323-cab353944210","","1013","",""
"1013","1013","002972567301988","default","2026-01-08 13:37:05","","2026-01-08 13:37:21","16","0","NORMAL_CLEARING","5e6d41ce-edd3-4a21-be16-04bff9f769ab","","1013","",""
"1013","1013","002972567301988","default","2026-01-08 13:37:06","","2026-01-08 13:37:23","17","0","NORMAL_CLEARING","e692c5a0-4d27-44e7-92e4-35a85c3a95da","","1013","",""
"1013","1013","002421552302622","default","2026-01-08 13:37:06","","2026-01-08 13:37:23","17","0","NORMAL_CLEARING","d909736a-f813-468f-807f-0b8ed6703e3d","","1013","",""
"1013","1013","002972567301988","default","2026-01-08 13:37:06","","2026-01-08 13:37:23","17","0","NORMAL_CLEARING","c1d980c2-aa48-42f9-b2ee-bc79aa00ee91","","1013","",""
"1013","1013","002421552302622","default","2026-01-08 13:37:06","","2026-01-08 13:37:23","17","0","NORMAL_CLEARING","acb4e71f-cfb7-4ee4-bab2-2cc8c9777265","","1013","",""
"1013","1013","8~10972567301988","default","2026-01-08 13:37:26","","2026-01-08 13:37:43","17","0","NORMAL_CLEARING","0becacfc-fd2a-4063-ab97-1b4cd4b7a4e3","","1013","",""
"1013","1013","8~10421552302622","default","2026-01-08 13:37:26","","2026-01-08 13:37:43","17","0","NORMAL_CLEARING","ab7ced51-bb78-44a5-aab6-e48bf12b3346","","1013","",""
"1013","1013","8~10972567301988","default","2026-01-08 13:37:27","","2026-01-08 13:37:43","16","0","NORMAL_CLEARING","56b6e8a1-6cdc-4b94-a26a-606ab6d3f219","","1013","",""
"1013","1013","8~10421552302622","default","2026-01-08 13:37:27","","2026-01-08 13:37:44","17","0","NORMAL_CLEARING","2b320203-809c-4714-bbab-8478fdb99dc4","","1013","",""
"1013","1013","8~10972567301988","default","2026-01-08 13:37:27","","2026-01-08 13:37:44","17","0","NORMAL_CLEARING","859df815-df8c-4ee6-84bf-41d66c453b92","","1013","",""
"1013","1013","8~10421552302622","default","2026-01-08 13:37:27","","2026-01-08 13:37:44","17","0","NORMAL_CLEARING","7b1c6026-4f5f-4b96-992d-03192be6c842","","1013","",""
"1013","1013","8~10421552302622","default","2026-01-08 13:37:29","","2026-01-08 13:37:45","16","0","NORMAL_CLEARING","6cf41790-01ec-4f32-bf12-50ef7583ab2f","","1013","",""
"1013","1013","8~10972567301988","default","2026-01-08 13:37:28","","2026-01-08 13:37:45","17","0","NORMAL_CLEARING","996e0a5c-469f-4d72-ba11-0c7999411688","","1013","",""
"1013","1013","8~10972567301988","default","2026-01-08 13:37:29","","2026-01-08 13:37:45","16","0","NORMAL_CLEARING","b9b7eb7b-df34-4a4a-8bbf-441cadb2dbd8","","1013","",""
"1013","1013","8~10421552302622","default","2026-01-08 13:37:28","","2026-01-08 13:37:45","17","0","NORMAL_CLEARING","94a06b15-2a30-44c0-9931-b9b9d227b6b4","","1013","",""
"1013","1013","0.0-972567301988","default","2026-01-08 13:37:48","","2026-01-08 13:38:02","14","0","NORMAL_CLEARING","7741daa3-68f6-467a-88a0-f9b0fe0c9943","","1013","",""
"1013","1013","0.0-421552302622","default","2026-01-08 13:37:48","","2026-01-08 13:38:02","14","0","NORMAL_CLEARING","2c1d8191-aa29-4622-acc2-5fd3db62e8fb","","1013","",""
"1013","1013","0.0-972567301988","default","2026-01-08 13:37:49","","2026-01-08 13:38:03","14","0","NORMAL_CLEARING","746f9eb9-ac05-4ef7-969b-b80d7f1535f5","","1013","",""
"1013","1013","0.0-972567301988","default","2026-01-08 13:37:49","","2026-01-08 13:38:03","14","0","NORMAL_CLEARING","943570cf-3706-4f37-8225-91cae84b057a","","1013","",""
"1013","1013","0.0-421552302622","default","2026-01-08 13:37:49","","2026-01-08 13:38:03","14","0","NORMAL_CLEARING","54b3c9c3-a320-41b5-a18f-8cf4ee037bca","","1013","",""
"1013","1013","0.0-421552302622","default","2026-01-08 13:37:49","","2026-01-08 13:38:03","14","0","NORMAL_CLEARING","59c33e60-93cd-4e07-a1f9-1d622fd1149e","","1013","",""
"1013","1013","0.0-972567301988","default","2026-01-08 13:37:51","","2026-01-08 13:38:04","13","0","NORMAL_CLEARING","e13f2108-aeb0-40d9-83a1-791e1e7c7f27","","1013","",""
"1013","1013","0.0-421552302622","default","2026-01-08 13:37:51","","2026-01-08 13:38:04","13","0","NORMAL_CLEARING","54ecb658-a042-4f79-86f3-36c569691df5","","1013","",""
"1013","1013","0.0-421552302622","default","2026-01-08 13:37:51","","2026-01-08 13:38:04","13","0","NORMAL_CLEARING","9710897b-79b7-4aca-9027-88241a7d5ec2","","1013","",""
"1013","1013","0.0-972567301988","default","2026-01-08 13:37:51","","2026-01-08 13:38:05","14","0","NORMAL_CLEARING","2aa8c36c-b966-451b-a111-42bb936eefce","","1013","",""
"1013","1013","0.0.421552302622","default","2026-01-08 13:38:10","","2026-01-08 13:38:22","12","0","NORMAL_CLEARING","b15b5be0-225b-4b1f-9251-f9f39bacb8f8","","1013","",""
"1013","1013","0.0.972567301988","default","2026-01-08 13:38:10","","2026-01-08 13:38:22","12","0","NORMAL_CLEARING","d4fc4f51-4961-4870-8a5c-dd2dbc940bd4","","1013","",""
"1013","1013","0.0.421552302622","default","2026-01-08 13:38:11","","2026-01-08 13:38:23","12","0","NORMAL_CLEARING","15a0fb3a-bbc8-40f1-a714-c65b5be03275","","1013","",""
"1013","1013","0.0.972567301988","default","2026-01-08 13:38:11","","2026-01-08 13:38:23","12","0","NORMAL_CLEARING","089c9ebd-9a0b-4844-8bda-9aacd6b0dffc","","1013","",""
"1013","1013","0.0.421552302622","default","2026-01-08 13:38:12","","2026-01-08 13:38:23","11","0","NORMAL_CLEARING","71624606-374d-486e-9c28-2afc60e4492d","","1013","",""
"1013","1013","0.0.972567301988","default","2026-01-08 13:38:12","","2026-01-08 13:38:23","11","0","NORMAL_CLEARING","3355b2fe-db9c-4cf6-a214-b83406c26120","","1013","",""
"1013","1013","0.0.421552302622","default","2026-01-08 13:38:13","","2026-01-08 13:38:25","12","0","NORMAL_CLEARING","4c10f2db-6ee7-40af-b058-dd9c0bb4a944","","1013","",""
"1013","1013","0.0.421552302622","default","2026-01-08 13:38:13","","2026-01-08 13:38:25","12","0","NORMAL_CLEARING","938fff58-4505-4745-9711-bbdaa3143f68","","1013","",""
"1013","1013","0.0.972567301988","default","2026-01-08 13:38:13","","2026-01-08 13:38:25","12","0","NORMAL_CLEARING","6cf597ba-f6f6-4fea-9776-871ccb128e32","","1013","",""
"1013","1013","0.0.972567301988","default","2026-01-08 13:38:13","","2026-01-08 13:38:25","12","0","NORMAL_CLEARING","280cc61a-945c-4066-b492-1173e1f509a7","","1013","",""
"1013","1013","-00421552302622","default","2026-01-08 13:38:32","","2026-01-08 13:38:45","13","0","NORMAL_CLEARING","791b3409-3718-45a3-8546-7d892d704a0f","","1013","",""
"1013","1013","-00972567301988","default","2026-01-08 13:38:32","","2026-01-08 13:38:45","13","0","NORMAL_CLEARING","be44fffa-c649-41d6-ad9d-6451ae68c0c3","","1013","",""
"1013","1013","-00421552302622","default","2026-01-08 13:38:34","","2026-01-08 13:38:46","12","0","NORMAL_CLEARING","1d65033c-14c1-4544-90a2-70023e481fdb","","1013","",""
"1013","1013","-00421552302622","default","2026-01-08 13:38:34","","2026-01-08 13:38:46","12","0","NORMAL_CLEARING","0d708237-f5fc-4c3e-b8b2-c75ace61290b","","1013","",""
"1013","1013","-00972567301988","default","2026-01-08 13:38:34","","2026-01-08 13:38:46","12","0","NORMAL_CLEARING","dbd1df17-b503-431a-b1a9-f854bd357f80","","1013","",""
"1013","1013","-00972567301988","default","2026-01-08 13:38:34","","2026-01-08 13:38:46","12","0","NORMAL_CLEARING","e16e255e-a236-4a69-bc37-7b7ee9138955","","1013","",""
"1013","1013","-00421552302622","default","2026-01-08 13:38:35","","2026-01-08 13:38:48","13","0","NORMAL_CLEARING","01da534a-cd91-4cd9-b403-58a6012888c7","","1013","",""
"1013","1013","-00972567301988","default","2026-01-08 13:38:35","","2026-01-08 13:38:48","13","0","NORMAL_CLEARING","4367f47e-8e52-4313-846c-7a4a102bec36","","1013","",""
"1013","1013","-00972567301988","default","2026-01-08 13:38:35","","2026-01-08 13:38:48","13","0","NORMAL_CLEARING","19974126-d9dd-4ff4-a3a4-a2fbc76bcbb6","","1013","",""
"1013","1013","-00421552302622","default","2026-01-08 13:38:35","","2026-01-08 13:38:48","13","0","NORMAL_CLEARING","1c42f47a-c866-4229-a1de-36160d45ad6b","","1013","",""
"1013","1013","90900421552302622","default","2026-01-08 13:38:55","","2026-01-08 13:39:07","12","0","NORMAL_CLEARING","7cc1ce29-56a3-484e-bf21-d2dffbd8581a","","1013","",""
"1013","1013","90900972567301988","default","2026-01-08 13:38:55","","2026-01-08 13:39:07","12","0","NORMAL_CLEARING","7ec2a06f-5e15-4d3b-8f8c-dd2ead22fc7a","","1013","",""
"1013","1013","90900421552302622","default","2026-01-08 13:38:56","","2026-01-08 13:39:08","12","0","NORMAL_CLEARING","e781b742-2f41-41fb-99bb-aa8e0fcb26e4","","1013","",""
"1013","1013","90900972567301988","default","2026-01-08 13:38:56","","2026-01-08 13:39:08","12","0","NORMAL_CLEARING","70faabea-8d29-4b84-9416-ab0a32dd9284","","1013","",""
"1013","1013","90900421552302622","default","2026-01-08 13:38:56","","2026-01-08 13:39:09","13","0","NORMAL_CLEARING","82046d99-dc33-42ca-b9a8-2081a11ea5e4","","1013","",""
"1013","1013","90900972567301988","default","2026-01-08 13:38:56","","2026-01-08 13:39:09","13","0","NORMAL_CLEARING","a362d310-853f-4e80-9aeb-223659650558","","1013","",""
"1013","1013","90900972567301988","default","2026-01-08 13:38:57","","2026-01-08 13:39:10","13","0","NORMAL_CLEARING","87c278d3-a8f8-4e11-8505-8b625129c7f7","","1013","",""
"1013","1013","90900421552302622","default","2026-01-08 13:38:57","","2026-01-08 13:39:10","13","0","NORMAL_CLEARING","0545a860-db7f-4ced-bc1a-1c1aa64114a9","","1013","",""
"1013","1013","90900421552302622","default","2026-01-08 13:38:58","","2026-01-08 13:39:10","12","0","NORMAL_CLEARING","87d03406-2712-4d41-9216-fc2630237ef6","","1013","",""
"1013","1013","90900972567301988","default","2026-01-08 13:38:58","","2026-01-08 13:39:10","12","0","NORMAL_CLEARING","ee7ec4b7-ad4f-467c-9417-b81d471195a7","","1013","",""
"1013","1013","909000972567301988","default","2026-01-08 13:39:17","","2026-01-08 13:39:29","12","0","NORMAL_CLEARING","dcc266de-01b2-43c7-9e20-4663d13d0088","","1013","",""
"1013","1013","909000421552302622","default","2026-01-08 13:39:17","","2026-01-08 13:39:30","13","0","NORMAL_CLEARING","5c2069fd-ac9b-4140-a500-c97b34ba1bd7","","1013","",""
"1013","1013","909000972567301988","default","2026-01-08 13:39:18","","2026-01-08 13:39:31","13","0","NORMAL_CLEARING","2a217d48-7647-49bc-8d0f-f2423915df43","","1013","",""
"1013","1013","909000421552302622","default","2026-01-08 13:39:18","","2026-01-08 13:39:31","13","0","NORMAL_CLEARING","bd201a5d-7fc8-4887-8ece-54712efa1955","","1013","",""
"1013","1013","909000421552302622","default","2026-01-08 13:39:18","","2026-01-08 13:39:31","13","0","NORMAL_CLEARING","75e9e13b-2004-4aa2-bbf4-919321d097c6","","1013","",""
"1013","1013","909000972567301988","default","2026-01-08 13:39:18","","2026-01-08 13:39:31","13","0","NORMAL_CLEARING","c178e32c-f35f-483a-bfb1-0b809274d452","","1013","",""
"1013","1013","909000421552302622","default","2026-01-08 13:39:20","","2026-01-08 13:39:32","12","0","NORMAL_CLEARING","d9490ca3-3ce0-4392-a6aa-c96fd12da01e","","1013","",""
"1013","1013","909000972567301988","default","2026-01-08 13:39:20","","2026-01-08 13:39:32","12","0","NORMAL_CLEARING","10233b72-d464-4312-8fbc-ac1c98aa2912","","1013","",""
"1013","1013","909000421552302622","default","2026-01-08 13:39:20","","2026-01-08 13:39:32","12","0","NORMAL_CLEARING","49252f2c-dcc6-43d9-88ad-2a226195a9e4","","1013","",""
"1013","1013","909000972567301988","default","2026-01-08 13:39:20","","2026-01-08 13:39:32","12","0","NORMAL_CLEARING","b024d880-813b-4a65-9f45-20871752e681","","1013","",""
"1013","1013","00000421552302622","default","2026-01-08 13:39:39","","2026-01-08 13:39:52","13","0","NORMAL_CLEARING","dac20853-e3cb-494d-b6cc-43408b9fb5dd","","1013","",""
"1013","1013","00000972567301988","default","2026-01-08 13:39:39","","2026-01-08 13:39:52","13","0","NORMAL_CLEARING","73b7484f-3d74-48fc-94f2-0db877888f87","","1013","",""
"1013","1013","00000421552302622","default","2026-01-08 13:39:40","","2026-01-08 13:39:53","13","0","NORMAL_CLEARING","d3bc3132-c4be-45a5-9bf8-c30c22b160ad","","1013","",""
"1013","1013","00000972567301988","default","2026-01-08 13:39:40","","2026-01-08 13:39:53","13","0","NORMAL_CLEARING","fb65e418-f4f3-4dcd-9aec-c4a6adb25c84","","1013","",""
"1013","1013","00000972567301988","default","2026-01-08 13:39:41","","2026-01-08 13:39:53","12","0","NORMAL_CLEARING","f0468baf-17fa-485c-8b32-4623ca538667","","1013","",""
"1013","1013","00000421552302622","default","2026-01-08 13:39:41","","2026-01-08 13:39:54","13","0","NORMAL_CLEARING","bb680a91-3231-4df3-a5fc-1575bec9e69f","","1013","",""
"1013","1013","00000421552302622","default","2026-01-08 13:39:42","","2026-01-08 13:39:54","12","0","NORMAL_CLEARING","fdf84739-3690-4f9c-a9aa-14dcf55a2985","","1013","",""
"1013","1013","00000972567301988","default","2026-01-08 13:39:42","","2026-01-08 13:39:54","12","0","NORMAL_CLEARING","1e7b0ce3-8a66-4151-bf96-75b45981df7b","","1013","",""
"1013","1013","00000421552302622","default","2026-01-08 13:39:42","","2026-01-08 13:39:55","13","0","NORMAL_CLEARING","69dbe442-a150-44cb-9055-743be90be880","","1013","",""
"1013","1013","00000972567301988","default","2026-01-08 13:39:42","","2026-01-08 13:39:55","13","0","NORMAL_CLEARING","35195084-c68b-4013-b28b-3c3cdb92e9b5","","1013","",""
"1013","1013","0190421552302622","default","2026-01-08 13:40:02","","2026-01-08 13:40:15","13","0","NORMAL_CLEARING","f7c50e12-9c32-499b-a589-ee1a8046ad75","","1013","",""
"1013","1013","0190972567301988","default","2026-01-08 13:40:02","","2026-01-08 13:40:15","13","0","NORMAL_CLEARING","b26dca68-89e2-41a8-babc-1cac14fc5d59","","1013","",""
"1013","1013","0190972567301988","default","2026-01-08 13:40:03","","2026-01-08 13:40:16","13","0","NORMAL_CLEARING","473d7f32-c09f-44cd-9c04-035646a4efcf","","1013","",""
"1013","1013","0190421552302622","default","2026-01-08 13:40:04","","2026-01-08 13:40:16","12","0","NORMAL_CLEARING","032cfe36-adbf-4b7c-bad9-a63f94e2d67f","","1013","",""
"1013","1013","0190972567301988","default","2026-01-08 13:40:04","","2026-01-08 13:40:16","12","0","NORMAL_CLEARING","c0c9ed04-cb36-43bc-b073-3333d5b32b5c","","1013","",""
"1013","1013","0190421552302622","default","2026-01-08 13:40:04","","2026-01-08 13:40:16","12","0","NORMAL_CLEARING","3228eb05-74b4-43f1-bf43-36376482b891","","1013","",""
"1013","1013","0190421552302622","default","2026-01-08 13:40:04","","2026-01-08 13:40:17","13","0","NORMAL_CLEARING","17c821c6-703f-42fa-99d5-46253d8b7d40","","1013","",""
"1013","1013","0190972567301988","default","2026-01-08 13:40:04","","2026-01-08 13:40:17","13","0","NORMAL_CLEARING","da54be3a-b35d-47c3-8784-b8732dd533d2","","1013","",""
"1013","1013","0190421552302622","default","2026-01-08 13:40:05","","2026-01-08 13:40:18","13","0","NORMAL_CLEARING","59f264dd-f427-4a02-a058-74b9280be7d3","","1013","",""
"1013","1013","0190972567301988","default","2026-01-08 13:40:05","","2026-01-08 13:40:18","13","0","NORMAL_CLEARING","4db15b3b-b209-47b5-9ec6-2bf26cad0ca7","","1013","",""
"1013","1013","01200421552302622","default","2026-01-08 13:40:24","","2026-01-08 13:40:37","13","0","NORMAL_CLEARING","c3594f68-1b34-479c-abe0-cd0f1256d51d","","1013","",""
"1013","1013","01200972567301988","default","2026-01-08 13:40:24","","2026-01-08 13:40:37","13","0","NORMAL_CLEARING","05fc81da-eaa1-4cdd-a2c0-cff90c0f4a70","","1013","",""
"1013","1013","01200421552302622","default","2026-01-08 13:40:25","","2026-01-08 13:40:38","13","0","NORMAL_CLEARING","0a8dba7c-a12b-4a07-a666-fa3df12a6275","","1013","",""
"1013","1013","01200972567301988","default","2026-01-08 13:40:25","","2026-01-08 13:40:38","13","0","NORMAL_CLEARING","0abb1841-2d69-4278-802b-f6901ff39891","","1013","",""
"1013","1013","01200972567301988","default","2026-01-08 13:40:26","","2026-01-08 13:40:38","12","0","NORMAL_CLEARING","26dc5dba-c7b0-4114-bb2f-8cfd66ec7c6b","","1013","",""
"1013","1013","01200421552302622","default","2026-01-08 13:40:26","","2026-01-08 13:40:38","12","0","NORMAL_CLEARING","e2f60b0c-6725-456e-96b8-ef4fcaaa7db6","","1013","",""
"1013","1013","01200421552302622","default","2026-01-08 13:40:26","","2026-01-08 13:40:39","13","0","NORMAL_CLEARING","65a4753b-b4e2-48a4-90d9-0b6168bbe1e6","","1013","",""
"1013","1013","01200972567301988","default","2026-01-08 13:40:26","","2026-01-08 13:40:39","13","0","NORMAL_CLEARING","14c8379d-f766-4204-a493-15616c8349b0","","1013","",""
"1013","1013","01200421552302622","default","2026-01-08 13:40:27","","2026-01-08 13:40:40","13","0","NORMAL_CLEARING","95f07138-6693-4c8e-95d5-8e6b4f22c7a6","","1013","",""
"1013","1013","01200972567301988","default","2026-01-08 13:40:27","","2026-01-08 13:40:40","13","0","NORMAL_CLEARING","897ea258-b76d-4b64-92ef-9fb3b50ac4ab","","1013","",""
"1013","1013","10700421552302622","default","2026-01-08 13:40:46","","2026-01-08 13:40:59","13","0","NORMAL_CLEARING","5aa1141a-a9ee-4ea8-b2ad-531bb03788e3","","1013","",""
"1013","1013","10700972567301988","default","2026-01-08 13:40:46","","2026-01-08 13:40:59","13","0","NORMAL_CLEARING","de537f63-7f0b-4313-a8ab-b2ad9565bfa5","","1013","",""
"1013","1013","10700421552302622","default","2026-01-08 13:40:47","","2026-01-08 13:40:59","12","0","NORMAL_CLEARING","337185a1-f0d5-466c-abf7-156ee49eb744","","1013","",""
"1013","1013","10700972567301988","default","2026-01-08 13:40:47","","2026-01-08 13:41:00","13","0","NORMAL_CLEARING","4e79ef7e-e0c4-4477-95a1-50bdb595360b","","1013","",""
"1013","1013","10700421552302622","default","2026-01-08 13:40:48","","2026-01-08 13:41:00","12","0","NORMAL_CLEARING","b99f1ed9-6291-433f-9859-f9dbbcdbd47e","","1013","",""
"1013","1013","10700972567301988","default","2026-01-08 13:40:48","","2026-01-08 13:41:00","12","0","NORMAL_CLEARING","833d646f-738c-4bc8-8ec9-65562efedc88","","1013","",""
"1013","1013","10700421552302622","default","2026-01-08 13:40:49","","2026-01-08 13:41:01","12","0","NORMAL_CLEARING","3a9c7d41-c5fa-4b36-ab6f-53cb6f9e9971","","1013","",""
"1013","1013","10700972567301988","default","2026-01-08 13:40:49","","2026-01-08 13:41:01","12","0","NORMAL_CLEARING","7861c51c-891b-4c91-b0e3-1be3d9ff70b5","","1013","",""
"1013","1013","10700972567301988","default","2026-01-08 13:40:49","","2026-01-08 13:41:02","13","0","NORMAL_CLEARING","1fbd9318-5189-4f93-ad74-b134024363ec","","1013","",""
"1013","1013","10700421552302622","default","2026-01-08 13:40:49","","2026-01-08 13:41:02","13","0","NORMAL_CLEARING","91e6acd3-3d4e-49e3-8ff3-6c02c15fd0c7","","1013","",""
"1013","1013","00414972567301988","default","2026-01-08 13:41:09","","2026-01-08 13:41:21","12","0","NORMAL_CLEARING","9d2461d2-a136-49b9-9a47-6877a86a3503","","1013","",""
"1013","1013","00414421552302622","default","2026-01-08 13:41:09","","2026-01-08 13:41:21","12","0","NORMAL_CLEARING","30a1934f-df24-497b-b9bd-c3e00e518892","","1013","",""
"1013","1013","00414972567301988","default","2026-01-08 13:41:10","","2026-01-08 13:41:22","12","0","NORMAL_CLEARING","e86df493-7be5-4728-884a-ec9ff456a1de","","1013","",""
"1013","1013","00414421552302622","default","2026-01-08 13:41:10","","2026-01-08 13:41:22","12","0","NORMAL_CLEARING","ce78b046-5168-4645-93f0-7a0864815504","","1013","",""
"1013","1013","00414421552302622","default","2026-01-08 13:41:10","","2026-01-08 13:41:22","12","0","NORMAL_CLEARING","c6367fa4-4442-4859-a7dc-b1790312a424","","1013","",""
"1013","1013","00414972567301988","default","2026-01-08 13:41:10","","2026-01-08 13:41:22","12","0","NORMAL_CLEARING","89bd079f-b9e7-42f1-afd9-5556ffd69af4","","1013","",""
"1013","1013","00414421552302622","default","2026-01-08 13:41:11","","2026-01-08 13:41:23","12","0","NORMAL_CLEARING","de25b0e8-12c9-469f-8bc5-1e410337e499","","1013","",""
"1013","1013","00414972567301988","default","2026-01-08 13:41:11","","2026-01-08 13:41:23","12","0","NORMAL_CLEARING","033b514c-ed61-418d-a809-ece8d76ab4fe","","1013","",""
"1013","1013","00414972567301988","default","2026-01-08 13:41:12","","2026-01-08 13:41:24","12","0","NORMAL_CLEARING","1bf4459e-077c-4bf2-995c-3a748cada2dd","","1013","",""
"1013","1013","00414421552302622","default","2026-01-08 13:41:12","","2026-01-08 13:41:24","12","0","NORMAL_CLEARING","e007e2ce-e883-4e01-ba00-dc6f1ea02bc2","","1013","",""
"1013","1013","819300421552302622","default","2026-01-08 13:41:31","","2026-01-08 13:41:42","11","0","NORMAL_CLEARING","8b76e4a3-0d44-4b18-9759-c15c67d67101","","1013","",""
"1013","1013","819300972567301988","default","2026-01-08 13:41:31","","2026-01-08 13:41:42","11","0","NORMAL_CLEARING","00325077-9ada-491f-8819-5c02a023bd82","","1013","",""
"1013","1013","819300972567301988","default","2026-01-08 13:41:32","","2026-01-08 13:41:43","11","0","NORMAL_CLEARING","354a4a2f-5a2e-45c6-91d7-52de4f9738b8","","1013","",""
"1013","1013","819300421552302622","default","2026-01-08 13:41:32","","2026-01-08 13:41:43","11","0","NORMAL_CLEARING","70118979-8f2c-49da-abbe-c809e451a28a","","1013","",""
"1013","1013","819300421552302622","default","2026-01-08 13:41:32","","2026-01-08 13:41:44","12","0","NORMAL_CLEARING","78ce7491-06b9-4333-84f5-e0717002f2b9","","1013","",""
"1013","1013","819300972567301988","default","2026-01-08 13:41:32","","2026-01-08 13:41:44","12","0","NORMAL_CLEARING","7f958980-b8d3-4a53-8faf-573caee04bf7","","1013","",""
"1013","1013","819300972567301988","default","2026-01-08 13:41:33","","2026-01-08 13:41:45","12","0","NORMAL_CLEARING","ebcd4f28-89a7-4c47-adae-776702e9e570","","1013","",""
"1013","1013","819300421552302622","default","2026-01-08 13:41:33","","2026-01-08 13:41:45","12","0","NORMAL_CLEARING","eaf299cc-47b1-4c9b-8bcb-4a7af3bf5455","","1013","",""
"1013","1013","819300972567301988","default","2026-01-08 13:41:34","","2026-01-08 13:41:46","12","0","NORMAL_CLEARING","4d8a1768-188f-4d93-b9a8-d85e1dd6f5bb","","1013","",""
"1013","1013","819300421552302622","default","2026-01-08 13:41:34","","2026-01-08 13:41:46","12","0","NORMAL_CLEARING","c832fe16-aac4-443b-a487-1d7d8a39d120","","1013","",""
"1013","1013","1790900421552302622","default","2026-01-08 13:41:53","","2026-01-08 13:42:04","11","0","NORMAL_CLEARING","47470898-0668-4964-97a5-4c7d9553e99c","","1013","",""
"1013","1013","1790900972567301988","default","2026-01-08 13:41:53","","2026-01-08 13:42:04","11","0","NORMAL_CLEARING","efee2f26-d875-43fd-8f53-089b07828c64","","1013","",""
"1013","1013","1790900421552302622","default","2026-01-08 13:41:54","","2026-01-08 13:42:05","11","0","NORMAL_CLEARING","e266612f-e826-4b91-9a75-ad7b712ea460","","1013","",""
"1013","1013","1790900972567301988","default","2026-01-08 13:41:54","","2026-01-08 13:42:05","11","0","NORMAL_CLEARING","ad21369f-c7d0-415f-9dad-b7deda594618","","1013","",""
"1013","1013","1790900972567301988","default","2026-01-08 13:41:55","","2026-01-08 13:42:06","11","0","NORMAL_CLEARING","c9e79bb1-9682-4ebc-b9bf-0c179cc5fb76","","1013","",""
"1013","1013","1790900421552302622","default","2026-01-08 13:41:55","","2026-01-08 13:42:06","11","0","NORMAL_CLEARING","e6abf4ab-7fa5-45d6-b986-0a0544cb01de","","1013","",""
"1013","1013","1790900421552302622","default","2026-01-08 13:41:55","","2026-01-08 13:42:07","12","0","NORMAL_CLEARING","c3cc17d8-9eff-4333-a3a4-d62210314c09","","1013","",""
"1013","1013","1790900972567301988","default","2026-01-08 13:41:55","","2026-01-08 13:42:07","12","0","NORMAL_CLEARING","ed93517f-daec-4d36-a582-8d62a2ef42ed","","1013","",""
"1013","1013","1790900421552302622","default","2026-01-08 13:41:56","","2026-01-08 13:42:07","11","0","NORMAL_CLEARING","82b0f2af-a2b5-4bc8-b0bc-69a12d36cda2","","1013","",""
"1013","1013","1790900972567301988","default","2026-01-08 13:41:56","","2026-01-08 13:42:08","12","0","NORMAL_CLEARING","48fa20af-c98c-4fea-864d-62a5bb18d808","","1013","",""
"1013","1013","00.421552302622","default","2026-01-08 13:42:15","","2026-01-08 13:42:27","12","0","NORMAL_CLEARING","dae53a05-1cc4-4466-8a8f-5169444ae927","","1013","",""
"1013","1013","00.972567301988","default","2026-01-08 13:42:15","","2026-01-08 13:42:27","12","0","NORMAL_CLEARING","1d4c339c-9d7b-41c3-90ee-9c55ea72f96f","","1013","",""
"1013","1013","00.421552302622","default","2026-01-08 13:42:16","","2026-01-08 13:42:28","12","0","NORMAL_CLEARING","04bde6c9-48a7-4b44-86ec-e3831e03844c","","1013","",""
"1013","1013","00.972567301988","default","2026-01-08 13:42:16","","2026-01-08 13:42:28","12","0","NORMAL_CLEARING","c20dd3eb-dde9-4ba6-a496-eb94cbdf9f5a","","1013","",""
"1013","1013","00.972567301988","default","2026-01-08 13:42:17","","2026-01-08 13:42:28","11","0","NORMAL_CLEARING","1c7a9809-cabc-4586-9e99-bc1ef3a2081c","","1013","",""
"1013","1013","00.421552302622","default","2026-01-08 13:42:17","","2026-01-08 13:42:28","11","0","NORMAL_CLEARING","1da5d060-9ca3-43ac-a4ba-2c8077747263","","1013","",""
"1013","1013","00.421552302622","default","2026-01-08 13:42:17","","2026-01-08 13:42:29","12","0","NORMAL_CLEARING","c82eca07-b4d8-4b60-89bb-2d9cb9dcf56c","","1013","",""
"1013","1013","00.972567301988","default","2026-01-08 13:42:17","","2026-01-08 13:42:29","12","0","NORMAL_CLEARING","a43e6155-711b-46f9-8bc1-36c0543a9d85","","1013","",""
"1013","1013","00.972567301988","default","2026-01-08 13:42:18","","2026-01-08 13:42:30","12","0","NORMAL_CLEARING","20485d87-5081-4945-a53b-52ec5106eb96","","1013","",""
"1013","1013","00.421552302622","default","2026-01-08 13:42:18","","2026-01-08 13:42:30","12","0","NORMAL_CLEARING","013e8f07-990d-4415-8af8-0c60113c0435","","1013","",""
"1013","1013","10972567301988","default","2026-01-08 13:42:37","","2026-01-08 13:42:48","11","0","NORMAL_CLEARING","9ac2cb94-6754-449c-9a8f-f8ed2f36e116","","1013","",""
"1013","1013","10421552302622","default","2026-01-08 13:42:37","","2026-01-08 13:42:49","12","0","NORMAL_CLEARING","aa52d54c-a217-4370-a416-36668f649bc9","","1013","",""
"1013","1013","10421552302622","default","2026-01-08 13:42:38","","2026-01-08 13:42:49","11","0","NORMAL_CLEARING","5811438b-197b-4670-8548-8ee5bf9f5b59","","1013","",""
"1013","1013","10972567301988","default","2026-01-08 13:42:38","","2026-01-08 13:42:49","11","0","NORMAL_CLEARING","25752e9d-7665-4f13-b2bc-37657ca0151d","","1013","",""
"1013","1013","10421552302622","default","2026-01-08 13:42:39","","2026-01-08 13:42:50","11","0","NORMAL_CLEARING","4193d4ae-f214-496a-a2e6-4631a2015873","","1013","",""
"1013","1013","10972567301988","default","2026-01-08 13:42:39","","2026-01-08 13:42:50","11","0","NORMAL_CLEARING","aa29eb42-597e-4cb4-b98b-d12824363483","","1013","",""
"1013","1013","10972567301988","default","2026-01-08 13:42:40","","2026-01-08 13:42:51","11","0","NORMAL_CLEARING","5a4df298-ca27-4b92-bd4a-cfc835b937fd","","1013","",""
"1013","1013","10421552302622","default","2026-01-08 13:42:40","","2026-01-08 13:42:51","11","0","NORMAL_CLEARING","572a67e5-a724-4617-b661-958935838c99","","1013","",""
"1013","1013","10972567301988","default","2026-01-08 13:42:40","","2026-01-08 13:42:51","11","0","NORMAL_CLEARING","45f3db87-3dcf-4922-a34c-66537810686f","","1013","",""
"1013","1013","10421552302622","default","2026-01-08 13:42:41","","2026-01-08 13:42:51","10","0","NORMAL_CLEARING","5e925438-4969-4723-b32e-337c549346e1","","1013","",""
"1013","1013","40972567301988","default","2026-01-08 13:43:00","","2026-01-08 13:43:12","12","0","UNALLOCATED_NUMBER","88da43ea-ab53-42d6-916e-5a4259d0719b","","1013","",""
"1013","1013","40421552302622","default","2026-01-08 13:43:00","","2026-01-08 13:43:12","12","0","UNALLOCATED_NUMBER","83ca219a-2e55-4d4d-b55f-904a06f81cce","","1013","",""
"1013","1013","40972567301988","default","2026-01-08 13:43:00","","2026-01-08 13:43:13","13","0","UNALLOCATED_NUMBER","4de11fcb-cd12-426d-b0e4-2eda064bf7f2","","1013","",""
"1013","1013","40421552302622","default","2026-01-08 13:43:00","","2026-01-08 13:43:13","13","0","UNALLOCATED_NUMBER","f3892e17-d9cc-49be-a939-dc6ddca2b39e","","1013","",""
"1013","1013","40972567301988","default","2026-01-08 13:43:01","","2026-01-08 13:43:14","13","0","UNALLOCATED_NUMBER","737c5ae0-d81c-4379-9a9a-7526f86c10e4","","1013","",""
"1013","1013","40421552302622","default","2026-01-08 13:43:01","","2026-01-08 13:43:14","13","0","UNALLOCATED_NUMBER","18a60690-635b-414e-aa0d-40f03cd131fb","","1013","",""
"1013","1013","40972567301988","default","2026-01-08 13:43:02","","2026-01-08 13:43:14","12","0","UNALLOCATED_NUMBER","7b7b1028-4263-4753-afd5-9a6576a1bbea","","1013","",""
"1013","1013","40421552302622","default","2026-01-08 13:43:02","","2026-01-08 13:43:14","12","0","UNALLOCATED_NUMBER","52b2a977-8c19-46cc-937c-12930fd9c3e2","","1013","",""
"1013","1013","40421552302622","default","2026-01-08 13:43:03","","2026-01-08 13:43:15","12","0","UNALLOCATED_NUMBER","62fcc7b4-89f2-4ebc-8ad4-972b060a3984","","1013","",""
"1013","1013","40972567301988","default","2026-01-08 13:43:03","","2026-01-08 13:43:15","12","0","UNALLOCATED_NUMBER","e58cb16b-b295-4c68-b777-f5239cb7c6e4","","1013","",""
"1013","1013","90972567301988","default","2026-01-08 13:43:22","","2026-01-08 13:43:35","13","0","UNALLOCATED_NUMBER","53486f69-bbbd-4384-bd70-36e6ef39fffc","","1013","",""
"1013","1013","90421552302622","default","2026-01-08 13:43:22","","2026-01-08 13:43:35","13","0","UNALLOCATED_NUMBER","f3455d05-3df2-4f9b-ad7e-e26a22f32e39","","1013","",""
"1013","1013","90972567301988","default","2026-01-08 13:43:23","","2026-01-08 13:43:36","13","0","UNALLOCATED_NUMBER","8c503d32-d215-4c28-ae89-cc99c9d9e37d","","1013","",""
"1013","1013","90421552302622","default","2026-01-08 13:43:23","","2026-01-08 13:43:36","13","0","UNALLOCATED_NUMBER","b5b076ed-cf6e-4876-a35a-5e1ddafb6bea","","1013","",""
"1013","1013","90972567301988","default","2026-01-08 13:43:23","","2026-01-08 13:43:36","13","0","UNALLOCATED_NUMBER","4746cdfe-ab0d-4c07-ac59-03f6258f3990","","1013","",""
"1013","1013","90421552302622","default","2026-01-08 13:43:23","","2026-01-08 13:43:37","14","0","UNALLOCATED_NUMBER","92f3c1f2-b663-44fb-8196-a163ed78d677","","1013","",""
"1013","1013","90421552302622","default","2026-01-08 13:43:25","","2026-01-08 13:43:39","14","0","UNALLOCATED_NUMBER","5aee9786-2886-4da9-a38d-32e8145a2b1a","","1013","",""
"1013","1013","90972567301988","default","2026-01-08 13:43:25","","2026-01-08 13:43:39","14","0","UNALLOCATED_NUMBER","87072a60-d53e-402f-9ebf-d2ec41388434","","1013","",""
"1013","1013","007972567301988","default","2026-01-08 13:43:43","","2026-01-08 13:43:56","13","0","NORMAL_CLEARING","d31ef0b4-b199-410a-b3e3-c4b50e1b253b","","1013","",""
"1013","1013","007421552302622","default","2026-01-08 13:43:43","","2026-01-08 13:43:56","13","0","NORMAL_CLEARING","79dff329-3d45-462e-a3e1-2966f72cd24f","","1013","",""
"1013","1013","007421552302622","default","2026-01-08 13:43:43","","2026-01-08 13:43:56","13","0","NORMAL_CLEARING","6e4b60f9-b2b7-4bd2-8887-2cfc3cde995a","","1013","",""
"1013","1013","007972567301988","default","2026-01-08 13:43:43","","2026-01-08 13:43:56","13","0","NORMAL_CLEARING","522429d6-4d36-4b2e-8470-26fbffa450dd","","1013","",""
"1013","1013","007421552302622","default","2026-01-08 13:43:45","","2026-01-08 13:43:58","13","0","NORMAL_CLEARING","e117fd85-2001-4f41-87bf-9cd582f118f0","","1013","",""
"1013","1013","007972567301988","default","2026-01-08 13:43:45","","2026-01-08 13:43:58","13","0","NORMAL_CLEARING","41a2f6a8-8586-4894-9f4b-e8619e38965c","","1013","",""
"1013","1013","007972567301988","default","2026-01-08 13:43:45","","2026-01-08 13:43:58","13","0","NORMAL_CLEARING","fe39e2fc-6e37-496a-8859-886f82596b95","","1013","",""
"1013","1013","007421552302622","default","2026-01-08 13:43:45","","2026-01-08 13:43:58","13","0","NORMAL_CLEARING","5ec813c7-b296-42f3-b505-9ce1a8dff98f","","1013","",""
"1013","1013","007972567301988","default","2026-01-08 13:43:47","","2026-01-08 13:44:00","13","0","NORMAL_CLEARING","cd1f9ae2-737f-4512-a5e9-ed9e4bd11d2c","","1013","",""
"1013","1013","007421552302622","default","2026-01-08 13:43:47","","2026-01-08 13:44:00","13","0","NORMAL_CLEARING","ad462f85-753d-4bda-ab55-3fcda1855628","","1013","",""
"1013","1013","009972567301988","default","2026-01-08 13:44:05","","2026-01-08 13:44:19","14","0","NORMAL_CLEARING","a8ff94b8-ea80-45b5-b776-43ee6e60bf49","","1013","",""
"1013","1013","009421552302622","default","2026-01-08 13:44:05","","2026-01-08 13:44:19","14","0","NORMAL_CLEARING","08c219a0-f1ed-487b-ab31-183703311ca8","","1013","",""
"1013","1013","009421552302622","default","2026-01-08 13:44:06","","2026-01-08 13:44:20","14","0","NORMAL_CLEARING","61db2e4b-589c-4fc5-a56c-e701f99bc44c","","1013","",""
"1013","1013","009972567301988","default","2026-01-08 13:44:06","","2026-01-08 13:44:20","14","0","NORMAL_CLEARING","99266ea5-6d9d-4564-95bd-41f5a312a95e","","1013","",""
"1013","1013","009972567301988","default","2026-01-08 13:44:07","","2026-01-08 13:44:21","14","0","NORMAL_CLEARING","237be2f2-b95f-43eb-b8d3-58d18a121abb","","1013","",""
"1013","1013","009421552302622","default","2026-01-08 13:44:07","","2026-01-08 13:44:21","14","0","NORMAL_CLEARING","b0316ec2-402f-4a78-a74c-48c56f3bb85c","","1013","",""
"1013","1013","009421552302622","default","2026-01-08 13:44:08","","2026-01-08 13:44:22","14","0","NORMAL_CLEARING","cfa616a8-52d9-4344-8b2b-7c377e66e191","","1013","",""
"1013","1013","009972567301988","default","2026-01-08 13:44:08","","2026-01-08 13:44:22","14","0","NORMAL_CLEARING","cb6f518e-4c8c-49af-8af1-039898cf4361","","1013","",""
"1013","1013","009421552302622","default","2026-01-08 13:44:09","","2026-01-08 13:44:24","15","0","NORMAL_CLEARING","bdc46439-9db7-46a5-a29c-12ed951e0d92","","1013","",""
"1013","1013","009972567301988","default","2026-01-08 13:44:09","","2026-01-08 13:44:24","15","0","NORMAL_CLEARING","dace39d8-1da5-4383-829f-05f2ba2f1d07","","1013","",""
"1013","1013","9900972567301988","default","2026-01-08 13:44:28","","2026-01-08 13:44:41","13","0","NORMAL_CLEARING","02b8b882-7219-497b-9df5-6897126780aa","","1013","",""
"1013","1013","9900421552302622","default","2026-01-08 13:44:28","","2026-01-08 13:44:42","14","0","NORMAL_CLEARING","1406e5f2-b837-473a-a08f-58212a5619cc","","1013","",""
"1013","1013","9900972567301988","default","2026-01-08 13:44:28","","2026-01-08 13:44:42","14","0","NORMAL_CLEARING","a61ebd65-bebe-463b-a0c3-61e2b2550257","","1013","",""
"1013","1013","9900421552302622","default","2026-01-08 13:44:28","","2026-01-08 13:44:42","14","0","NORMAL_CLEARING","0899e660-afb2-4501-993f-9bf31c489984","","1013","",""
"1013","1013","9900421552302622","default","2026-01-08 13:44:29","","2026-01-08 13:44:43","14","0","NORMAL_CLEARING","682a562b-d4d4-494a-a79b-914024b7889d","","1013","",""
"1013","1013","9900972567301988","default","2026-01-08 13:44:29","","2026-01-08 13:44:44","15","0","NORMAL_CLEARING","1c77b5d2-b93b-443c-ad28-2b97d22968b3","","1013","",""
"1013","1013","9900421552302622","default","2026-01-08 13:44:30","","2026-01-08 13:44:44","14","0","NORMAL_CLEARING","7e5c7af3-3194-4fe7-a88b-9a16b62e2ffe","","1013","",""
"1013","1013","9900972567301988","default","2026-01-08 13:44:30","","2026-01-08 13:44:44","14","0","NORMAL_CLEARING","1b8a834b-8d17-4519-a6db-8df487d333ba","","1013","",""
"1013","1013","9900972567301988","default","2026-01-08 13:44:32","","2026-01-08 13:44:45","13","0","NORMAL_CLEARING","e315b89a-6b20-4472-90e1-c5d1e7960841","","1013","",""
"1013","1013","9900421552302622","default","2026-01-08 13:44:32","","2026-01-08 13:44:46","14","0","NORMAL_CLEARING","8a3f176d-9053-42d6-8cbb-45353ab2574d","","1013","",""
"1013","1013","8800421552302622","default","2026-01-08 13:44:50","","2026-01-08 13:45:04","14","0","NORMAL_CLEARING","ba6cfdf7-9ce2-423a-8032-a8ddaafd7e85","","1013","",""
"1013","1013","8800972567301988","default","2026-01-08 13:44:50","","2026-01-08 13:45:04","14","0","NORMAL_CLEARING","14f92da5-86a2-49f4-b663-89f64ac497d8","","1013","",""
"1013","1013","8800421552302622","default","2026-01-08 13:44:50","","2026-01-08 13:45:04","14","0","NORMAL_CLEARING","dbc08350-3af7-4a4d-8943-3bf065a8b96c","","1013","",""
"1013","1013","8800972567301988","default","2026-01-08 13:44:50","","2026-01-08 13:45:05","15","0","NORMAL_CLEARING","52a21671-c605-45a7-8c9d-d93557d0f404","","1013","",""
"1013","1013","8800421552302622","default","2026-01-08 13:44:51","","2026-01-08 13:45:05","14","0","NORMAL_CLEARING","b7682f96-4ca2-4af6-9ab3-7ce535d813ec","","1013","",""
"1013","1013","8800972567301988","default","2026-01-08 13:44:51","","2026-01-08 13:45:06","15","0","NORMAL_CLEARING","ced196a9-4c5d-4c88-b801-d2c7d57ffbe2","","1013","",""
"1013","1013","8800421552302622","default","2026-01-08 13:44:52","","2026-01-08 13:45:06","14","0","NORMAL_CLEARING","686f1db4-0862-44cf-b06f-14e1e1393b10","","1013","",""
"1013","1013","8800972567301988","default","2026-01-08 13:44:52","","2026-01-08 13:45:06","14","0","NORMAL_CLEARING","23155f23-6df7-4ac1-beb6-7610f02461fb","","1013","",""
"1013","1013","8800421552302622","default","2026-01-08 13:44:54","","2026-01-08 13:45:08","14","0","NORMAL_CLEARING","6666d59d-37ee-4114-b7a5-78f870fc8914","","1013","",""
"1013","1013","8800972567301988","default","2026-01-08 13:44:54","","2026-01-08 13:45:08","14","0","NORMAL_CLEARING","2de914a6-b6c5-44d5-951b-4893ce821515","","1013","",""
"1013","1013","5500972567301988","default","2026-01-08 13:45:13","","2026-01-08 13:45:26","13","0","NORMAL_CLEARING","8db0cf95-e39e-4d74-a1bf-aff34e8d3f75","","1013","",""
"1013","1013","5500972567301988","default","2026-01-08 13:45:13","","2026-01-08 13:45:26","13","0","NORMAL_CLEARING","bc067f4b-6bdd-40f1-86a0-dde6b6d9d362","","1013","",""
"1013","1013","5500421552302622","default","2026-01-08 13:45:13","","2026-01-08 13:45:26","13","0","NORMAL_CLEARING","f2366028-fac7-4fac-b887-000e915c03cc","","1013","",""
"1013","1013","5500421552302622","default","2026-01-08 13:45:13","","2026-01-08 13:45:26","13","0","NORMAL_CLEARING","5cdda34f-1727-4f7b-86c7-962f7e61d112","","1013","",""
"1013","1013","5500972567301988","default","2026-01-08 13:45:14","","2026-01-08 13:45:27","13","0","NORMAL_CLEARING","eace9072-685e-460f-90fb-467d1aee12ad","","1013","",""
"1013","1013","5500421552302622","default","2026-01-08 13:45:14","","2026-01-08 13:45:27","13","0","NORMAL_CLEARING","a48ee245-3e02-4a42-8111-a4b979c9c64b","","1013","",""
"1013","1013","5500972567301988","default","2026-01-08 13:45:15","","2026-01-08 13:45:28","13","0","NORMAL_CLEARING","76a37d81-ae58-45e6-9311-dd2824753904","","1013","",""
"1013","1013","5500421552302622","default","2026-01-08 13:45:15","","2026-01-08 13:45:28","13","0","NORMAL_CLEARING","db9f093b-0b82-45b0-8f92-937d64ca947d","","1013","",""
"1013","1013","5500972567301988","default","2026-01-08 13:45:17","","2026-01-08 13:45:30","13","0","NORMAL_CLEARING","789bd5c1-79c8-4776-a4e9-26297d17c713","","1013","",""
"1013","1013","5500421552302622","default","2026-01-08 13:45:17","","2026-01-08 13:45:30","13","0","NORMAL_CLEARING","b03ddfbf-809f-4855-aea5-8247cf82f735","","1013","",""
"1013","1013","1100421552302622","default","2026-01-08 13:45:35","","2026-01-08 13:45:49","14","0","NORMAL_CLEARING","7e5db399-6602-4a55-a876-da453862fe22","","1013","",""
"1013","1013","1100421552302622","default","2026-01-08 13:45:35","","2026-01-08 13:45:49","14","0","NORMAL_CLEARING","acc7174b-6d1b-4a69-9ed1-26e84f16f12d","","1013","",""
"1013","1013","1100972567301988","default","2026-01-08 13:45:35","","2026-01-08 13:45:49","14","0","NORMAL_CLEARING","a1189508-a6d7-45c1-b8e0-6aacc93f41db","","1013","",""
"1013","1013","1100972567301988","default","2026-01-08 13:45:35","","2026-01-08 13:45:49","14","0","NORMAL_CLEARING","9005fef0-9942-4350-9a70-8a9a189e860c","","1013","",""
"1013","1013","1100421552302622","default","2026-01-08 13:45:37","","2026-01-08 13:45:50","13","0","NORMAL_CLEARING","8c96545b-3839-49d0-9dad-4efe7d0a2b7f","","1013","",""
"1013","1013","1100972567301988","default","2026-01-08 13:45:37","","2026-01-08 13:45:50","13","0","NORMAL_CLEARING","b900f575-762b-4877-87ea-9c508148795e","","1013","",""
"1013","1013","1100421552302622","default","2026-01-08 13:45:37","","2026-01-08 13:45:51","14","0","NORMAL_CLEARING","6f2ca36c-0c8f-4e1c-9548-06614290d17e","","1013","",""
"1013","1013","1100972567301988","default","2026-01-08 13:45:37","","2026-01-08 13:45:51","14","0","NORMAL_CLEARING","39312c60-9b22-4115-a6aa-8bcbca9d190d","","1013","",""
"1013","1013","1100421552302622","default","2026-01-08 13:45:40","","2026-01-08 13:45:53","13","0","NORMAL_CLEARING","1829b86e-b5f3-4fe9-a04b-1de2530a5633","","1013","",""
"1013","1013","1100972567301988","default","2026-01-08 13:45:40","","2026-01-08 13:45:53","13","0","NORMAL_CLEARING","c42f73e9-2f0f-4d2e-887b-0383d8b69a34","","1013","",""
"1013","1013","2200972567301988","default","2026-01-08 13:45:58","","2026-01-08 13:46:11","13","0","NORMAL_CLEARING","21dd2686-aa79-4ca7-a5a6-5419c1e2d949","","1013","",""
"1013","1013","2200972567301988","default","2026-01-08 13:45:58","","2026-01-08 13:46:11","13","0","NORMAL_CLEARING","1bdd88ab-edde-45fc-a74e-8bcd1cae3473","","1013","",""
"1013","1013","2200421552302622","default","2026-01-08 13:45:58","","2026-01-08 13:46:11","13","0","NORMAL_CLEARING","d9fb18bc-1a4f-4b7c-ae43-2ed731329872","","1013","",""
"1013","1013","2200421552302622","default","2026-01-08 13:45:58","","2026-01-08 13:46:11","13","0","NORMAL_CLEARING","edd3f193-254d-4c30-93bc-e1a8623a23ea","","1013","",""
"1013","1013","2200421552302622","default","2026-01-08 13:45:59","","2026-01-08 13:46:12","13","0","NORMAL_CLEARING","d7e73d18-7be0-481a-9788-1d40da55c7ed","","1013","",""
"1013","1013","2200972567301988","default","2026-01-08 13:45:59","","2026-01-08 13:46:12","13","0","NORMAL_CLEARING","0e09fd3e-ae05-47cd-9c58-50c5bfac2e3b","","1013","",""
"1013","1013","2200972567301988","default","2026-01-08 13:46:00","","2026-01-08 13:46:13","13","0","NORMAL_CLEARING","7cce540c-f31c-4583-94f0-85f2eee6c916","","1013","",""
"1013","1013","2200421552302622","default","2026-01-08 13:46:00","","2026-01-08 13:46:13","13","0","NORMAL_CLEARING","b4b774a1-2750-4518-9777-9aa4e589262e","","1013","",""
"1013","1013","2200421552302622","default","2026-01-08 13:46:02","","2026-01-08 13:46:15","13","0","NORMAL_CLEARING","deaecb51-eff7-456c-b34e-a62281cd7d82","","1013","",""
"1013","1013","2200972567301988","default","2026-01-08 13:46:02","","2026-01-08 13:46:15","13","0","NORMAL_CLEARING","05ad4fd2-e444-4cb5-8e0c-b9446530194b","","1013","",""
"1013","1013","3300972567301988","default","2026-01-08 13:46:20","","2026-01-08 13:46:35","15","0","NORMAL_CLEARING","a5c7b642-b975-41cd-b6aa-febdfcd1c948","","1013","",""
"1013","1013","3300421552302622","default","2026-01-08 13:46:20","","2026-01-08 13:46:35","15","0","NORMAL_CLEARING","63386cfa-705b-4e79-978d-c4428d9205c8","","1013","",""
"1013","1013","3300421552302622","default","2026-01-08 13:46:21","","2026-01-08 13:46:36","15","0","NORMAL_CLEARING","4faa2b3a-e649-4547-a790-c320189ca12e","","1013","",""
"1013","1013","3300972567301988","default","2026-01-08 13:46:21","","2026-01-08 13:46:36","15","0","NORMAL_CLEARING","594a845c-1d64-4d0e-9c11-af71f1e55845","","1013","",""
"1013","1013","3300972567301988","default","2026-01-08 13:46:21","","2026-01-08 13:46:37","16","0","NORMAL_CLEARING","e678a893-e7a8-4a1a-ab25-05184de9e654","","1013","",""
"1013","1013","3300421552302622","default","2026-01-08 13:46:21","","2026-01-08 13:46:37","16","0","NORMAL_CLEARING","08392e4d-48db-4710-afcb-ede7985f6bcc","","1013","",""
"1013","1013","3300972567301988","default","2026-01-08 13:46:22","","2026-01-08 13:46:38","16","0","NORMAL_CLEARING","e176b774-adf3-4be4-a335-44e9c8af996e","","1013","",""
"1013","1013","3300421552302622","default","2026-01-08 13:46:22","","2026-01-08 13:46:38","16","0","NORMAL_CLEARING","0d8fbb34-1885-41b2-a871-f958cc3a94c1","","1013","",""
"1013","1013","3300421552302622","default","2026-01-08 13:46:24","","2026-01-08 13:46:40","16","0","NORMAL_CLEARING","a906832f-5cd1-4a7d-a42b-92db09bcee46","","1013","",""
"1013","1013","3300972567301988","default","2026-01-08 13:46:24","","2026-01-08 13:46:40","16","0","NORMAL_CLEARING","d5c24cff-d707-45f8-94ac-0385b40a5a73","","1013","",""
"1013","1013","9000972567301988","default","2026-01-08 13:46:43","","2026-01-08 13:46:58","15","0","NORMAL_CLEARING","82f22235-6cc0-4213-94ef-d151d0057663","","1013","",""
"1013","1013","9000421552302622","default","2026-01-08 13:46:43","","2026-01-08 13:46:58","15","0","NORMAL_CLEARING","768de471-6e18-402d-9d73-a1c7cb30b53e","","1013","",""
"1013","1013","9000972567301988","default","2026-01-08 13:46:43","","2026-01-08 13:46:58","15","0","NORMAL_CLEARING","1269dc53-8f2d-4588-8d27-960cbd3091da","","1013","",""
"1013","1013","9000421552302622","default","2026-01-08 13:46:43","","2026-01-08 13:46:59","16","0","NORMAL_CLEARING","791bb38b-77c8-4e50-8547-4b20c1878315","","1013","",""
"1013","1013","9000421552302622","default","2026-01-08 13:46:44","","2026-01-08 13:46:59","15","0","NORMAL_CLEARING","03187ba3-18ca-4958-8e57-99367d392924","","1013","",""
"1013","1013","9000972567301988","default","2026-01-08 13:46:44","","2026-01-08 13:46:59","15","0","NORMAL_CLEARING","486f2620-db24-49e2-88eb-10b6cf6789df","","1013","",""
"1013","1013","9000972567301988","default","2026-01-08 13:46:45","","2026-01-08 13:47:00","15","0","NORMAL_CLEARING","9f713ea4-0cb1-4465-9089-299c349692bd","","1013","",""
"1013","1013","9000421552302622","default","2026-01-08 13:46:45","","2026-01-08 13:47:00","15","0","NORMAL_CLEARING","e73d7d45-1d43-4bca-a358-0fbba743b08b","","1013","",""
"1013","1013","9000421552302622","default","2026-01-08 13:46:47","","2026-01-08 13:47:02","15","0","NORMAL_CLEARING","5bada3b4-dda7-42c1-b865-1e6c112808d4","","1013","",""
"1013","1013","9000972567301988","default","2026-01-08 13:46:47","","2026-01-08 13:47:02","15","0","NORMAL_CLEARING","9910a5ce-7926-49ca-86d4-20005a8a425c","","1013","",""
"1013","1013","8000972567301988","default","2026-01-08 13:47:05","","2026-01-08 13:47:18","13","0","NORMAL_CLEARING","49b6d566-0e93-46b5-a5d1-c55830d4bbe9","","1013","",""
"1013","1013","8000421552302622","default","2026-01-08 13:47:05","","2026-01-08 13:47:18","13","0","NORMAL_CLEARING","c590a376-1a3c-4cf4-a8bd-e3de63ff5de6","","1013","",""
"1013","1013","8000421552302622","default","2026-01-08 13:47:05","","2026-01-08 13:47:18","13","0","NORMAL_CLEARING","fe60cbe1-3bdb-486a-8a2c-efe534fcc1fc","","1013","",""
"1013","1013","8000972567301988","default","2026-01-08 13:47:05","","2026-01-08 13:47:18","13","0","NORMAL_CLEARING","0a76399e-77bf-4c66-bc6b-cadf078a0d81","","1013","",""
"1013","1013","8000421552302622","default","2026-01-08 13:47:06","","2026-01-08 13:47:19","13","0","NORMAL_CLEARING","a14a93a1-a5d7-4f5c-832f-20f3a0030815","","1013","",""
"1013","1013","8000972567301988","default","2026-01-08 13:47:06","","2026-01-08 13:47:19","13","0","NORMAL_CLEARING","a4461964-1234-487c-bf94-2af060dff879","","1013","",""
"1013","1013","8000972567301988","default","2026-01-08 13:47:07","","2026-01-08 13:47:20","13","0","NORMAL_CLEARING","94162659-d688-4ac3-95fa-0fb1d8086849","","1013","",""
"1013","1013","8000421552302622","default","2026-01-08 13:47:07","","2026-01-08 13:47:20","13","0","NORMAL_CLEARING","7732694c-2adc-46ba-814d-09a7c9233cbb","","1013","",""
"1013","1013","8000421552302622","default","2026-01-08 13:47:10","","2026-01-08 13:47:22","12","0","NORMAL_CLEARING","3be53ba1-fe55-4f30-8701-f8d344a5313c","","1013","",""
"1013","1013","8000972567301988","default","2026-01-08 13:47:10","","2026-01-08 13:47:22","12","0","NORMAL_CLEARING","5f6e71f1-61b5-4f5d-bab7-f9aac24a2e9f","","1013","",""
"1013","1013","7000972567301988","default","2026-01-08 13:47:28","","2026-01-08 13:47:40","12","0","NORMAL_CLEARING","342425a3-df31-4726-ac74-f0b317b5e9df","","1013","",""
"1013","1013","7000972567301988","default","2026-01-08 13:47:28","","2026-01-08 13:47:40","12","0","NORMAL_CLEARING","3be5d7f6-9ce8-462a-8c4a-321c7e9b9151","","1013","",""
"1013","1013","7000421552302622","default","2026-01-08 13:47:28","","2026-01-08 13:47:40","12","0","NORMAL_CLEARING","293cb411-8b11-43c6-8283-c89b3d86b997","","1013","",""
"1013","1013","7000421552302622","default","2026-01-08 13:47:28","","2026-01-08 13:47:40","12","0","NORMAL_CLEARING","de043274-7085-4d59-926d-bf461dd63dee","","1013","",""
"1013","1013","7000972567301988","default","2026-01-08 13:47:28","","2026-01-08 13:47:41","13","0","NORMAL_CLEARING","b455ac50-41f9-4191-8173-a6d23b843e9a","","1013","",""
"1013","1013","7000421552302622","default","2026-01-08 13:47:28","","2026-01-08 13:47:41","13","0","NORMAL_CLEARING","d2375aa4-1d35-4d12-9077-0009a56afe9b","","1013","",""
"1013","1013","7000421552302622","default","2026-01-08 13:47:30","","2026-01-08 13:47:42","12","0","NORMAL_CLEARING","1a34cae1-b13e-4c1b-a96f-67a64fb4c09a","","1013","",""
"1013","1013","7000972567301988","default","2026-01-08 13:47:30","","2026-01-08 13:47:42","12","0","NORMAL_CLEARING","3e3837ef-c1cd-4fa4-9653-856ef8a90bbe","","1013","",""
"1013","1013","7000972567301988","default","2026-01-08 13:47:32","","2026-01-08 13:47:44","12","0","NORMAL_CLEARING","47e912f6-7da9-4ffa-a912-a2431e4961aa","","1013","",""
"1013","1013","7000421552302622","default","2026-01-08 13:47:32","","2026-01-08 13:47:44","12","0","NORMAL_CLEARING","19427ee2-cde5-4c64-81d6-f0408572e3c5","","1013","",""
"1013","1013","1000421552302622","default","2026-01-08 13:47:50","","2026-01-08 13:48:02","12","0","NORMAL_CLEARING","5e286ea0-2fa4-478f-83b8-a456221b7bdc","","1013","",""
"1013","1013","1000972567301988","default","2026-01-08 13:47:50","","2026-01-08 13:48:02","12","0","NORMAL_CLEARING","944a36d3-df4d-4dfb-b478-1af6f7581256","","1013","",""
"1013","1013","1000972567301988","default","2026-01-08 13:47:50","","2026-01-08 13:48:02","12","0","NORMAL_CLEARING","7343614f-dbe4-462f-9356-4154a45d22e5","","1013","",""
"1013","1013","1000421552302622","default","2026-01-08 13:47:50","","2026-01-08 13:48:02","12","0","NORMAL_CLEARING","f7548ffd-9d85-47be-9c5b-bba23bf0ed2a","","1013","",""
"1013","1013","1000972567301988","default","2026-01-08 13:47:51","","2026-01-08 13:48:03","12","0","NORMAL_CLEARING","4ad6f450-2065-4503-8c49-0edfb4410650","","1013","",""
"1013","1013","1000421552302622","default","2026-01-08 13:47:51","","2026-01-08 13:48:03","12","0","NORMAL_CLEARING","d7b346a5-81cc-4d58-b3fc-f6b6094ff31b","","1013","",""
"1013","1013","1000421552302622","default","2026-01-08 13:47:52","","2026-01-08 13:48:03","11","0","NORMAL_CLEARING","fcc17ac4-cb06-4e25-b507-8e042e9dabe8","","1013","",""
"1013","1013","1000972567301988","default","2026-01-08 13:47:52","","2026-01-08 13:48:04","12","0","NORMAL_CLEARING","8e60df6c-b3f4-4fc5-b594-8165af2e3052","","1013","",""
"1013","1013","1000421552302622","default","2026-01-08 13:47:54","","2026-01-08 13:48:06","12","0","NORMAL_CLEARING","7ac248b3-65d2-45ef-a298-94e300216dcb","","1013","",""
"1013","1013","1000972567301988","default","2026-01-08 13:47:54","","2026-01-08 13:48:06","12","0","NORMAL_CLEARING","0329b3e9-ad63-4216-975b-c466524ae661","","1013","",""
"1013","1013","0.421552302622","default","2026-01-08 13:48:12","","2026-01-08 13:48:25","13","0","NORMAL_CLEARING","2bd05616-873c-4db0-8aa9-62ebb418cde4","","1013","",""
"1013","1013","0.972567301988","default","2026-01-08 13:48:12","","2026-01-08 13:48:25","13","0","NORMAL_CLEARING","74a8f7e2-8b8c-43eb-8c3c-5b960f3bb694","","1013","",""
"1013","1013","0.421552302622","default","2026-01-08 13:48:12","","2026-01-08 13:48:25","13","0","NORMAL_CLEARING","e6d15a2e-8072-4cde-abae-8104c58edb20","","1013","",""
"1013","1013","0.972567301988","default","2026-01-08 13:48:12","","2026-01-08 13:48:25","13","0","NORMAL_CLEARING","c279c619-9457-4af4-83fe-371196d48a72","","1013","",""
"1013","1013","0.421552302622","default","2026-01-08 13:48:13","","2026-01-08 13:48:26","13","0","NORMAL_CLEARING","0ba2950b-f568-49ab-b9b9-0e24a99df238","","1013","",""
"1013","1013","0.972567301988","default","2026-01-08 13:48:13","","2026-01-08 13:48:26","13","0","NORMAL_CLEARING","c7a193fc-5232-4101-8671-da7a9c078b4e","","1013","",""
"1013","1013","0.972567301988","default","2026-01-08 13:48:14","","2026-01-08 13:48:27","13","0","NORMAL_CLEARING","14ebe1d8-429a-465b-a558-4030dee6fefe","","1013","",""
"1013","1013","0.421552302622","default","2026-01-08 13:48:14","","2026-01-08 13:48:27","13","0","NORMAL_CLEARING","ceda24e7-2d05-4dfc-9d95-779427991ef7","","1013","",""
"1013","1013","0.421552302622","default","2026-01-08 13:48:16","","2026-01-08 13:48:30","14","0","NORMAL_CLEARING","de46f9dd-6406-4da1-9618-37396858e812","","1013","",""
"1013","1013","0.972567301988","default","2026-01-08 13:48:16","","2026-01-08 13:48:30","14","0","NORMAL_CLEARING","444471b5-d22d-43d8-ae2c-7942e3283dc9","","1013","",""
"1013","1013","9972567301988","default","2026-01-08 13:48:34","","2026-01-08 13:48:48","14","0","UNALLOCATED_NUMBER","636bd705-3e96-41b9-95ad-ccb65dd5b7cb","","1013","",""
"1013","1013","9421552302622","default","2026-01-08 13:48:34","","2026-01-08 13:48:48","14","0","UNALLOCATED_NUMBER","7fd8533c-deb5-4c68-b513-252d7cc61209","","1013","",""
"1013","1013","9972567301988","default","2026-01-08 13:48:35","","2026-01-08 13:48:48","13","0","UNALLOCATED_NUMBER","db42fcad-3300-4163-acad-74f41a5fbd1c","","1013","",""
"1013","1013","9421552302622","default","2026-01-08 13:48:35","","2026-01-08 13:48:49","14","0","UNALLOCATED_NUMBER","f170a630-7240-4d0d-bf97-c0a56e971ba9","","1013","",""
"1013","1013","9421552302622","default","2026-01-08 13:48:35","","2026-01-08 13:48:49","14","0","UNALLOCATED_NUMBER","0dbd0887-aeea-452f-bd95-f73245078a9b","","1013","",""
"1013","1013","9972567301988","default","2026-01-08 13:48:35","","2026-01-08 13:48:49","14","0","UNALLOCATED_NUMBER","ee335ad4-e52f-43aa-bf21-42e29def2e16","","1013","",""
"1013","1013","9972567301988","default","2026-01-08 13:48:36","","2026-01-08 13:48:50","14","0","UNALLOCATED_NUMBER","a7181c51-60c0-4059-b936-7524eb8281dd","","1013","",""
"1013","1013","9421552302622","default","2026-01-08 13:48:36","","2026-01-08 13:48:50","14","0","UNALLOCATED_NUMBER","21f5e820-4141-4aba-9bc4-e9b834fb1dad","","1013","",""
"1013","1013","9972567301988","default","2026-01-08 13:48:39","","2026-01-08 13:48:52","13","0","UNALLOCATED_NUMBER","8f1f81cc-2ad4-4594-a2bc-0a7595e56073","","1013","",""
"1013","1013","9421552302622","default","2026-01-08 13:48:39","","2026-01-08 13:48:52","13","0","UNALLOCATED_NUMBER","8aeee76b-d105-448e-a583-b797d26d2c18","","1013","",""
"1013","1013","8972567301988","default","2026-01-08 13:48:56","","2026-01-08 13:49:13","17","0","UNALLOCATED_NUMBER","6b20445f-c02c-430a-acf0-56107cf4bf8f","","1013","",""
"1013","1013","8421552302622","default","2026-01-08 13:48:56","","2026-01-08 13:49:13","17","0","UNALLOCATED_NUMBER","05389fd9-21bd-422b-be4d-81022ace14d4","","1013","",""
"1013","1013","8421552302622","default","2026-01-08 13:48:57","","2026-01-08 13:49:14","17","0","UNALLOCATED_NUMBER","aa7abe5c-f386-4936-bf14-8032874bfb0d","","1013","",""
"1013","1013","8972567301988","default","2026-01-08 13:48:57","","2026-01-08 13:49:14","17","0","UNALLOCATED_NUMBER","39d3a876-d408-4409-aa61-a6461bf97c53","","1013","",""
"1013","1013","8972567301988","default","2026-01-08 13:48:57","","2026-01-08 13:49:16","19","0","UNALLOCATED_NUMBER","04dd822f-b83d-4769-bab8-e4822cb4d8dc","","1013","",""
"1013","1013","8421552302622","default","2026-01-08 13:48:57","","2026-01-08 13:49:16","19","0","UNALLOCATED_NUMBER","3e233195-643e-46ec-ada0-d284ac14eaab","","1013","",""
"1013","1013","8421552302622","default","2026-01-08 13:48:58","","2026-01-08 13:49:18","20","0","UNALLOCATED_NUMBER","bfca9159-ebd3-4aa6-af14-8bab7dcef196","","1013","",""
"1013","1013","8972567301988","default","2026-01-08 13:48:58","","2026-01-08 13:49:18","20","0","UNALLOCATED_NUMBER","a82a87cb-cf33-45f8-b33b-601c032f15ae","","1013","",""
"1013","1013","8972567301988","default","2026-01-08 13:49:01","","2026-01-08 13:49:22","21","0","UNALLOCATED_NUMBER","323df769-e1c6-4256-b98d-68aab08fe10a","","1013","",""
"1013","1013","8421552302622","default","2026-01-08 13:49:01","","2026-01-08 13:49:22","21","0","UNALLOCATED_NUMBER","aeb17166-003f-405b-972a-e09c3b5ba60c","","1013","",""
"1013","1013","7972567301988","default","2026-01-08 13:49:18","","2026-01-08 13:49:41","23","0","UNALLOCATED_NUMBER","3864e71c-d654-46bb-9989-3d8422c315cb","","1013","",""
"1013","1013","7421552302622","default","2026-01-08 13:49:18","","2026-01-08 13:49:41","23","0","UNALLOCATED_NUMBER","22236df2-1e50-4a79-a9f5-779c3aae8cdf","","1013","",""
"1013","1013","7972567301988","default","2026-01-08 13:49:18","","2026-01-08 13:49:42","24","0","UNALLOCATED_NUMBER","cd4ca8e3-a975-4ee3-81f6-2e811ad50588","","1013","",""
"1013","1013","7421552302622","default","2026-01-08 13:49:18","","2026-01-08 13:49:42","24","0","UNALLOCATED_NUMBER","4a1f0788-8d40-442f-87d9-329b0bccfd88","","1013","",""
"1013","1013","7421552302622","default","2026-01-08 13:49:19","","2026-01-08 13:49:42","23","0","UNALLOCATED_NUMBER","ad4d9985-6ca9-4670-98f4-a5dc6b525bce","","1013","",""
"1013","1013","7972567301988","default","2026-01-08 13:49:19","","2026-01-08 13:49:42","23","0","UNALLOCATED_NUMBER","f3aed352-a0fa-4b5c-9bbd-c23549fb4618","","1013","",""
"1013","1013","7972567301988","default","2026-01-08 13:49:21","","2026-01-08 13:49:44","23","0","UNALLOCATED_NUMBER","eefbd578-a451-468f-ab06-4cf538c7b82d","","1013","",""
"1013","1013","7421552302622","default","2026-01-08 13:49:21","","2026-01-08 13:49:45","24","0","UNALLOCATED_NUMBER","606bff84-2443-45a5-be7f-51f6254f64ed","","1013","",""
"1013","1013","7421552302622","default","2026-01-08 13:49:24","","2026-01-08 13:49:47","23","0","UNALLOCATED_NUMBER","0073f88d-8805-468b-a4f7-6b5932413526","","1013","",""
"1013","1013","7972567301988","default","2026-01-08 13:49:24","","2026-01-08 13:49:47","23","0","UNALLOCATED_NUMBER","c05a79a5-ba52-4838-831d-5d08b600bcee","","1013","",""
"1013","1013","0011972567301988","default","2026-01-08 13:49:41","","2026-01-08 13:50:04","23","0","NORMAL_CLEARING","267e2c15-1afe-49ea-8e71-6fab6d6892ad","","1013","",""
"1013","1013","0011421552302622","default","2026-01-08 13:49:41","","2026-01-08 13:50:04","23","0","NORMAL_CLEARING","eed3efe9-0646-4b78-8ffd-5f052bbac654","","1013","",""
"1013","1013","0011421552302622","default","2026-01-08 13:49:41","","2026-01-08 13:50:04","23","0","NORMAL_CLEARING","2b18058a-3de4-4986-856d-d503e95e9539","","1013","",""
"1013","1013","0011972567301988","default","2026-01-08 13:49:41","","2026-01-08 13:50:04","23","0","NORMAL_CLEARING","e1553350-970c-4d06-80f2-17fd3224c889","","1013","",""
"1013","1013","0011421552302622","default","2026-01-08 13:49:42","","2026-01-08 13:50:04","22","0","NORMAL_CLEARING","eda51cb8-b862-4093-a813-99c06234de2d","","1013","",""
"1013","1013","0011972567301988","default","2026-01-08 13:49:41","","2026-01-08 13:50:04","23","0","NORMAL_CLEARING","aa446e71-c76a-4dbd-9e54-d063163cfd6f","","1013","",""
"1013","1013","0011972567301988","default","2026-01-08 13:49:42","","2026-01-08 13:50:04","22","0","NORMAL_CLEARING","1ac827f9-add1-4659-bbf7-7208e83f01d7","","1013","",""
"1013","1013","0011421552302622","default","2026-01-08 13:49:41","","2026-01-08 13:50:04","23","0","NORMAL_CLEARING","0a850345-1040-4111-baf4-935aea49e01f","","1013","",""
"1013","1013","0011972567301988","default","2026-01-08 13:49:46","","2026-01-08 13:50:08","22","0","NORMAL_CLEARING","d2287218-3804-4e42-9c0c-0a9ad56655d1","","1013","",""
"1013","1013","0011421552302622","default","2026-01-08 13:49:46","","2026-01-08 13:50:08","22","0","NORMAL_CLEARING","cfb19b90-5afb-4938-90a1-02336a80f3a2","","1013","",""
"1013","1013","00011421552302622","default","2026-01-08 13:50:04","","2026-01-08 13:50:23","19","0","NORMAL_CLEARING","ccb1e42a-b450-4768-9702-81612142a721","","1013","",""
"1013","1013","00011421552302622","default","2026-01-08 13:50:04","","2026-01-08 13:50:23","19","0","NORMAL_CLEARING","8a9655d4-fe50-4897-87a4-d458e96f6571","","1013","",""
"1013","1013","00011972567301988","default","2026-01-08 13:50:04","","2026-01-08 13:50:24","20","0","NORMAL_CLEARING","c252cff0-687f-46a6-af13-781085b0ab84","","1013","",""
"1013","1013","00011972567301988","default","2026-01-08 13:50:04","","2026-01-08 13:50:24","20","0","NORMAL_CLEARING","d62ea50c-46fc-430c-879c-5c75b2634071","","1013","",""
"1013","1013","00011972567301988","default","2026-01-08 13:50:04","","2026-01-08 13:50:24","20","0","NORMAL_CLEARING","cfd6f678-77ad-4098-905e-d9c999fa0ba6","","1013","",""
"1013","1013","00011421552302622","default","2026-01-08 13:50:04","","2026-01-08 13:50:24","20","0","NORMAL_CLEARING","23a3c41a-f163-4dcb-b567-cf1f1ec416cd","","1013","",""
"1013","1013","00011972567301988","default","2026-01-08 13:50:04","","2026-01-08 13:50:24","20","0","NORMAL_CLEARING","c333fa27-f929-4d67-8d51-38cb52270142","","1013","",""
"1013","1013","00011421552302622","default","2026-01-08 13:50:04","","2026-01-08 13:50:24","20","0","NORMAL_CLEARING","aad5801f-78d3-41ea-9240-32bbd7f9435d","","1013","",""
"1013","1013","00011972567301988","default","2026-01-08 13:50:09","","2026-01-08 13:50:29","20","0","NORMAL_CLEARING","6be50ad1-fac6-4621-92c9-c17bd670834e","","1013","",""
"1013","1013","00011421552302622","default","2026-01-08 13:50:09","","2026-01-08 13:50:29","20","0","NORMAL_CLEARING","f1f6449a-6a9d-41b1-b051-6af8f9ffe87c","","1013","",""
"1013","1013","100421552302622","default","2026-01-08 13:50:27","","2026-01-08 13:50:47","20","0","NORMAL_CLEARING","543ad279-57c6-4649-b15d-27b88fe6f048","","1013","",""
"1013","1013","100972567301988","default","2026-01-08 13:50:27","","2026-01-08 13:50:47","20","0","NORMAL_CLEARING","eb71d448-fcf0-40df-be95-ad5a92d05a0f","","1013","",""
"1013","1013","100972567301988","default","2026-01-08 13:50:27","","2026-01-08 13:50:47","20","0","NORMAL_CLEARING","d1f6ac62-fd6c-4db8-b163-f4620cc5f4e7","","1013","",""
"1013","1013","100421552302622","default","2026-01-08 13:50:27","","2026-01-08 13:50:47","20","0","NORMAL_CLEARING","88e3c8b5-833e-4948-82f5-a465f54332cd","","1013","",""
"1013","1013","100972567301988","default","2026-01-08 13:50:27","","2026-01-08 13:50:47","20","0","NORMAL_CLEARING","d920bd19-81e7-4087-86a2-4d90daced4cf","","1013","",""
"1013","1013","100421552302622","default","2026-01-08 13:50:27","","2026-01-08 13:50:47","20","0","NORMAL_CLEARING","ee5b6dc4-c21a-4462-bfd2-1a51126d1489","","1013","",""
"1013","1013","100972567301988","default","2026-01-08 13:50:27","","2026-01-08 13:50:47","20","0","NORMAL_CLEARING","2f9baef1-59f1-4925-a172-061187eaa402","","1013","",""
"1013","1013","100421552302622","default","2026-01-08 13:50:27","","2026-01-08 13:50:47","20","0","NORMAL_CLEARING","5be9567a-0ec6-44b3-94d5-80622079d05e","","1013","",""
"1013","1013","100421552302622","default","2026-01-08 13:50:32","","2026-01-08 13:50:52","20","0","NORMAL_CLEARING","8bf25f8f-8c50-4bfd-8356-c3fc08162eb7","","1013","",""
"1013","1013","100972567301988","default","2026-01-08 13:50:32","","2026-01-08 13:50:52","20","0","NORMAL_CLEARING","87832578-9a49-480c-afa9-52cbbdbce34e","","1013","",""
"1013","1013","200421552302622","default","2026-01-08 13:50:49","","2026-01-08 13:51:11","22","0","UNALLOCATED_NUMBER","81ec024e-9b58-4c77-897f-84ccdd9c019c","","1013","",""
"1013","1013","200421552302622","default","2026-01-08 13:50:49","","2026-01-08 13:51:11","22","0","UNALLOCATED_NUMBER","1158ff23-d2e0-4e12-bcfe-214ee51b7be0","","1013","",""
"1013","1013","200972567301988","default","2026-01-08 13:50:49","","2026-01-08 13:51:11","22","0","UNALLOCATED_NUMBER","edded248-4b55-4f92-b31e-7b4f1943cc78","","1013","",""
"1013","1013","200972567301988","default","2026-01-08 13:50:49","","2026-01-08 13:51:11","22","0","UNALLOCATED_NUMBER","0e3eb451-6844-4a94-9429-2e8a27c7ee0c","","1013","",""
"1013","1013","200972567301988","default","2026-01-08 13:50:49","","2026-01-08 13:51:12","23","0","UNALLOCATED_NUMBER","4b834d0a-0e74-4aa3-9d15-fd785bbb5fc7","","1013","",""
"1013","1013","200421552302622","default","2026-01-08 13:50:49","","2026-01-08 13:51:12","23","0","UNALLOCATED_NUMBER","0cec843d-c132-40bd-9c9f-fea55b584ac8","","1013","",""
"1013","1013","200972567301988","default","2026-01-08 13:50:50","","2026-01-08 13:51:12","22","0","UNALLOCATED_NUMBER","c83e9188-c70d-4492-b58f-c6ccc1847c00","","1013","",""
"1013","1013","200421552302622","default","2026-01-08 13:50:50","","2026-01-08 13:51:12","22","0","UNALLOCATED_NUMBER","24f5fecf-62f0-4c37-b8d6-69944a80db6f","","1013","",""
"1013","1013","200972567301988","default","2026-01-08 13:50:54","","2026-01-08 13:51:16","22","0","UNALLOCATED_NUMBER","4de75a78-105a-43fb-8966-e4e0f2995212","","1013","",""
"1013","1013","200421552302622","default","2026-01-08 13:50:54","","2026-01-08 13:51:17","23","0","UNALLOCATED_NUMBER","9664f8d9-175a-47b6-b5ff-0afc6391dc27","","1013","",""
"1013","1013","300972567301988","default","2026-01-08 13:51:12","","2026-01-08 13:51:32","20","0","UNALLOCATED_NUMBER","63227db1-855e-4490-b2ad-9927a159ed15","","1013","",""
"1013","1013","300421552302622","default","2026-01-08 13:51:12","","2026-01-08 13:51:33","21","0","UNALLOCATED_NUMBER","b1a12852-8aeb-487c-9785-48d1d7f8f05f","","1013","",""
"1013","1013","300972567301988","default","2026-01-08 13:51:12","","2026-01-08 13:51:33","21","0","UNALLOCATED_NUMBER","7a851f92-d808-475b-935a-90221b2923e7","","1013","",""
"1013","1013","300972567301988","default","2026-01-08 13:51:12","","2026-01-08 13:51:33","21","0","UNALLOCATED_NUMBER","3c02e428-e134-4489-bd9e-4bc2283f1280","","1013","",""
"1013","1013","300421552302622","default","2026-01-08 13:51:12","","2026-01-08 13:51:33","21","0","UNALLOCATED_NUMBER","dfd3dff8-f9de-43be-a302-1edd12e094c2","","1013","",""
"1013","1013","300421552302622","default","2026-01-08 13:51:12","","2026-01-08 13:51:33","21","0","UNALLOCATED_NUMBER","c1c2a28b-fda9-45a2-a376-338d54613a1f","","1013","",""
"1013","1013","300421552302622","default","2026-01-08 13:51:13","","2026-01-08 13:51:34","21","0","UNALLOCATED_NUMBER","a8593130-28e6-42ec-a2ab-54520c0db22c","","1013","",""
"1013","1013","300972567301988","default","2026-01-08 13:51:13","","2026-01-08 13:51:34","21","0","UNALLOCATED_NUMBER","26e03364-e2ba-41cf-820b-4019054c9ad2","","1013","",""
"1013","1013","300421552302622","default","2026-01-08 13:51:17","","2026-01-08 13:51:38","21","0","UNALLOCATED_NUMBER","03fff1c0-8de4-451a-84f5-684c522ed802","","1013","",""
"1013","1013","300972567301988","default","2026-01-08 13:51:17","","2026-01-08 13:51:39","22","0","UNALLOCATED_NUMBER","b4798b40-b6e8-48d0-9e13-b145f6cb4df8","","1013","",""
"1013","1013","400421552302622","default","2026-01-08 13:51:33","","2026-01-08 13:51:55","22","0","UNALLOCATED_NUMBER","3297cc61-52f4-4408-a9fd-10f69e16baf6","","1013","",""
"1013","1013","400972567301988","default","2026-01-08 13:51:33","","2026-01-08 13:51:55","22","0","UNALLOCATED_NUMBER","4257e2f2-7255-43d9-9a65-533ecf0fb302","","1013","",""
"1013","1013","400421552302622","default","2026-01-08 13:51:34","","2026-01-08 13:51:56","22","0","UNALLOCATED_NUMBER","94524265-bd09-429f-82de-149130a4db76","","1013","",""
"1013","1013","400972567301988","default","2026-01-08 13:51:34","","2026-01-08 13:51:56","22","0","UNALLOCATED_NUMBER","6959f53b-3da5-4b3b-af5e-cc5207b6a188","","1013","",""
"1013","1013","400421552302622","default","2026-01-08 13:51:34","","2026-01-08 13:51:56","22","0","UNALLOCATED_NUMBER","5e27a271-7a71-495f-bc16-25ae6971c284","","1013","",""
"1013","1013","400972567301988","default","2026-01-08 13:51:34","","2026-01-08 13:51:56","22","0","UNALLOCATED_NUMBER","644dbc4d-7a74-4f7f-9d5e-e1315585b83c","","1013","",""
"1013","1013","400972567301988","default","2026-01-08 13:51:35","","2026-01-08 13:51:57","22","0","UNALLOCATED_NUMBER","2729371b-5bca-4588-b88b-0bd76345746f","","1013","",""
"1013","1013","400421552302622","default","2026-01-08 13:51:35","","2026-01-08 13:51:57","22","0","UNALLOCATED_NUMBER","bda4e365-a58a-4ac4-95e3-2ecf11f5aef2","","1013","",""
"1013","1013","400421552302622","default","2026-01-08 13:51:40","","2026-01-08 13:52:02","22","0","UNALLOCATED_NUMBER","3a301d63-72b1-4fbd-ae55-41ca8f99c0e4","","1013","",""
"1013","1013","400972567301988","default","2026-01-08 13:51:40","","2026-01-08 13:52:02","22","0","UNALLOCATED_NUMBER","2aa29ca6-947b-4c1b-a236-ceb5a3380c2c","","1013","",""
"1013","1013","500421552302622","default","2026-01-08 13:51:55","","2026-01-08 13:52:18","23","0","UNALLOCATED_NUMBER","76ec6798-8804-49a7-847f-57727e9f4808","","1013","",""
"1013","1013","500972567301988","default","2026-01-08 13:51:55","","2026-01-08 13:52:18","23","0","UNALLOCATED_NUMBER","d4d3e8d5-0314-4568-83b4-6e7c3e9267cc","","1013","",""
"1013","1013","500421552302622","default","2026-01-08 13:51:55","","2026-01-08 13:52:18","23","0","UNALLOCATED_NUMBER","a8186469-a022-439b-b6ea-4a22ce0c11d2","","1013","",""
"1013","1013","500972567301988","default","2026-01-08 13:51:55","","2026-01-08 13:52:18","23","0","UNALLOCATED_NUMBER","72e43dd7-ec88-43ed-b2ba-94c772b30598","","1013","",""
"1013","1013","500421552302622","default","2026-01-08 13:51:57","","2026-01-08 13:52:20","23","0","UNALLOCATED_NUMBER","1212011f-5cf1-495d-b6f0-5d0184085151","","1013","",""
"1013","1013","500972567301988","default","2026-01-08 13:51:57","","2026-01-08 13:52:20","23","0","UNALLOCATED_NUMBER","a5627768-572b-472e-a1be-27a4c3c66a85","","1013","",""
"1013","1013","500972567301988","default","2026-01-08 13:51:57","","2026-01-08 13:52:20","23","0","DESTINATION_OUT_OF_ORDER","07eea934-6ca3-42d6-b614-479bc1eb3c6f","","1013","",""
"1013","1013","500421552302622","default","2026-01-08 13:51:57","","2026-01-08 13:52:21","24","0","UNALLOCATED_NUMBER","4ad830da-9a94-4290-9eef-08c814ab6036","","1013","",""
"1013","1013","500421552302622","default","2026-01-08 13:52:02","","2026-01-08 13:52:25","23","0","UNALLOCATED_NUMBER","f828b379-e1f0-4640-9f44-26b4ff210ecd","","1013","",""
"1013","1013","500972567301988","default","2026-01-08 13:52:02","","2026-01-08 13:52:26","24","0","UNALLOCATED_NUMBER","95a3f7d6-af39-47d3-be05-9745fb231b62","","1013","",""
"1013","1013","600972567301988","default","2026-01-08 13:52:18","","2026-01-08 13:52:42","24","0","UNALLOCATED_NUMBER","f57d33ca-e700-4813-883a-afb9407d5f65","","1013","",""
"1013","1013","600972567301988","default","2026-01-08 13:52:18","","2026-01-08 13:52:42","24","0","UNALLOCATED_NUMBER","93b32333-66c7-44d0-840e-f883fc575806","","1013","",""
"1013","1013","600421552302622","default","2026-01-08 13:52:18","","2026-01-08 13:52:42","24","0","UNALLOCATED_NUMBER","4ace1b81-cb53-4831-829f-a6663931bd6b","","1013","",""
"1013","1013","600421552302622","default","2026-01-08 13:52:18","","2026-01-08 13:52:42","24","0","UNALLOCATED_NUMBER","1ca15621-802f-4333-bfee-d4edbdc1c254","","1013","",""
"1013","1013","600421552302622","default","2026-01-08 13:52:21","","2026-01-08 13:52:44","23","0","UNALLOCATED_NUMBER","ac4f518f-8a5b-4342-ab23-562e685f35aa","","1013","",""
"1013","1013","600972567301988","default","2026-01-08 13:52:20","","2026-01-08 13:52:44","24","0","UNALLOCATED_NUMBER","55fbe007-61f9-4cb2-a6ad-263a516c1a64","","1013","",""
"1013","1013","600421552302622","default","2026-01-08 13:52:20","","2026-01-08 13:52:44","24","0","UNALLOCATED_NUMBER","211b0200-5ff6-48e1-93b0-366a4edfae52","","1013","",""
"1013","1013","600972567301988","default","2026-01-08 13:52:21","","2026-01-08 13:52:45","24","0","UNALLOCATED_NUMBER","cae6798f-f072-49e4-b444-5ddc7ed7f51e","","1013","",""
"1013","1013","600421552302622","default","2026-01-08 13:52:25","","2026-01-08 13:52:50","25","0","UNALLOCATED_NUMBER","f3d5f64f-f680-41b4-a453-6ac8686adfc8","","1013","",""
"1013","1013","600972567301988","default","2026-01-08 13:52:26","","2026-01-08 13:52:50","24","0","UNALLOCATED_NUMBER","fef51672-5e2e-47d8-bc09-d0c43a4be4ad","","1013","",""
"1013","1013","003972567301988","default","2026-01-08 13:52:39","","2026-01-08 13:53:02","23","0","NORMAL_CLEARING","a2bd34d2-3cae-4366-b245-b1335a3a28be","","1013","",""
"1013","1013","003421552302622","default","2026-01-08 13:52:39","","2026-01-08 13:53:01","22","0","NORMAL_CLEARING","b8c59aa3-117d-4a30-a611-68936abc14cc","","1013","",""
"1013","1013","003972567301988","default","2026-01-08 13:52:40","","2026-01-08 13:53:03","23","0","NORMAL_CLEARING","71f2d227-7475-4e10-8444-21b3d5f03634","","1013","",""
"1013","1013","003421552302622","default","2026-01-08 13:52:40","","2026-01-08 13:53:03","23","0","NORMAL_CLEARING","8f22ac59-77a4-45e2-871b-825155c38635","","1013","",""
"1013","1013","003972567301988","default","2026-01-08 13:52:41","","2026-01-08 13:53:04","23","0","NORMAL_CLEARING","0a5e2e85-be65-47c7-b50c-9599bdc123cb","","1013","",""
"1013","1013","003421552302622","default","2026-01-08 13:52:41","","2026-01-08 13:53:04","23","0","NORMAL_CLEARING","4c78a914-becc-4a51-bcf0-b9a54cff77aa","","1013","",""
"1013","1013","003421552302622","default","2026-01-08 13:52:43","","2026-01-08 13:53:06","23","0","NORMAL_CLEARING","f5e10a11-3d69-4ec8-876a-46f1d404adb2","","1013","",""
"1013","1013","003972567301988","default","2026-01-08 13:52:43","","2026-01-08 13:53:06","23","0","NORMAL_CLEARING","7f46c198-92d6-4ba2-b95a-139b462b3ed1","","1013","",""
"1013","1013","003421552302622","default","2026-01-08 13:52:48","","2026-01-08 13:53:10","22","0","NORMAL_CLEARING","e185c019-be16-458a-b889-8000ed12f487","","1013","",""
"1013","1013","003972567301988","default","2026-01-08 13:52:48","","2026-01-08 13:53:10","22","0","NORMAL_CLEARING","5d1a5146-d43e-44a1-8398-48170f308c80","","1013","",""
"1013","1013","004972567301988","default","2026-01-08 13:53:02","","2026-01-08 13:53:23","21","0","NORMAL_CLEARING","c7496354-c760-48ed-aa4d-615c234eb7bf","","1013","",""
"1013","1013","004421552302622","default","2026-01-08 13:53:02","","2026-01-08 13:53:24","22","0","NORMAL_CLEARING","89949070-5e90-40f7-be36-1e0233d4521e","","1013","",""
"1013","1013","004421552302622","default","2026-01-08 13:53:02","","2026-01-08 13:53:24","22","0","NORMAL_CLEARING","104fc11e-2cf1-4944-9a94-950bb73baa8a","","1013","",""
"1013","1013","004972567301988","default","2026-01-08 13:53:02","","2026-01-08 13:53:24","22","0","NORMAL_CLEARING","36610eb8-9f26-41ce-887c-b5ed1d6debf4","","1013","",""
"1013","1013","004421552302622","default","2026-01-08 13:53:04","","2026-01-08 13:53:25","21","0","NORMAL_CLEARING","0aa8d6ca-b7c1-4bd6-82b6-e45fd8313988","","1013","",""
"1013","1013","004972567301988","default","2026-01-08 13:53:04","","2026-01-08 13:53:26","22","0","NORMAL_CLEARING","83ab6195-c06c-426c-8842-03314709fa49","","1013","",""
"1013","1013","004972567301988","default","2026-01-08 13:53:06","","2026-01-08 13:53:27","21","0","NORMAL_CLEARING","4c866043-f2ee-4c34-bbae-2f888f1c3337","","1013","",""
"1013","1013","004421552302622","default","2026-01-08 13:53:06","","2026-01-08 13:53:28","22","0","NORMAL_CLEARING","94106ed8-5a12-4e46-a496-f147bec31733","","1013","",""
"1013","1013","004972567301988","default","2026-01-08 13:53:11","","2026-01-08 13:53:33","22","0","NORMAL_CLEARING","0004a633-0e0c-479b-815c-0d7bedbeef2e","","1013","",""
"1013","1013","004421552302622","default","2026-01-08 13:53:11","","2026-01-08 13:53:34","23","0","NORMAL_CLEARING","9602f6f1-a2bd-4b2c-bc77-1e5eea81a337","","1013","",""
"1013","1013","005421552302622","default","2026-01-08 13:53:25","","2026-01-08 13:53:45","20","0","NORMAL_CLEARING","349baeaa-ee06-471a-b660-b6f190765e1a","","1013","",""
"1013","1013","005421552302622","default","2026-01-08 13:53:25","","2026-01-08 13:53:45","20","0","NORMAL_CLEARING","b5aed28c-3e15-457e-8e7b-915886b194fa","","1013","",""
"1013","1013","005972567301988","default","2026-01-08 13:53:25","","2026-01-08 13:53:45","20","0","NORMAL_CLEARING","32f77b26-51e8-4171-ac8f-325dac107632","","1013","",""
"1013","1013","005972567301988","default","2026-01-08 13:53:25","","2026-01-08 13:53:45","20","0","NORMAL_CLEARING","e9a4cb00-71e2-42ac-b4e8-5698ba29f34e","","1013","",""
"1013","1013","005421552302622","default","2026-01-08 13:53:27","","2026-01-08 13:53:47","20","0","NORMAL_CLEARING","6c16b174-9941-44f2-95be-51238fda3aee","","1013","",""
"1013","1013","005972567301988","default","2026-01-08 13:53:27","","2026-01-08 13:53:47","20","0","NORMAL_CLEARING","3a8328e7-eb42-4721-89cc-fabe4361130a","","1013","",""
"1013","1013","005972567301988","default","2026-01-08 13:53:29","","2026-01-08 13:53:48","19","0","NORMAL_CLEARING","8610e579-2d26-4390-9845-898cc6db8ad4","","1013","",""
"1013","1013","005421552302622","default","2026-01-08 13:53:29","","2026-01-08 13:53:49","20","0","NORMAL_CLEARING","62ddbef9-7054-46a0-bef0-270614bf949b","","1013","",""
"1013","1013","005972567301988","default","2026-01-08 13:53:34","","2026-01-08 13:53:53","19","0","NORMAL_CLEARING","be869449-f637-492b-b42e-84ec98ebb6e2","","1013","",""
"1013","1013","005421552302622","default","2026-01-08 13:53:34","","2026-01-08 13:53:53","19","0","NORMAL_CLEARING","2ffdcd47-a508-4b4e-8355-bfaa7467cace","","1013","",""
"1013","1013","006972567301988","default","2026-01-08 13:53:47","","2026-01-08 13:54:06","19","0","NORMAL_CLEARING","162d4b1f-be72-4638-bb84-ad25c2239e20","","1013","",""
"1013","1013","006421552302622","default","2026-01-08 13:53:47","","2026-01-08 13:54:06","19","0","NORMAL_CLEARING","01b2dea0-77f6-4497-87dd-8d8674be52be","","1013","",""
"1013","1013","006421552302622","default","2026-01-08 13:53:47","","2026-01-08 13:54:06","19","0","NORMAL_CLEARING","62aad1c9-c638-49b0-8d40-c3f9276f6898","","1013","",""
"1013","1013","006972567301988","default","2026-01-08 13:53:47","","2026-01-08 13:54:06","19","0","NORMAL_CLEARING","6b889956-d786-4658-9fdc-5326399a938f","","1013","",""
"1013","1013","006421552302622","default","2026-01-08 13:53:49","","2026-01-08 13:54:08","19","0","NORMAL_CLEARING","678c6d82-0cd7-44bc-aaef-ea9a37d40ca8","","1013","",""
"1013","1013","006972567301988","default","2026-01-08 13:53:49","","2026-01-08 13:54:08","19","0","NORMAL_CLEARING","93fbd2a8-07ec-4ae5-bfce-1c7d06862ffd","","1013","",""
"1013","1013","006972567301988","default","2026-01-08 13:53:51","","2026-01-08 13:54:10","19","0","NORMAL_CLEARING","6f5d5ac6-427f-4162-9992-0f7a9204f035","","1013","",""
"1013","1013","006421552302622","default","2026-01-08 13:53:51","","2026-01-08 13:54:10","19","0","NORMAL_CLEARING","1adea591-304c-47d3-a4bc-0c92c54616aa","","1013","",""
"1013","1013","006421552302622","default","2026-01-08 13:53:57","","2026-01-08 13:54:16","19","0","NORMAL_CLEARING","a713cb71-fb17-4c73-97eb-3cd3cecc7255","","1013","",""
"1013","1013","006972567301988","default","2026-01-08 13:53:57","","2026-01-08 13:54:16","19","0","NORMAL_CLEARING","8b234076-4309-49e3-82c4-82b67c7367fa","","1013","",""
"1013","1013","008972567301988","default","2026-01-08 13:54:09","","2026-01-08 13:54:30","21","0","NORMAL_CLEARING","267f50c7-2772-42e6-8c5e-ab77b11e6e3f","","1013","",""
"1013","1013","008421552302622","default","2026-01-08 13:54:10","","2026-01-08 13:54:30","20","0","NORMAL_CLEARING","83f5c0fd-e00f-4b4f-9c52-92d22ab21240","","1013","",""
"1013","1013","008421552302622","default","2026-01-08 13:54:09","","2026-01-08 13:54:31","22","0","NORMAL_CLEARING","9365827a-ff71-466f-b839-ff336ea65b8c","","1013","",""
"1013","1013","008972567301988","default","2026-01-08 13:54:10","","2026-01-08 13:54:31","21","0","NORMAL_CLEARING","fc292d1c-dcfc-4caf-a952-21f05b9277a3","","1013","",""
"1013","1013","008972567301988","default","2026-01-08 13:54:12","","2026-01-08 13:54:33","21","0","NORMAL_CLEARING","a77a9bc9-c107-4a33-846d-523af4bf2dbe","","1013","",""
"1013","1013","008421552302622","default","2026-01-08 13:54:12","","2026-01-08 13:54:33","21","0","NORMAL_CLEARING","1f00db4a-7919-403e-b069-1bf28307a046","","1013","",""
"1013","1013","008972567301988","default","2026-01-08 13:54:14","","2026-01-08 13:54:35","21","0","NORMAL_CLEARING","d44ad768-80ab-4b9e-af39-49fcee6c2929","","1013","",""
"1013","1013","008421552302622","default","2026-01-08 13:54:14","","2026-01-08 13:54:35","21","0","NORMAL_CLEARING","b7f3357a-07af-4b75-a2d2-488521b5ed86","","1013","",""
"1013","1013","008421552302622","default","2026-01-08 13:54:20","","2026-01-08 13:54:40","20","0","NORMAL_CLEARING","1ca1cd14-5e96-4afe-b5da-6ca56a8187c8","","1013","",""
"1013","1013","008972567301988","default","2026-01-08 13:54:20","","2026-01-08 13:54:40","20","0","NORMAL_CLEARING","9bd25fed-d876-433b-b01d-b34488eb16d8","","1013","",""
"1013","1013","9001421552302622","default","2026-01-08 13:54:32","","2026-01-08 13:54:53","21","0","NORMAL_CLEARING","621dce2e-f9c9-471f-b14a-d2ae3337260e","","1013","",""
"1013","1013","9001421552302622","default","2026-01-08 13:54:32","","2026-01-08 13:54:53","21","0","NORMAL_CLEARING","ca5b6c1b-c7d6-4f92-a232-57fdcaf09120","","1013","",""
"1013","1013","9001972567301988","default","2026-01-08 13:54:32","","2026-01-08 13:54:53","21","0","NORMAL_CLEARING","8d1a168b-453d-4a2a-b040-3032bf891ae8","","1013","",""
"1013","1013","9001972567301988","default","2026-01-08 13:54:32","","2026-01-08 13:54:53","21","0","NORMAL_CLEARING","e0ec5a63-0d62-4e4b-a808-a536e0ac02d3","","1013","",""
"1013","1013","9001972567301988","default","2026-01-08 13:54:35","","2026-01-08 13:54:55","20","0","NORMAL_CLEARING","efb1ddc5-2e75-4cc3-a7eb-d364f3baa63a","","1013","",""
"1013","1013","9001421552302622","default","2026-01-08 13:54:35","","2026-01-08 13:54:55","20","0","NORMAL_CLEARING","64c5e5a9-a6b8-4d39-8fca-c03d40ef80f0","","1013","",""
"1013","1013","9001421552302622","default","2026-01-08 13:54:36","","2026-01-08 13:54:57","21","0","NORMAL_CLEARING","68140e45-06f8-46c4-8a2a-d20f8c42cf0e","","1013","",""
"1013","1013","9001972567301988","default","2026-01-08 13:54:36","","2026-01-08 13:54:57","21","0","NORMAL_CLEARING","816d915f-f5dc-4840-951e-cec5214e22c1","","1013","",""
"1013","1013","9001972567301988","default","2026-01-08 13:54:42","","2026-01-08 13:55:02","20","0","NORMAL_CLEARING","9c09c642-3201-47e4-b7d6-a0ea176176e5","","1013","",""
"1013","1013","9001421552302622","default","2026-01-08 13:54:42","","2026-01-08 13:55:03","21","0","NORMAL_CLEARING","ec5db942-ba22-4731-8797-bea7a0141728","","1013","",""
"1013","1013","9002421552302622","default","2026-01-08 13:54:55","","2026-01-08 13:55:10","15","0","NORMAL_CLEARING","779e295e-bf78-4244-a0ef-a677ab958786","","1013","",""
"1013","1013","9002972567301988","default","2026-01-08 13:54:55","","2026-01-08 13:55:10","15","0","NORMAL_CLEARING","43a88c5e-a68f-4db9-ae47-39eba9ca72cc","","1013","",""
"1013","1013","9002972567301988","default","2026-01-08 13:54:55","","2026-01-08 13:55:10","15","0","NORMAL_CLEARING","7f1fbff9-3e56-4722-9a4a-5d2abc171584","","1013","",""
"1013","1013","9002421552302622","default","2026-01-08 13:54:55","","2026-01-08 13:55:10","15","0","NORMAL_CLEARING","54cc0146-c2d4-4e12-a8f5-634af3da91b0","","1013","",""
"1013","1013","9002421552302622","default","2026-01-08 13:54:57","","2026-01-08 13:55:12","15","0","NORMAL_CLEARING","b73dadb8-e78b-47b9-b111-57f81c9c9c22","","1013","",""
"1013","1013","9002972567301988","default","2026-01-08 13:54:57","","2026-01-08 13:55:12","15","0","NORMAL_CLEARING","0cde714d-b32d-4d1d-95e1-fe8e258acfd8","","1013","",""
"1013","1013","9002421552302622","default","2026-01-08 13:54:59","","2026-01-08 13:55:13","14","0","NORMAL_CLEARING","d2bbf833-2f1b-4d6d-a558-bfd4dbb61c32","","1013","",""
"1013","1013","9002972567301988","default","2026-01-08 13:54:59","","2026-01-08 13:55:13","14","0","NORMAL_CLEARING","952c70aa-ac21-4d5c-80f3-f4bc4c0d6b54","","1013","",""
"1013","1013","9002972567301988","default","2026-01-08 13:55:05","","2026-01-08 13:55:17","12","0","NORMAL_CLEARING","42252f84-e0b3-4aaf-bc30-18645be6464b","","1013","",""
"1013","1013","9002421552302622","default","2026-01-08 13:55:05","","2026-01-08 13:55:18","13","0","NORMAL_CLEARING","955a9510-ccce-4a96-9527-690eab81fed2","","1013","",""
"1013","1013","9003972567301988","default","2026-01-08 13:55:17","","2026-01-08 13:55:31","14","0","NORMAL_CLEARING","73862fc0-07c1-4393-b280-b6cbc1854668","","1013","",""
"1013","1013","9003421552302622","default","2026-01-08 13:55:17","","2026-01-08 13:55:31","14","0","NORMAL_CLEARING","1c22da05-cf32-4d7b-ba27-6730cdf00205","","1013","",""
"1013","1013","9003972567301988","default","2026-01-08 13:55:17","","2026-01-08 13:55:31","14","0","NORMAL_CLEARING","f60ec7c0-9a8e-419e-bf5b-fcc36fef3538","","1013","",""
"1013","1013","9003421552302622","default","2026-01-08 13:55:17","","2026-01-08 13:55:31","14","0","NORMAL_CLEARING","b0d63459-ae43-4cd8-8557-87f3420619ff","","1013","",""
"1013","1013","9003421552302622","default","2026-01-08 13:55:20","","2026-01-08 13:55:33","13","0","NORMAL_CLEARING","5ac89b13-54f8-4ef1-996b-ad2febc2d5b3","","1013","",""
"1013","1013","9003972567301988","default","2026-01-08 13:55:20","","2026-01-08 13:55:34","14","0","NORMAL_CLEARING","d527e81a-50a8-4dcc-aa24-a1938ac5a004","","1013","",""
"1013","1013","9003972567301988","default","2026-01-08 13:55:22","","2026-01-08 13:55:35","13","0","NORMAL_CLEARING","263b6435-2d3b-4df6-bb16-7caa9bbf06bd","","1013","",""
"1013","1013","9003421552302622","default","2026-01-08 13:55:22","","2026-01-08 13:55:35","13","0","NORMAL_CLEARING","0354e91a-0be7-4171-bff8-fb85f85c4b64","","1013","",""
"1013","1013","9003972567301988","default","2026-01-08 13:55:27","","2026-01-08 13:55:41","14","0","NORMAL_CLEARING","f38aa966-536a-419e-ba1b-889943591c83","","1013","",""
"1013","1013","9003421552302622","default","2026-01-08 13:55:28","","2026-01-08 13:55:41","13","0","NORMAL_CLEARING","6afdaf48-af3e-4561-8abd-fe0076337ea6","","1013","",""
"1013","1013","9004421552302622","default","2026-01-08 13:55:40","","2026-01-08 13:55:53","13","0","NORMAL_CLEARING","a19a0168-9eee-49e2-87e8-ba71eb49fe43","","1013","",""
"1013","1013","9004972567301988","default","2026-01-08 13:55:40","","2026-01-08 13:55:53","13","0","NORMAL_CLEARING","4833b785-2d57-48e8-ac55-331dc13d5081","","1013","",""
"1013","1013","9004421552302622","default","2026-01-08 13:55:40","","2026-01-08 13:55:54","14","0","NORMAL_CLEARING","307beb58-cd4a-4b13-8993-912c2e2b5a20","","1013","",""
"1013","1013","9004972567301988","default","2026-01-08 13:55:40","","2026-01-08 13:55:54","14","0","NORMAL_CLEARING","543f3505-02dc-4b85-a3b0-1e350d306f6a","","1013","",""
"1013","1013","9004972567301988","default","2026-01-08 13:55:42","","2026-01-08 13:55:56","14","0","NORMAL_CLEARING","2269156b-2705-4b7f-9edc-d54732476daa","","1013","",""
"1013","1013","9004421552302622","default","2026-01-08 13:55:42","","2026-01-08 13:55:56","14","0","NORMAL_CLEARING","86d80923-406d-47b0-832f-c1ddca07d552","","1013","",""
"1013","1013","9004421552302622","default","2026-01-08 13:55:44","","2026-01-08 13:55:58","14","0","NORMAL_CLEARING","d1404176-42b8-4b76-9045-887837022cf2","","1013","",""
"1013","1013","9004972567301988","default","2026-01-08 13:55:44","","2026-01-08 13:55:58","14","0","NORMAL_CLEARING","b010ef2a-3836-4be5-a242-88d14e17c35e","","1013","",""
"1013","1013","9004421552302622","default","2026-01-08 13:55:50","","2026-01-08 13:56:04","14","0","NORMAL_CLEARING","9f1c5d3c-d5a8-461c-807b-c00fc4e3333d","","1013","",""
"1013","1013","9004972567301988","default","2026-01-08 13:55:50","","2026-01-08 13:56:04","14","0","NORMAL_CLEARING","ebc53d1c-db7b-4002-b13a-5fdce646929c","","1013","",""
"1013","1013","9005421552302622","default","2026-01-08 13:56:02","","2026-01-08 13:56:16","14","0","NORMAL_CLEARING","54d3d898-f467-4d70-b6f3-c8180065fe23","","1013","",""
"1013","1013","9005972567301988","default","2026-01-08 13:56:03","","2026-01-08 13:56:16","13","0","NORMAL_CLEARING","767e0071-f52d-4014-a516-8871bb02cf59","","1013","",""
"1013","1013","9005421552302622","default","2026-01-08 13:56:03","","2026-01-08 13:56:16","13","0","NORMAL_CLEARING","e214c123-5d63-4aea-a1e6-54dcadfa3e05","","1013","",""
"1013","1013","9005972567301988","default","2026-01-08 13:56:02","","2026-01-08 13:56:16","14","0","NORMAL_CLEARING","dbed4590-095e-4ebc-afb4-7719a0699791","","1013","",""
"1013","1013","9005421552302622","default","2026-01-08 13:56:05","","2026-01-08 13:56:18","13","0","NORMAL_CLEARING","02dbff97-80e8-4c8e-bee8-dc942f92f5a9","","1013","",""
"1013","1013","9005972567301988","default","2026-01-08 13:56:05","","2026-01-08 13:56:18","13","0","NORMAL_CLEARING","bd5c9432-3597-4245-b814-58792979ed34","","1013","",""
"1013","1013","9005972567301988","default","2026-01-08 13:56:07","","2026-01-08 13:56:20","13","0","NORMAL_CLEARING","57a706fb-71e7-4da6-9b7e-5548d2563ae3","","1013","",""
"1013","1013","9005421552302622","default","2026-01-08 13:56:07","","2026-01-08 13:56:21","14","0","NORMAL_CLEARING","3fa31922-ae5a-4cf3-819d-418409a76613","","1013","",""
"1013","1013","9005972567301988","default","2026-01-08 13:56:12","","2026-01-08 13:56:25","13","0","NORMAL_CLEARING","ba5d4465-2387-4f7f-97d4-5eeef7a32c61","","1013","",""
"1013","1013","9005421552302622","default","2026-01-08 13:56:12","","2026-01-08 13:56:25","13","0","NORMAL_CLEARING","1f893343-e591-4299-8301-aca5171757ca","","1013","",""
"1013","1013","9006421552302622","default","2026-01-08 13:56:25","","2026-01-08 13:56:38","13","0","NORMAL_CLEARING","2bb5234f-c442-4dac-a983-ee89980a93f8","","1013","",""
"1013","1013","9006972567301988","default","2026-01-08 13:56:25","","2026-01-08 13:56:38","13","0","NORMAL_CLEARING","b155ced4-ea9c-4e69-a1a6-99d0a8bffa1d","","1013","",""
"1013","1013","9006421552302622","default","2026-01-08 13:56:25","","2026-01-08 13:56:38","13","0","NORMAL_CLEARING","238a257b-4719-45aa-a366-d13856a8cf44","","1013","",""
"1013","1013","9006972567301988","default","2026-01-08 13:56:25","","2026-01-08 13:56:38","13","0","NORMAL_CLEARING","9e2ae555-f7e2-486b-b2bb-d5b25ae3d86a","","1013","",""
"1013","1013","9006972567301988","default","2026-01-08 13:56:27","","2026-01-08 13:56:40","13","0","NORMAL_CLEARING","81a05773-92fc-4451-a0ea-b55983acd437","","1013","",""
"1013","1013","9006421552302622","default","2026-01-08 13:56:27","","2026-01-08 13:56:40","13","0","NORMAL_CLEARING","0211a3ff-d6e8-49de-8d79-c0cd573902e8","","1013","",""
"1013","1013","9006972567301988","default","2026-01-08 13:56:30","","2026-01-08 13:56:42","12","0","NORMAL_CLEARING","5f5e95ff-9aec-4486-87e1-5fd5c1a2194d","","1013","",""
"1013","1013","9006421552302622","default","2026-01-08 13:56:30","","2026-01-08 13:56:42","12","0","NORMAL_CLEARING","47de37cb-ed7d-421d-ba13-14e10141a3eb","","1013","",""
"1013","1013","9006421552302622","default","2026-01-08 13:56:35","","2026-01-08 13:56:48","13","0","NORMAL_CLEARING","1bcf5240-2b2a-434e-a931-ac925db3af05","","1013","",""
"1013","1013","9006972567301988","default","2026-01-08 13:56:35","","2026-01-08 13:56:48","13","0","NORMAL_CLEARING","bae38bf2-214b-4459-9f56-8e376447e5ef","","1013","",""
"1013","1013","9007421552302622","default","2026-01-08 13:56:47","","2026-01-08 13:57:01","14","0","NORMAL_CLEARING","c03de29d-36fb-40fd-b85f-01f0f9a7c27e","","1013","",""
"1013","1013","9007972567301988","default","2026-01-08 13:56:47","","2026-01-08 13:57:01","14","0","NORMAL_CLEARING","61249f02-44a7-4afc-86ba-2c45628c5c3c","","1013","",""
"1013","1013","9007421552302622","default","2026-01-08 13:56:47","","2026-01-08 13:57:01","14","0","NORMAL_CLEARING","4d6ea0b1-5ac6-4117-ac71-394a685274aa","","1013","",""
"1013","1013","9007972567301988","default","2026-01-08 13:56:47","","2026-01-08 13:57:01","14","0","NORMAL_CLEARING","166704cb-ef00-4844-9de4-8e4b4e39a3fa","","1013","",""
"1013","1013","9007421552302622","default","2026-01-08 13:56:48","","2026-01-08 13:57:01","13","0","NORMAL_CLEARING","e14fa7f4-7b0c-42f5-b708-fb5148c55f05","","1013","",""
"1013","1013","9007972567301988","default","2026-01-08 13:56:48","","2026-01-08 13:57:02","14","0","NORMAL_CLEARING","100cbefc-2069-417d-837d-275b0679a7ea","","1013","",""
"1013","1013","9007421552302622","default","2026-01-08 13:56:52","","2026-01-08 13:57:05","13","0","NORMAL_CLEARING","0f40fefa-3149-4d7f-9c98-d8eaf7bf5816","","1013","",""
"1013","1013","9007972567301988","default","2026-01-08 13:56:52","","2026-01-08 13:57:06","14","0","NORMAL_CLEARING","1bb6bf57-e4e3-4876-b316-38c0590e9047","","1013","",""
"1013","1013","9007972567301988","default","2026-01-08 13:56:57","","2026-01-08 13:57:11","14","0","NORMAL_CLEARING","fafb0d76-e035-464e-86e1-f66d04e1a686","","1013","",""
"1013","1013","9007421552302622","default","2026-01-08 13:56:57","","2026-01-08 13:57:11","14","0","NORMAL_CLEARING","af5cd3c5-00e0-47a0-a9bf-abc567776655","","1013","",""
"1013","1013","9008972567301988","default","2026-01-08 13:57:10","","2026-01-08 13:57:23","13","0","NORMAL_CLEARING","8cae57b3-030c-45d4-91d6-477badbc02cf","","1013","",""
"1013","1013","9008421552302622","default","2026-01-08 13:57:10","","2026-01-08 13:57:23","13","0","NORMAL_CLEARING","fa90dca3-cefb-4ea7-839d-b413234b36df","","1013","",""
"1013","1013","9008972567301988","default","2026-01-08 13:57:10","","2026-01-08 13:57:23","13","0","NORMAL_CLEARING","9c5f5140-8f7f-42d5-831e-53273afbb13f","","1013","",""
"1013","1013","9008421552302622","default","2026-01-08 13:57:10","","2026-01-08 13:57:23","13","0","NORMAL_CLEARING","a496d802-2c06-407e-a6a1-48d9552ebd20","","1013","",""
"1013","1013","9008972567301988","default","2026-01-08 13:57:10","","2026-01-08 13:57:23","13","0","NORMAL_CLEARING","519af15b-b51c-4f96-81ed-38c75d60ded3","","1013","",""
"1013","1013","9008421552302622","default","2026-01-08 13:57:10","","2026-01-08 13:57:23","13","0","NORMAL_CLEARING","6a8e8bee-4712-41b3-9c45-97497c7b6500","","1013","",""
"1013","1013","9008972567301988","default","2026-01-08 13:57:14","","2026-01-08 13:57:27","13","0","NORMAL_CLEARING","715c9bf6-2e84-41af-8542-15bd57a7d90a","","1013","",""
"1013","1013","9008421552302622","default","2026-01-08 13:57:14","","2026-01-08 13:57:27","13","0","NORMAL_CLEARING","1301bba3-7ecc-43ab-897b-fe70c9340c24","","1013","",""
"1013","1013","9008972567301988","default","2026-01-08 13:57:19","","2026-01-08 13:57:32","13","0","NORMAL_CLEARING","e5a4c6ac-b1fe-4710-97a9-23f00edca2cf","","1013","",""
"1013","1013","9008421552302622","default","2026-01-08 13:57:19","","2026-01-08 13:57:32","13","0","NORMAL_CLEARING","a4807519-7a8b-4201-b822-66f915925220","","1013","",""
"1013","1013","9009972567301988","default","2026-01-08 13:57:32","","2026-01-08 13:57:44","12","0","NORMAL_CLEARING","47ab0bfe-4e64-49c3-8637-0301b7f6ed0a","","1013","",""
"1013","1013","9009421552302622","default","2026-01-08 13:57:32","","2026-01-08 13:57:44","12","0","NORMAL_CLEARING","e06e6579-0720-414e-984d-ec17da0429f5","","1013","",""
"1013","1013","9009421552302622","default","2026-01-08 13:57:32","","2026-01-08 13:57:45","13","0","NORMAL_CLEARING","26ca6e9f-77af-45b9-9614-2d5d0fb354f4","","1013","",""
"1013","1013","9009972567301988","default","2026-01-08 13:57:32","","2026-01-08 13:57:45","13","0","NORMAL_CLEARING","023946c2-76e0-4c5a-9362-17edcd103b27","","1013","",""
"1013","1013","9009421552302622","default","2026-01-08 13:57:32","","2026-01-08 13:57:45","13","0","NORMAL_CLEARING","c234524e-1fca-49a5-8ac6-e7e280f4c4f9","","1013","",""
"1013","1013","9009972567301988","default","2026-01-08 13:57:32","","2026-01-08 13:57:45","13","0","NORMAL_CLEARING","0154cd1d-a3e0-4dd8-85f9-309353ddc641","","1013","",""
"1013","1013","9009421552302622","default","2026-01-08 13:57:36","","2026-01-08 13:57:49","13","0","NORMAL_CLEARING","33c1fb06-332c-46ea-80d9-23ff7c013073","","1013","",""
"1013","1013","9009972567301988","default","2026-01-08 13:57:36","","2026-01-08 13:57:49","13","0","NORMAL_CLEARING","735c090c-d45a-40e1-a73e-e7a90ee113b5","","1013","",""
"1013","1013","9009421552302622","default","2026-01-08 13:57:41","","2026-01-08 13:57:54","13","0","NORMAL_CLEARING","e4de619b-6704-4818-91fd-e956a3c3b48d","","1013","",""
"1013","1013","9009972567301988","default","2026-01-08 13:57:41","","2026-01-08 13:57:54","13","0","NORMAL_CLEARING","ab7885f0-66c8-44de-a42b-88b3790e34ee","","1013","",""
"1013","1013","012421552302622","default","2026-01-08 13:57:54","","2026-01-08 13:58:07","13","0","NORMAL_CLEARING","5e381c08-ed30-47d3-90fa-73144439b97a","","1013","",""
"1013","1013","012972567301988","default","2026-01-08 13:57:54","","2026-01-08 13:58:07","13","0","NORMAL_CLEARING","4b33fa43-ec58-49b5-8f57-152b8706b5cb","","1013","",""
"1013","1013","012972567301988","default","2026-01-08 13:57:54","","2026-01-08 13:58:07","13","0","NORMAL_CLEARING","e250d702-2881-4dda-bcf4-42b1531b8238","","1013","",""
"1013","1013","012421552302622","default","2026-01-08 13:57:54","","2026-01-08 13:58:07","13","0","NORMAL_CLEARING","77e4809e-1985-4d2e-8d6f-c8a8b682b870","","1013","",""
"1013","1013","012421552302622","default","2026-01-08 13:57:55","","2026-01-08 13:58:07","12","0","NORMAL_CLEARING","e7af500d-e677-41f3-9f63-3e8e1e31c7b5","","1013","",""
"1013","1013","012972567301988","default","2026-01-08 13:57:55","","2026-01-08 13:58:07","12","0","NORMAL_CLEARING","05b0010f-40fe-4fd3-b7bc-bcece37f0d2f","","1013","",""
"1013","1013","012421552302622","default","2026-01-08 13:57:59","","2026-01-08 13:58:11","12","0","NORMAL_CLEARING","e6374b7f-ff71-4bc0-bcf3-c1e675b666c0","","1013","",""
"1013","1013","012972567301988","default","2026-01-08 13:57:58","","2026-01-08 13:58:11","13","0","NORMAL_CLEARING","80748bae-bee5-4ca2-8ec2-f5d301136403","","1013","",""
"1013","1013","012972567301988","default","2026-01-08 13:58:04","","2026-01-08 13:58:16","12","0","NORMAL_CLEARING","88fbfd11-1c8a-42e5-816c-11eb48d02e94","","1013","",""
"1013","1013","012421552302622","default","2026-01-08 13:58:04","","2026-01-08 13:58:16","12","0","NORMAL_CLEARING","d0bd25cf-08dd-403f-82f0-090fd35c5545","","1013","",""
"1013","1013","013972567301988","default","2026-01-08 13:58:16","","2026-01-08 13:58:29","13","0","NORMAL_CLEARING","a8186add-a693-4d9f-92c7-4cac8acb143e","","1013","",""
"1013","1013","013421552302622","default","2026-01-08 13:58:16","","2026-01-08 13:58:29","13","0","NORMAL_CLEARING","09ffd546-da99-42e8-9d31-e31de7fd3722","","1013","",""
"1013","1013","013972567301988","default","2026-01-08 13:58:17","","2026-01-08 13:58:29","12","0","NORMAL_CLEARING","d229fc0d-c695-406e-b193-40919df09012","","1013","",""
"1013","1013","013421552302622","default","2026-01-08 13:58:17","","2026-01-08 13:58:29","12","0","NORMAL_CLEARING","c5212893-5bd5-451d-acb8-09d49be7859d","","1013","",""
"1013","1013","013972567301988","default","2026-01-08 13:58:17","","2026-01-08 13:58:29","12","0","NORMAL_CLEARING","af4d1e10-1ba6-43db-a14f-3f9299ab1f7e","","1013","",""
"1013","1013","013421552302622","default","2026-01-08 13:58:17","","2026-01-08 13:58:29","12","0","NORMAL_CLEARING","d34b4617-291d-44b8-b66d-9585fce24b11","","1013","",""
"1013","1013","013421552302622","default","2026-01-08 13:58:21","","2026-01-08 13:58:33","12","0","NORMAL_CLEARING","fcb37a1d-805e-42ec-aea6-eeb66a83d42a","","1013","",""
"1013","1013","013972567301988","default","2026-01-08 13:58:21","","2026-01-08 13:58:33","12","0","NORMAL_CLEARING","95bf8fcd-5dfb-479d-8914-b62b6f277ce6","","1013","",""
"1013","1013","013421552302622","default","2026-01-08 13:58:26","","2026-01-08 13:58:38","12","0","NORMAL_CLEARING","dbe68364-2f03-4de3-8671-af780a189676","","1013","",""
"1013","1013","013972567301988","default","2026-01-08 13:58:26","","2026-01-08 13:58:39","13","0","NORMAL_CLEARING","b0824684-7b87-431d-8da8-da01b22054c8","","1013","",""
"1013","1013","014421552302622","default","2026-01-08 13:58:39","","2026-01-08 13:58:51","12","0","NORMAL_CLEARING","b6222342-70db-4e47-8f44-043ed9736a28","","1013","",""
"1013","1013","014972567301988","default","2026-01-08 13:58:39","","2026-01-08 13:58:51","12","0","NORMAL_CLEARING","7c6dee05-5d0a-45d8-b077-cb1fbededa1b","","1013","",""
"1013","1013","014972567301988","default","2026-01-08 13:58:39","","2026-01-08 13:58:51","12","0","NORMAL_CLEARING","7290ea1c-4caa-4ab5-a1dc-cd6b3941939d","","1013","",""
"1013","1013","014972567301988","default","2026-01-08 13:58:39","","2026-01-08 13:58:51","12","0","NORMAL_CLEARING","20d8e916-0fe8-4bb4-8ea7-b0253aef5458","","1013","",""
"1013","1013","014421552302622","default","2026-01-08 13:58:39","","2026-01-08 13:58:51","12","0","NORMAL_CLEARING","4e8720ea-082d-43ec-9433-8f955bf0820b","","1013","",""
"1013","1013","014421552302622","default","2026-01-08 13:58:39","","2026-01-08 13:58:52","13","0","NORMAL_CLEARING","31ab33e3-5d3c-4577-9b19-7afe095d5ad1","","1013","",""
"1013","1013","014421552302622","default","2026-01-08 13:58:43","","2026-01-08 13:58:56","13","0","NORMAL_CLEARING","ebe3756d-79c0-4af9-a358-3e5548ff1c68","","1013","",""
"1013","1013","014972567301988","default","2026-01-08 13:58:43","","2026-01-08 13:58:56","13","0","NORMAL_CLEARING","82a6f67e-4992-4738-b505-9b03fd57cd98","","1013","",""
"1013","1013","014421552302622","default","2026-01-08 13:58:48","","2026-01-08 13:59:01","13","0","NORMAL_CLEARING","39621aa6-30de-4daf-a961-af1b1b83b3f6","","1013","",""
"1013","1013","014972567301988","default","2026-01-08 13:58:48","","2026-01-08 13:59:01","13","0","NORMAL_CLEARING","a576e5b1-8f29-4d78-bc4a-94a8c98dbe92","","1013","",""
"1013","1013","015421552302622","default","2026-01-08 13:59:01","","2026-01-08 13:59:14","13","0","NORMAL_CLEARING","344a98c8-7ebc-4f0e-bd77-031ff98243e4","","1013","",""
"1013","1013","015972567301988","default","2026-01-08 13:59:01","","2026-01-08 13:59:14","13","0","NORMAL_CLEARING","2d468c71-9f51-4577-9af3-5051d3e0a864","","1013","",""
"1013","1013","015972567301988","default","2026-01-08 13:59:01","","2026-01-08 13:59:14","13","0","NORMAL_CLEARING","f68ef33b-3d7c-4140-87d9-dc57e021ebf3","","1013","",""
"1013","1013","015421552302622","default","2026-01-08 13:59:01","","2026-01-08 13:59:14","13","0","NORMAL_CLEARING","ff0d6b6a-02d2-470a-b178-1d436525f498","","1013","",""
"1013","1013","015421552302622","default","2026-01-08 13:59:01","","2026-01-08 13:59:14","13","0","NORMAL_CLEARING","421e5488-c3b5-4895-a4dc-12e0a47e5889","","1013","",""
"1013","1013","015972567301988","default","2026-01-08 13:59:01","","2026-01-08 13:59:14","13","0","NORMAL_CLEARING","5d15fe05-4538-4a28-86bf-1dbfd1ed6802","","1013","",""
"1013","1013","015972567301988","default","2026-01-08 13:59:05","","2026-01-08 13:59:18","13","0","NORMAL_CLEARING","4ef52234-77a0-4281-962f-4dfcd0dea59d","","1013","",""
"1013","1013","015421552302622","default","2026-01-08 13:59:05","","2026-01-08 13:59:18","13","0","NORMAL_CLEARING","da1c5111-e662-4931-9784-4dbeac802b57","","1013","",""
"1013","1013","015972567301988","default","2026-01-08 13:59:10","","2026-01-08 13:59:23","13","0","NORMAL_CLEARING","74305aa1-0339-4699-b33c-857663a2f397","","1013","",""
"1013","1013","015421552302622","default","2026-01-08 13:59:10","","2026-01-08 13:59:23","13","0","NORMAL_CLEARING","7b2157d0-cb19-4605-8486-7839250a9e1a","","1013","",""
"1013","1013","016972567301988","default","2026-01-08 13:59:23","","2026-01-08 13:59:35","12","0","NORMAL_CLEARING","e433efee-1b73-41e5-b978-ab304b5f3fe4","","1013","",""
"1013","1013","016421552302622","default","2026-01-08 13:59:23","","2026-01-08 13:59:35","12","0","NORMAL_CLEARING","bfdd0ac9-7a62-4826-96f6-f9c9bc091462","","1013","",""
"1013","1013","016972567301988","default","2026-01-08 13:59:23","","2026-01-08 13:59:36","13","0","NORMAL_CLEARING","79cbfd68-e673-4222-8960-00fde0075fd1","","1013","",""
"1013","1013","016421552302622","default","2026-01-08 13:59:23","","2026-01-08 13:59:36","13","0","NORMAL_CLEARING","829bc6cd-154a-43cf-8b0a-6fb1e6f9a661","","1013","",""
"1013","1013","016421552302622","default","2026-01-08 13:59:24","","2026-01-08 13:59:36","12","0","NORMAL_CLEARING","8cc8b886-c542-4188-82d9-26e6df0b57f1","","1013","",""
"1013","1013","016972567301988","default","2026-01-08 13:59:24","","2026-01-08 13:59:36","12","0","NORMAL_CLEARING","8a8206d8-f4c1-4e88-bbdb-18b64fda7ca6","","1013","",""
"1013","1013","016972567301988","default","2026-01-08 13:59:28","","2026-01-08 13:59:40","12","0","NORMAL_CLEARING","3feb9d10-045f-49b5-93fe-a73deecca7f6","","1013","",""
"1013","1013","016421552302622","default","2026-01-08 13:59:28","","2026-01-08 13:59:40","12","0","NORMAL_CLEARING","5b1dbd7d-fd93-4d85-a3f1-3bade51f5bbc","","1013","",""
"1013","1013","016972567301988","default","2026-01-08 13:59:33","","2026-01-08 13:59:46","13","0","NORMAL_CLEARING","326b4a69-ec12-4a03-bde4-50e233ee1f92","","1013","",""
"1013","1013","016421552302622","default","2026-01-08 13:59:33","","2026-01-08 13:59:46","13","0","NORMAL_CLEARING","5568f4c2-fc36-4014-a83a-7de29a36a21f","","1013","",""
"1013","1013","017972567301988","default","2026-01-08 13:59:45","","2026-01-08 13:59:59","14","0","NORMAL_CLEARING","9d1b9a0f-0ec4-4800-a3b1-bce1d8f173ae","","1013","",""
"1013","1013","017421552302622","default","2026-01-08 13:59:45","","2026-01-08 13:59:59","14","0","NORMAL_CLEARING","af689fdb-c988-43a7-9897-cce3710f3cd9","","1013","",""
"1013","1013","017421552302622","default","2026-01-08 13:59:46","","2026-01-08 14:00:00","14","0","NORMAL_CLEARING","cf2ee5aa-5076-45dd-a030-56674be484b0","","1013","",""
"1013","1013","017972567301988","default","2026-01-08 13:59:46","","2026-01-08 14:00:00","14","0","NORMAL_CLEARING","99249063-8957-4225-8c5e-4ebf69c142ad","","1013","",""
"1013","1013","017421552302622","default","2026-01-08 13:59:46","","2026-01-08 14:00:00","14","0","NORMAL_CLEARING","7f692c48-f761-4c1f-aa42-7d439f38d415","","1013","",""
"1013","1013","017972567301988","default","2026-01-08 13:59:46","","2026-01-08 14:00:00","14","0","NORMAL_CLEARING","6e5415e7-646f-4dea-be06-ea2502712971","","1013","",""
"1013","1013","017421552302622","default","2026-01-08 13:59:50","","2026-01-08 14:00:05","15","0","NORMAL_CLEARING","7c8b6d86-0908-4e98-9c4b-6dcc74366b8f","","1013","",""
"1013","1013","017972567301988","default","2026-01-08 13:59:50","","2026-01-08 14:00:05","15","0","NORMAL_CLEARING","9336494a-3086-4bf1-9408-66a04c9470c6","","1013","",""
"1013","1013","017972567301988","default","2026-01-08 13:59:55","","2026-01-08 14:00:10","15","0","NORMAL_CLEARING","0f0d1935-1b7e-4dc9-b15a-852ea349aced","","1013","",""
"1013","1013","017421552302622","default","2026-01-08 13:59:55","","2026-01-08 14:00:10","15","0","NORMAL_CLEARING","2a36b7cd-2c68-4467-bbf9-b3c93b50646a","","1013","",""
"1013","1013","018421552302622","default","2026-01-08 14:00:09","","2026-01-08 14:00:22","13","0","NORMAL_CLEARING","2abc8381-d976-422b-bdff-1da9b8a44ec0","","1013","",""
"1013","1013","018421552302622","default","2026-01-08 14:00:09","","2026-01-08 14:00:22","13","0","NORMAL_CLEARING","ae17dcb2-414d-49df-babd-94e22d39cc0b","","1013","",""
"1013","1013","018421552302622","default","2026-01-08 14:00:09","","2026-01-08 14:00:22","13","0","NORMAL_CLEARING","ce6c3dbf-418c-4ca6-b12f-bc29ef9bae99","","1013","",""
"1013","1013","018972567301988","default","2026-01-08 14:00:09","","2026-01-08 14:00:22","13","0","NORMAL_CLEARING","884533e3-0c5d-43ed-b359-99f6945be88d","","1013","",""
"1013","1013","018972567301988","default","2026-01-08 14:00:09","","2026-01-08 14:00:22","13","0","NORMAL_CLEARING","87a3975a-a169-4f6e-9da6-b5ed1cf77fb9","","1013","",""
"1013","1013","018972567301988","default","2026-01-08 14:00:09","","2026-01-08 14:00:22","13","0","NORMAL_CLEARING","580ffea9-ec77-4ce1-8025-4b37dc6921a3","","1013","",""
"1013","1013","018421552302622","default","2026-01-08 14:00:13","","2026-01-08 14:00:26","13","0","NORMAL_CLEARING","dda23f23-f26a-4878-8e74-9b5d8c915b69","","1013","",""
"1013","1013","018972567301988","default","2026-01-08 14:00:13","","2026-01-08 14:00:26","13","0","NORMAL_CLEARING","d6c149a8-a80b-49c3-beeb-7a8d3135bb5d","","1013","",""
"1013","1013","018421552302622","default","2026-01-08 14:00:18","","2026-01-08 14:00:30","12","0","NORMAL_CLEARING","c3fbaf21-fcaa-4434-b0b6-1ff9b60003ce","","1013","",""
"1013","1013","018972567301988","default","2026-01-08 14:00:18","","2026-01-08 14:00:31","13","0","NORMAL_CLEARING","45905fbf-19c7-42c8-b0fb-0b4f20975dac","","1013","",""
"1013","1013","019972567301988","default","2026-01-08 14:00:31","","2026-01-08 14:00:43","12","0","NORMAL_CLEARING","374cab3f-0514-49a1-9937-8d67450bd24a","","1013","",""
"1013","1013","019421552302622","default","2026-01-08 14:00:31","","2026-01-08 14:00:44","13","0","NORMAL_CLEARING","367668fd-3019-404c-bcb5-c3fd3244ef27","","1013","",""
"1013","1013","019421552302622","default","2026-01-08 14:00:31","","2026-01-08 14:00:44","13","0","NORMAL_CLEARING","47db9184-493f-48f9-9661-df6ae1b19920","","1013","",""
"1013","1013","019972567301988","default","2026-01-08 14:00:31","","2026-01-08 14:00:44","13","0","NORMAL_CLEARING","23c85aeb-4fe9-453f-9f8b-69b3531b198f","","1013","",""
"1013","1013","019421552302622","default","2026-01-08 14:00:31","","2026-01-08 14:00:44","13","0","NORMAL_CLEARING","7de20b72-5a23-4a37-9ee8-69234204bf23","","1013","",""
"1013","1013","019972567301988","default","2026-01-08 14:00:31","","2026-01-08 14:00:44","13","0","NORMAL_CLEARING","1c077a68-6a05-4fe2-9f79-4486e8f8467a","","1013","",""
"1013","1013","019972567301988","default","2026-01-08 14:00:35","","2026-01-08 14:00:47","12","0","NORMAL_CLEARING","404a0e9e-febe-4ff8-b72f-9a3b4a2f203c","","1013","",""
"1013","1013","019421552302622","default","2026-01-08 14:00:35","","2026-01-08 14:00:48","13","0","NORMAL_CLEARING","1f879b9d-5383-4a9d-b0db-4918869dde52","","1013","",""
"1013","1013","019421552302622","default","2026-01-08 14:00:40","","2026-01-08 14:00:52","12","0","NORMAL_CLEARING","2d03b947-b6d4-4f97-9cb4-917f1200605b","","1013","",""
"1013","1013","019972567301988","default","2026-01-08 14:00:40","","2026-01-08 14:00:52","12","0","NORMAL_CLEARING","ea91175e-0097-4fe0-b73a-0058d862d94d","","1013","",""
"1013","1013","0010972567301988","default","2026-01-08 14:00:53","","2026-01-08 14:01:05","12","0","NORMAL_CLEARING","967c067e-d8f5-45b9-bdce-229e8abf32be","","1013","",""
"1013","1013","0010972567301988","default","2026-01-08 14:00:53","","2026-01-08 14:01:05","12","0","NORMAL_CLEARING","782f32b2-ab0e-4b6d-9484-43fbf0eced84","","1013","",""
"1013","1013","0010421552302622","default","2026-01-08 14:00:53","","2026-01-08 14:01:06","13","0","NORMAL_CLEARING","a495f422-26c0-4dc3-ae36-7bafbc6c2dc6","","1013","",""
"1013","1013","0010421552302622","default","2026-01-08 14:00:53","","2026-01-08 14:01:06","13","0","NORMAL_CLEARING","14330986-4e38-4c0f-a06f-fbd89ea4ff99","","1013","",""
"1013","1013","0010421552302622","default","2026-01-08 14:00:54","","2026-01-08 14:01:06","12","0","NORMAL_CLEARING","ca444f45-5f1d-4487-b80e-bb3fea662a0c","","1013","",""
"1013","1013","0010972567301988","default","2026-01-08 14:00:54","","2026-01-08 14:01:06","12","0","NORMAL_CLEARING","20e6eec2-f5c9-4b09-a4f7-838f55587a59","","1013","",""
"1013","1013","0010972567301988","default","2026-01-08 14:00:58","","2026-01-08 14:01:10","12","0","NORMAL_CLEARING","e873b738-f718-4581-a1b4-e84e8062b893","","1013","",""
"1013","1013","0010421552302622","default","2026-01-08 14:00:58","","2026-01-08 14:01:10","12","0","NORMAL_CLEARING","04a54b45-5280-4454-b73c-361d76cdbdaa","","1013","",""
"1013","1013","0010421552302622","default","2026-01-08 14:01:03","","2026-01-08 14:01:16","13","0","NORMAL_CLEARING","c093d98d-d8e2-481d-b07b-c2bf0bebd7dd","","1013","",""
"1013","1013","0010972567301988","default","2026-01-08 14:01:03","","2026-01-08 14:01:16","13","0","NORMAL_CLEARING","8e00f5e1-795b-4ad9-95f9-31385d6ba7dd","","1013","",""
"1013","1013","0012421552302622","default","2026-01-08 14:01:16","","2026-01-08 14:01:29","13","0","NORMAL_CLEARING","b74d618e-9c54-4a84-96a8-f5e92dca2372","","1013","",""
"1013","1013","0012972567301988","default","2026-01-08 14:01:16","","2026-01-08 14:01:29","13","0","NORMAL_CLEARING","c9d22d96-0fae-4aa0-a0f9-1be2c6126cc6","","1013","",""
"1013","1013","0012972567301988","default","2026-01-08 14:01:16","","2026-01-08 14:01:29","13","0","NORMAL_CLEARING","d2f6b394-51e2-49ca-a93f-9920de2305a9","","1013","",""
"1013","1013","0012421552302622","default","2026-01-08 14:01:16","","2026-01-08 14:01:29","13","0","NORMAL_CLEARING","a38e5f27-10bf-475d-bf03-e81433ac7235","","1013","",""
"1013","1013","0012421552302622","default","2026-01-08 14:01:16","","2026-01-08 14:01:29","13","0","NORMAL_CLEARING","7ff3f2fe-c566-4a31-87d9-8200e7d39d5c","","1013","",""
"1013","1013","0012972567301988","default","2026-01-08 14:01:16","","2026-01-08 14:01:29","13","0","NORMAL_CLEARING","bdefdc29-8c13-4b95-a468-ab36b0306e9d","","1013","",""
"1013","1013","0012421552302622","default","2026-01-08 14:01:20","","2026-01-08 14:01:33","13","0","NORMAL_CLEARING","94d52a8a-86a1-4b66-982a-772dbfa73916","","1013","",""
"1013","1013","0012972567301988","default","2026-01-08 14:01:20","","2026-01-08 14:01:33","13","0","NORMAL_CLEARING","cc2ee1f0-c283-4d94-ab96-e269353cfbbe","","1013","",""
"1013","1013","0012972567301988","default","2026-01-08 14:01:25","","2026-01-08 14:01:38","13","0","NORMAL_CLEARING","aca8aba0-b446-4bd4-b2c6-097e51d20e8a","","1013","",""
"1013","1013","0012421552302622","default","2026-01-08 14:01:25","","2026-01-08 14:01:38","13","0","NORMAL_CLEARING","e4c2b036-ad6a-466b-a8ce-9dd06bf863d2","","1013","",""
"1013","1013","0013972567301988","default","2026-01-08 14:01:38","","2026-01-08 14:01:51","13","0","NORMAL_CLEARING","52757316-7b22-48b1-8fac-850315aa8dd0","","1013","",""
"1013","1013","0013421552302622","default","2026-01-08 14:01:38","","2026-01-08 14:01:51","13","0","NORMAL_CLEARING","8bab5a32-dd38-4ab2-b676-93e3247fb19d","","1013","",""
"1013","1013","0013421552302622","default","2026-01-08 14:01:38","","2026-01-08 14:01:51","13","0","NORMAL_CLEARING","11eba6f7-818e-4075-affd-482033203129","","1013","",""
"1013","1013","0013972567301988","default","2026-01-08 14:01:38","","2026-01-08 14:01:51","13","0","NORMAL_CLEARING","e7079b4b-2be5-4770-81c3-5f2a6b579051","","1013","",""
"1013","1013","0013972567301988","default","2026-01-08 14:01:39","","2026-01-08 14:01:51","12","0","NORMAL_CLEARING","935bbf41-c9b2-482c-a4e1-f53a47587f44","","1013","",""
"1013","1013","0013421552302622","default","2026-01-08 14:01:39","","2026-01-08 14:01:51","12","0","NORMAL_CLEARING","b3bcfd9e-f629-400f-98ea-0e3bbf8d2478","","1013","",""
"1013","1013","0013972567301988","default","2026-01-08 14:01:43","","2026-01-08 14:01:55","12","0","NORMAL_CLEARING","0d716956-e441-4122-8b4c-0a1ca90a4228","","1013","",""
"1013","1013","0013421552302622","default","2026-01-08 14:01:43","","2026-01-08 14:01:55","12","0","NORMAL_CLEARING","a7847009-e75d-4fe4-819f-1ae6c21580c1","","1013","",""
"1013","1013","0013972567301988","default","2026-01-08 14:01:48","","2026-01-08 14:02:00","12","0","NORMAL_CLEARING","fcdf96c4-076e-4ec1-9aa5-f4e20b3b878f","","1013","",""
"1013","1013","0013421552302622","default","2026-01-08 14:01:48","","2026-01-08 14:02:00","12","0","NORMAL_CLEARING","84da038e-4c6f-4dbf-b62e-af9a3d4f032a","","1013","",""
"1013","1013","0014972567301988","default","2026-01-08 14:02:01","","2026-01-08 14:02:14","13","0","NORMAL_CLEARING","3e95eaee-add5-4057-a14a-dc1613efd38d","","1013","",""
"1013","1013","0014972567301988","default","2026-01-08 14:02:01","","2026-01-08 14:02:14","13","0","NORMAL_CLEARING","fddba438-c3d7-4037-8808-2bdc54c38173","","1013","",""
"1013","1013","0014421552302622","default","2026-01-08 14:02:01","","2026-01-08 14:02:14","13","0","NORMAL_CLEARING","39774017-3a57-4616-a71b-93ff965d44b5","","1013","",""
"1013","1013","0014421552302622","default","2026-01-08 14:02:01","","2026-01-08 14:02:14","13","0","NORMAL_CLEARING","b68bf913-98a4-4784-9a87-94f121ca05a7","","1013","",""
"1013","1013","0014972567301988","default","2026-01-08 14:02:01","","2026-01-08 14:02:14","13","0","NORMAL_CLEARING","692d6d5c-e20b-4071-bfa0-411c828560d4","","1013","",""
"1013","1013","0014421552302622","default","2026-01-08 14:02:01","","2026-01-08 14:02:14","13","0","NORMAL_CLEARING","e72db0f6-b9dd-4d89-a967-4f4f1a1ed845","","1013","",""
"1013","1013","0014972567301988","default","2026-01-08 14:02:05","","2026-01-08 14:02:18","13","0","NORMAL_CLEARING","2e518d33-7f72-433e-af8c-026556ec39e9","","1013","",""
"1013","1013","0014421552302622","default","2026-01-08 14:02:05","","2026-01-08 14:02:18","13","0","NORMAL_CLEARING","90da3405-1321-4e78-9bf9-72875e550574","","1013","",""
"1013","1013","0014972567301988","default","2026-01-08 14:02:10","","2026-01-08 14:02:23","13","0","NORMAL_CLEARING","e2d5028b-341a-4ed9-b8fa-53425d74e4a7","","1013","",""
"1013","1013","0014421552302622","default","2026-01-08 14:02:10","","2026-01-08 14:02:23","13","0","NORMAL_CLEARING","c54cef24-4312-4438-8940-1f034775f543","","1013","",""
"1013","1013","0015972567301988","default","2026-01-08 14:02:22","","2026-01-08 14:02:34","12","0","NORMAL_CLEARING","e5b8488b-58ab-4996-8a92-7ee565e3fc97","","1013","",""
"1013","1013","0015421552302622","default","2026-01-08 14:02:22","","2026-01-08 14:02:34","12","0","NORMAL_CLEARING","a2a95c36-13d8-4c18-bbe5-12184a2c1094","","1013","",""
"1013","1013","0015421552302622","default","2026-01-08 14:02:23","","2026-01-08 14:02:35","12","0","NORMAL_CLEARING","8a6aea6e-34cf-4485-9d05-9199d7639f59","","1013","",""
"1013","1013","0015972567301988","default","2026-01-08 14:02:23","","2026-01-08 14:02:35","12","0","NORMAL_CLEARING","8b7c84fb-c270-4f95-9958-820862890f09","","1013","",""
"1013","1013","0015421552302622","default","2026-01-08 14:02:23","","2026-01-08 14:02:35","12","0","NORMAL_CLEARING","dc1940b7-1058-468d-8384-f7b93b5e35bb","","1013","",""
"1013","1013","0015972567301988","default","2026-01-08 14:02:23","","2026-01-08 14:02:35","12","0","NORMAL_CLEARING","a7071200-0db8-43ab-948d-262273c6e359","","1013","",""
"1013","1013","0015421552302622","default","2026-01-08 14:02:27","","2026-01-08 14:02:40","13","0","NORMAL_CLEARING","48d9c61e-1538-4ecf-92f9-b37b1389a72e","","1013","",""
"1013","1013","0015972567301988","default","2026-01-08 14:02:27","","2026-01-08 14:02:40","13","0","NORMAL_CLEARING","6132481d-00d8-4896-aed6-c96283eccf33","","1013","",""
"1013","1013","0015421552302622","default","2026-01-08 14:02:32","","2026-01-08 14:02:46","14","0","NORMAL_CLEARING","4705e3bf-08e2-4bc9-b6fc-15f2201ef06e","","1013","",""
"1013","1013","0015972567301988","default","2026-01-08 14:02:32","","2026-01-08 14:02:46","14","0","NORMAL_CLEARING","b3041f58-a655-4aa0-89b6-96d9fad876d4","","1013","",""
"1013","1013","0016972567301988","default","2026-01-08 14:02:44","","2026-01-08 14:02:57","13","0","NORMAL_CLEARING","27a234d1-b689-4da5-aca0-b245545599c0","","1013","",""
"1013","1013","0016421552302622","default","2026-01-08 14:02:44","","2026-01-08 14:02:57","13","0","NORMAL_CLEARING","6c4307d5-01b0-4789-af84-e3cec13f1229","","1013","",""
"1013","1013","0016421552302622","default","2026-01-08 14:02:45","","2026-01-08 14:02:58","13","0","NORMAL_CLEARING","a01d2f48-5a03-4dbd-84ff-04e04fb8783d","","1013","",""
"1013","1013","0016972567301988","default","2026-01-08 14:02:45","","2026-01-08 14:02:59","14","0","NORMAL_CLEARING","7112578d-f143-40c2-904e-1c5aac3335db","","1013","",""
"1013","1013","0016972567301988","default","2026-01-08 14:02:46","","2026-01-08 14:02:59","13","0","NORMAL_CLEARING","0d874044-b2d2-406f-a3c2-d0040b451da1","","1013","",""
"1013","1013","0016421552302622","default","2026-01-08 14:02:46","","2026-01-08 14:02:59","13","0","NORMAL_CLEARING","81d4aa03-b41c-4f53-875b-76ea183f5999","","1013","",""
"1013","1013","0016421552302622","default","2026-01-08 14:02:49","","2026-01-08 14:03:03","14","0","NORMAL_CLEARING","21cef284-79c1-45d8-87ec-6a552fa54a7b","","1013","",""
"1013","1013","0016972567301988","default","2026-01-08 14:02:49","","2026-01-08 14:03:03","14","0","NORMAL_CLEARING","cc6be949-e6e7-488b-bc9a-9d860477e32a","","1013","",""
"1013","1013","0016421552302622","default","2026-01-08 14:02:55","","2026-01-08 14:03:08","13","0","NORMAL_CLEARING","75c1e2d5-abc7-4ab4-9ed7-d151a1d87526","","1013","",""
"1013","1013","0016972567301988","default","2026-01-08 14:02:55","","2026-01-08 14:03:08","13","0","NORMAL_CLEARING","faebda4d-c546-4cf7-9db3-04f03cbaea43","","1013","",""
"1013","1013","0017972567301988","default","2026-01-08 14:03:07","","2026-01-08 14:03:20","13","0","NORMAL_CLEARING","de9e4200-b66f-405f-9a4f-1682f59fb9b0","","1013","",""
"1013","1013","0017421552302622","default","2026-01-08 14:03:07","","2026-01-08 14:03:20","13","0","NORMAL_CLEARING","dad29c04-71af-494f-8e12-53f36011f74f","","1013","",""
"1013","1013","0017972567301988","default","2026-01-08 14:03:07","","2026-01-08 14:03:21","14","0","NORMAL_CLEARING","2e32b322-5d02-4aa3-808c-f18aa7cc274b","","1013","",""
"1013","1013","0017421552302622","default","2026-01-08 14:03:07","","2026-01-08 14:03:21","14","0","NORMAL_CLEARING","5d0724c2-763a-4d69-9199-577de4a065c4","","1013","",""
"1013","1013","0017421552302622","default","2026-01-08 14:03:08","","2026-01-08 14:03:21","13","0","NORMAL_CLEARING","2282b4fe-7e8f-4eca-80cd-9dda7ea5fe23","","1013","",""
"1013","1013","0017972567301988","default","2026-01-08 14:03:08","","2026-01-08 14:03:21","13","0","NORMAL_CLEARING","5dd66e65-099f-4140-a5e5-0e93c61ab155","","1013","",""
"1013","1013","0017972567301988","default","2026-01-08 14:03:12","","2026-01-08 14:03:25","13","0","NORMAL_CLEARING","2158d05c-3c09-4da7-8d15-f9eb043a0115","","1013","",""
"1013","1013","0017421552302622","default","2026-01-08 14:03:12","","2026-01-08 14:03:25","13","0","NORMAL_CLEARING","90ab81b8-8887-4163-8143-5821030cb48f","","1013","",""
"1013","1013","0017421552302622","default","2026-01-08 14:03:17","","2026-01-08 14:03:30","13","0","NORMAL_CLEARING","7c1dc861-3357-46fc-baa9-664672c5cc6e","","1013","",""
"1013","1013","0017972567301988","default","2026-01-08 14:03:17","","2026-01-08 14:03:30","13","0","NORMAL_CLEARING","8d6f1fdd-8564-4c2e-ae20-b8f170a24dbc","","1013","",""
"1013","1013","0018972567301988","default","2026-01-08 14:03:29","","2026-01-08 14:03:41","12","0","NORMAL_CLEARING","b6af581c-bd16-46bb-bfc0-3a040ed4fd33","","1013","",""
"1013","1013","0018421552302622","default","2026-01-08 14:03:29","","2026-01-08 14:03:41","12","0","NORMAL_CLEARING","0d96a10b-0b80-4c91-a951-7e4c4001b581","","1013","",""
"1013","1013","0018421552302622","default","2026-01-08 14:03:30","","2026-01-08 14:03:42","12","0","NORMAL_CLEARING","f1894ce4-614f-4870-9838-dc81606bb03c","","1013","",""
"1013","1013","0018972567301988","default","2026-01-08 14:03:30","","2026-01-08 14:03:42","12","0","NORMAL_CLEARING","7de06e78-a83f-402b-a1b5-623afa937f00","","1013","",""
"1013","1013","0018972567301988","default","2026-01-08 14:03:30","","2026-01-08 14:03:43","13","0","NORMAL_CLEARING","cf22b2e0-cdb2-4f4d-8693-9237233fe80e","","1013","",""
"1013","1013","0018421552302622","default","2026-01-08 14:03:30","","2026-01-08 14:03:43","13","0","NORMAL_CLEARING","4e246972-2273-4227-b202-56428f37f779","","1013","",""
"1013","1013","0018972567301988","default","2026-01-08 14:03:34","","2026-01-08 14:03:46","12","0","NORMAL_CLEARING","a1ea82af-ebbe-4969-837e-55c572b56e42","","1013","",""
"1013","1013","0018421552302622","default","2026-01-08 14:03:34","","2026-01-08 14:03:46","12","0","NORMAL_CLEARING","8fe827b3-6bd3-4ea5-a82d-0d003770ea3c","","1013","",""
"1013","1013","0018972567301988","default","2026-01-08 14:03:39","","2026-01-08 14:03:52","13","0","NORMAL_CLEARING","113f4833-bafe-4415-b019-8bbb9734d14a","","1013","",""
"1013","1013","0018421552302622","default","2026-01-08 14:03:39","","2026-01-08 14:03:52","13","0","NORMAL_CLEARING","c0746827-1098-419f-86a1-4d2b02b7ac7d","","1013","",""
"1013","1013","0019421552302622","default","2026-01-08 14:03:51","","2026-01-08 14:04:04","13","0","NORMAL_CLEARING","115c0861-699d-4db1-bc43-4e472e941328","","1013","",""
"1013","1013","0019972567301988","default","2026-01-08 14:03:51","","2026-01-08 14:04:04","13","0","NORMAL_CLEARING","c0e13f43-791e-488a-bbc3-86b7b5e0ed9f","","1013","",""
"1013","1013","0019421552302622","default","2026-01-08 14:03:52","","2026-01-08 14:04:05","13","0","NORMAL_CLEARING","afb1e5fd-7e1f-4cbb-a187-2ff501ebd27f","","1013","",""
"1013","1013","0019972567301988","default","2026-01-08 14:03:52","","2026-01-08 14:04:05","13","0","NORMAL_CLEARING","25731521-471d-40d9-80a8-96558d7f35ba","","1013","",""
"1013","1013","0019972567301988","default","2026-01-08 14:03:52","","2026-01-08 14:04:05","13","0","NORMAL_CLEARING","d24afd4d-5ff8-4a85-ae1a-bd914085a615","","1013","",""
"1013","1013","0019421552302622","default","2026-01-08 14:03:52","","2026-01-08 14:04:06","14","0","NORMAL_CLEARING","43463d86-ed6f-40f6-849b-ef874c60aa9d","","1013","",""
"1013","1013","0019421552302622","default","2026-01-08 14:03:56","","2026-01-08 14:04:09","13","0","NORMAL_CLEARING","2c5552d9-6c9e-4e96-b413-2e3cd0d1de65","","1013","",""
"1013","1013","0019972567301988","default","2026-01-08 14:03:56","","2026-01-08 14:04:09","13","0","NORMAL_CLEARING","3d25e525-7a1d-4802-8a84-e49757e9e132","","1013","",""
"1013","1013","0019421552302622","default","2026-01-08 14:04:02","","2026-01-08 14:04:14","12","0","NORMAL_CLEARING","572852e2-e4b1-4d63-93e5-ecaeda94d74f","","1013","",""
"1013","1013","0019972567301988","default","2026-01-08 14:04:02","","2026-01-08 14:04:14","12","0","NORMAL_CLEARING","f0dde1d9-9b0f-4b79-aa05-68432deb797d","","1013","",""
"1013","1013","00+972567301988","default","2026-01-08 14:04:13","","2026-01-08 14:04:25","12","0","NORMAL_CLEARING","73f4cd97-0ca5-46c8-8706-f7f4d8cef4f5","","1013","",""
"1013","1013","00+421552302622","default","2026-01-08 14:04:13","","2026-01-08 14:04:26","13","0","NORMAL_CLEARING","61f9561f-b26d-486b-b2ee-e2ca390ace38","","1013","",""
"1013","1013","00+972567301988","default","2026-01-08 14:04:14","","2026-01-08 14:04:26","12","0","NORMAL_CLEARING","4a19df68-f303-41aa-93fc-f8941f4fb683","","1013","",""
"1013","1013","00+421552302622","default","2026-01-08 14:04:14","","2026-01-08 14:04:27","13","0","NORMAL_CLEARING","ac9d5d74-5a92-434a-9dff-bdabb50cc55b","","1013","",""
"1013","1013","00+972567301988","default","2026-01-08 14:04:15","","2026-01-08 14:04:27","12","0","NORMAL_CLEARING","028853db-673e-4e30-b922-e0043c4bab0f","","1013","",""
"1013","1013","00+421552302622","default","2026-01-08 14:04:15","","2026-01-08 14:04:27","12","0","NORMAL_CLEARING","233a93fb-7883-4e8b-bd56-e76a3f9eb597","","1013","",""
"1013","1013","00+972567301988","default","2026-01-08 14:04:19","","2026-01-08 14:04:31","12","0","NORMAL_CLEARING","5ddf6bff-2949-4472-ad60-17731a628ca9","","1013","",""
"1013","1013","00+421552302622","default","2026-01-08 14:04:19","","2026-01-08 14:04:31","12","0","NORMAL_CLEARING","6f2e0756-ac79-431c-9e46-b84cfcf9a72c","","1013","",""
"1013","1013","00+421552302622","default","2026-01-08 14:04:24","","2026-01-08 14:04:36","12","0","NORMAL_CLEARING","3745f7f4-cea3-437b-847e-120f52c55702","","1013","",""
"1013","1013","00+972567301988","default","2026-01-08 14:04:24","","2026-01-08 14:04:36","12","0","NORMAL_CLEARING","4fbfbef0-64ad-4497-8961-2b0073e9d744","","1013","",""
"1013","1013","00-972567301988","default","2026-01-08 14:04:36","","2026-01-08 14:04:47","11","0","NORMAL_CLEARING","bfda99df-254f-4de7-bca1-8d0ae8dcfa6f","","1013","",""
"1013","1013","00-421552302622","default","2026-01-08 14:04:36","","2026-01-08 14:04:47","11","0","NORMAL_CLEARING","3083c878-b43e-4389-9697-9a60818df724","","1013","",""
"1013","1013","00-972567301988","default","2026-01-08 14:04:37","","2026-01-08 14:04:49","12","0","NORMAL_CLEARING","53c59146-9e05-4f9e-9cb5-211c488bccaf","","1013","",""
"1013","1013","00-421552302622","default","2026-01-08 14:04:37","","2026-01-08 14:04:49","12","0","NORMAL_CLEARING","0d0d97c6-9f92-480e-964f-0060d70ec140","","1013","",""
"1013","1013","00-421552302622","default","2026-01-08 14:04:37","","2026-01-08 14:04:49","12","0","NORMAL_CLEARING","38448649-5576-4c80-8662-708c5cd48af3","","1013","",""
"1013","1013","00-972567301988","default","2026-01-08 14:04:37","","2026-01-08 14:04:49","12","0","NORMAL_CLEARING","29e0a276-192f-446a-84be-14a45cdadd17","","1013","",""
"1013","1013","00-972567301988","default","2026-01-08 14:04:41","","2026-01-08 14:04:52","11","0","NORMAL_CLEARING","3f9ecfe8-5905-404a-890c-5ed7fb79667a","","1013","",""
"1013","1013","00-421552302622","default","2026-01-08 14:04:41","","2026-01-08 14:04:52","11","0","NORMAL_CLEARING","847eedad-f386-4ac8-a3f4-2f5bb5575a4f","","1013","",""
"1013","1013","00-421552302622","default","2026-01-08 14:04:46","","2026-01-08 14:04:58","12","0","NORMAL_CLEARING","6d1b2efb-7a0b-4a1c-8610-7d71598d4430","","1013","",""
"1013","1013","00-972567301988","default","2026-01-08 14:04:46","","2026-01-08 14:04:58","12","0","NORMAL_CLEARING","dab90d0b-5cea-46c3-a1d9-5489f86183c9","","1013","",""
"1013","1013","-0421552302622","default","2026-01-08 14:04:58","","2026-01-08 14:05:09","11","0","NORMAL_CLEARING","962ecf54-b259-4ba1-bab2-f4017c05157a","","1013","",""
"1013","1013","-0972567301988","default","2026-01-08 14:04:58","","2026-01-08 14:05:10","12","0","NORMAL_CLEARING","c20ca3b4-438a-45ab-94ea-11ac61a7bd34","","1013","",""
"1013","1013","-0972567301988","default","2026-01-08 14:04:59","","2026-01-08 14:05:11","12","0","NORMAL_CLEARING","1dd9df1b-6d61-4614-8a5d-73bc3e8f3f59","","1013","",""
"1013","1013","-0421552302622","default","2026-01-08 14:04:59","","2026-01-08 14:05:11","12","0","NORMAL_CLEARING","b3669d3d-aa3c-469c-8008-46135b4b2083","","1013","",""
"1013","1013","-0421552302622","default","2026-01-08 14:04:59","","2026-01-08 14:05:11","12","0","NORMAL_CLEARING","7d786fe8-955a-4068-b211-bcaa160d3239","","1013","",""
"1013","1013","-0972567301988","default","2026-01-08 14:04:59","","2026-01-08 14:05:11","12","0","NORMAL_CLEARING","4f830d30-3724-48b5-ba22-c34bd990f99e","","1013","",""
"1013","1013","-0421552302622","default","2026-01-08 14:05:03","","2026-01-08 14:05:14","11","0","NORMAL_CLEARING","4db0ebd6-7af5-4f7f-9aae-11125732956c","","1013","",""
"1013","1013","-0972567301988","default","2026-01-08 14:05:03","","2026-01-08 14:05:14","11","0","NORMAL_CLEARING","f9016cee-5b43-4682-aca1-01e3722b6208","","1013","",""
"1013","1013","-0972567301988","default","2026-01-08 14:05:09","","2026-01-08 14:05:21","12","0","NORMAL_CLEARING","f3140b97-ebed-49aa-bbe5-db5f33ad7088","","1013","",""
"1013","1013","-0421552302622","default","2026-01-08 14:05:09","","2026-01-08 14:05:21","12","0","NORMAL_CLEARING","c26c46a6-fcb1-46d5-bd0e-2a4a5620bc46","","1013","",""
"1013","1013","0~421552302622","default","2026-01-08 14:05:20","","2026-01-08 14:05:32","12","0","NORMAL_CLEARING","7342bf1d-565c-4cab-a5fe-abc839c7fa64","","1013","",""
"1013","1013","0~972567301988","default","2026-01-08 14:05:20","","2026-01-08 14:05:32","12","0","NORMAL_CLEARING","9e2c3722-b70c-4b34-86fb-1f98f0c0c9d7","","1013","",""
"1013","1013","0~421552302622","default","2026-01-08 14:05:21","","2026-01-08 14:05:34","13","0","NORMAL_CLEARING","0b91dc24-08d9-44de-80e7-aeaaab169252","","1013","",""
"1013","1013","0~972567301988","default","2026-01-08 14:05:21","","2026-01-08 14:05:34","13","0","NORMAL_CLEARING","d6f4b8c4-ca77-4276-9d53-e590a069f100","","1013","",""
"1013","1013","0~972567301988","default","2026-01-08 14:05:22","","2026-01-08 14:05:34","12","0","NORMAL_CLEARING","d24c0c7d-5e23-40c0-84d3-2c81fdebce72","","1013","",""
"1013","1013","0~421552302622","default","2026-01-08 14:05:22","","2026-01-08 14:05:34","12","0","NORMAL_CLEARING","fd939347-da05-4b1d-8355-6a96412d00b1","","1013","",""
"1013","1013","0~421552302622","default","2026-01-08 14:05:25","","2026-01-08 14:05:39","14","0","NORMAL_CLEARING","a6530554-95bb-4c9b-8586-e9a6baee2e79","","1013","",""
"1013","1013","0~972567301988","default","2026-01-08 14:05:25","","2026-01-08 14:05:39","14","0","NORMAL_CLEARING","bc481229-06f9-46d1-9290-07c4f5ba9868","","1013","",""
"1013","1013","0~421552302622","default","2026-01-08 14:05:31","","2026-01-08 14:05:48","17","0","NORMAL_CLEARING","d06a8d00-d51c-4e00-8470-974e3787162d","","1013","",""
"1013","1013","0~972567301988","default","2026-01-08 14:05:31","","2026-01-08 14:05:48","17","0","NORMAL_CLEARING","a91f3447-8edc-41a4-aa82-a22730cb552b","","1013","",""
"1013","1013","011~972567301988","default","2026-01-08 14:05:42","","2026-01-08 14:06:02","20","0","NORMAL_CLEARING","c3ce296f-b04b-4fbd-ae4f-cb0411e049f1","","1013","",""
"1013","1013","011~421552302622","default","2026-01-08 14:05:42","","2026-01-08 14:06:02","20","0","NORMAL_CLEARING","29fc5fba-1885-4024-9ae9-0db2766933ea","","1013","",""
"1013","1013","011~421552302622","default","2026-01-08 14:05:44","","2026-01-08 14:06:02","18","0","NORMAL_CLEARING","68da0c07-9201-45e4-af11-e52ef83674fa","","1013","",""
"1013","1013","011~972567301988","default","2026-01-08 14:05:44","","2026-01-08 14:06:02","18","0","NORMAL_CLEARING","b79c6656-5a3b-45fd-a42f-379a17ee44db","","1013","",""
"1013","1013","011~972567301988","default","2026-01-08 14:05:44","","2026-01-08 14:06:02","18","0","NORMAL_CLEARING","315a1980-0837-4b02-b6de-930f239a76f0","","1013","",""
"1013","1013","011~421552302622","default","2026-01-08 14:05:44","","2026-01-08 14:06:03","19","0","NORMAL_CLEARING","24cd9974-9a77-4441-9446-2dbf8951dd20","","1013","",""
"1013","1013","011~972567301988","default","2026-01-08 14:05:47","","2026-01-08 14:06:06","19","0","NORMAL_CLEARING","301f2be8-426f-4a0b-9d74-480141996b50","","1013","",""
"1013","1013","011~421552302622","default","2026-01-08 14:05:47","","2026-01-08 14:06:06","19","0","NORMAL_CLEARING","d29fcaf9-dace-49b1-b620-206089ad69ea","","1013","",""
"1013","1013","011~421552302622","default","2026-01-08 14:05:53","","2026-01-08 14:06:12","19","0","NORMAL_CLEARING","f34feed8-73ab-49de-8ddf-9ad760684cbb","","1013","",""
"1013","1013","011~972567301988","default","2026-01-08 14:05:53","","2026-01-08 14:06:12","19","0","NORMAL_CLEARING","26b3c4bb-d755-46e0-90e2-4c69b7f9a782","","1013","",""
"1013","1013","-011972567301988","default","2026-01-08 14:06:04","","2026-01-08 14:06:23","19","0","NORMAL_CLEARING","93ab5832-41d8-4d76-b010-150868bd6e8c","","1013","",""
"1013","1013","-011421552302622","default","2026-01-08 14:06:04","","2026-01-08 14:06:23","19","0","NORMAL_CLEARING","71767d55-b509-496e-a463-de5bbe6bd141","","1013","",""
"1013","1013","-011972567301988","default","2026-01-08 14:06:05","","2026-01-08 14:06:23","18","0","NORMAL_CLEARING","0b1166f8-9e6f-4062-aecc-7430a2ccc35b","","1013","",""
"1013","1013","-011421552302622","default","2026-01-08 14:06:05","","2026-01-08 14:06:24","19","0","NORMAL_CLEARING","997a3069-ce85-43dd-824b-24ace121d91f","","1013","",""
"1013","1013","-011972567301988","default","2026-01-08 14:06:06","","2026-01-08 14:06:25","19","0","NORMAL_CLEARING","19be084e-ec94-41ce-99c4-b0a265dab459","","1013","",""
"1013","1013","-011421552302622","default","2026-01-08 14:06:06","","2026-01-08 14:06:25","19","0","NORMAL_CLEARING","81847628-c2d9-458d-9baa-0f7dfdc63cca","","1013","",""
"1013","1013","-011972567301988","default","2026-01-08 14:06:10","","2026-01-08 14:06:28","18","0","NORMAL_CLEARING","ef7800af-849f-4bab-8c73-38f86e746c3e","","1013","",""
"1013","1013","-011421552302622","default","2026-01-08 14:06:10","","2026-01-08 14:06:28","18","0","NORMAL_CLEARING","4774fd0d-6d19-4cb5-bee8-111123a9ed40","","1013","",""
"1013","1013","-011421552302622","default","2026-01-08 14:06:16","","2026-01-08 14:06:33","17","0","NORMAL_CLEARING","8873bcd7-9c4f-4a09-9f38-5d0711722b00","","1013","",""
"1013","1013","-011972567301988","default","2026-01-08 14:06:16","","2026-01-08 14:06:33","17","0","NORMAL_CLEARING","055f1429-237e-4373-8e6c-22b514932d5f","","1013","",""
"1013","1013","9011~972567301988","default","2026-01-08 14:06:26","","2026-01-08 14:06:42","16","0","NORMAL_CLEARING","8e9d7028-8666-49bb-9b77-3ba7d89cea49","","1013","",""
"1013","1013","9011~421552302622","default","2026-01-08 14:06:26","","2026-01-08 14:06:43","17","0","NORMAL_CLEARING","8d0d3057-453d-48ff-aeca-874db5487832","","1013","",""
"1013","1013","9011~972567301988","default","2026-01-08 14:06:27","","2026-01-08 14:06:43","16","0","NORMAL_CLEARING","4fc6fd75-3e88-405c-9044-827338e485bf","","1013","",""
"1013","1013","9011~421552302622","default","2026-01-08 14:06:27","","2026-01-08 14:06:43","16","0","NORMAL_CLEARING","2dbcd5fd-666f-479b-bffa-cd94661a0e51","","1013","",""
"1013","1013","9011~972567301988","default","2026-01-08 14:06:29","","2026-01-08 14:06:45","16","0","NORMAL_CLEARING","b05a4b84-a293-4ba5-a8b3-aa89f7340a03","","1013","",""
"1013","1013","9011~421552302622","default","2026-01-08 14:06:29","","2026-01-08 14:06:45","16","0","NORMAL_CLEARING","a801839d-cd19-46f4-89bd-fd56d46591b2","","1013","",""
"1013","1013","9011~421552302622","default","2026-01-08 14:06:32","","2026-01-08 14:06:48","16","0","NORMAL_CLEARING","2bb4f605-d0c3-4363-bb5e-f7b9771d3977","","1013","",""
"1013","1013","9011~972567301988","default","2026-01-08 14:06:32","","2026-01-08 14:06:48","16","0","NORMAL_CLEARING","e9cee253-2703-49d6-b4a8-2d2b62c10839","","1013","",""
"1013","1013","9011~421552302622","default","2026-01-08 14:06:38","","2026-01-08 14:06:53","15","0","NORMAL_CLEARING","cbe86e90-ca50-45c3-88c4-d7d15fed8d2e","","1013","",""
"1013","1013","9011~972567301988","default","2026-01-08 14:06:38","","2026-01-08 14:06:53","15","0","NORMAL_CLEARING","b86270fe-c64d-4524-830b-f235a6ea50b0","","1013","",""
"1013","1013","0.0+972567301988","default","2026-01-08 14:06:49","","2026-01-08 14:07:05","16","0","NORMAL_CLEARING","56ed6455-9516-4419-af65-dc8cdf8d68fb","","1013","",""
"1013","1013","0.0+421552302622","default","2026-01-08 14:06:49","","2026-01-08 14:07:05","16","0","NORMAL_CLEARING","e7e12e5e-70b3-4301-9114-a0d61e42304c","","1013","",""
"1013","1013","0.0+421552302622","default","2026-01-08 14:06:49","","2026-01-08 14:07:05","16","0","NORMAL_CLEARING","d5550bcc-9ff4-44ba-bfb2-7aba8c088334","","1013","",""
"1013","1013","0.0+972567301988","default","2026-01-08 14:06:49","","2026-01-08 14:07:05","16","0","NORMAL_CLEARING","a94317a9-3f13-47bf-b067-0ba2e093ce3d","","1013","",""
"1013","1013","0.0+421552302622","default","2026-01-08 14:06:51","","2026-01-08 14:07:07","16","0","NORMAL_CLEARING","139ff771-75f7-43f5-9e09-0b488dce43b7","","1013","",""
"1013","1013","0.0+972567301988","default","2026-01-08 14:06:51","","2026-01-08 14:07:08","17","0","NORMAL_CLEARING","d14628f1-6e16-46df-96b5-c8e52af548fe","","1013","",""
"1013","1013","0.0+972567301988","default","2026-01-08 14:06:54","","2026-01-08 14:07:10","16","0","NORMAL_CLEARING","63bfe041-5637-4235-84eb-d5d30944a72f","","1013","",""
"1013","1013","0.0+421552302622","default","2026-01-08 14:06:54","","2026-01-08 14:07:11","17","0","NORMAL_CLEARING","801516f3-1a51-4317-9588-d468a8e6c598","","1013","",""
"1013","1013","0.0+972567301988","default","2026-01-08 14:07:00","","2026-01-08 14:07:17","17","0","NORMAL_CLEARING","994627bf-e826-4759-8bad-f4409748efff","","1013","",""
"1013","1013","0.0+421552302622","default","2026-01-08 14:07:00","","2026-01-08 14:07:17","17","0","NORMAL_CLEARING","f463164c-d0d6-4025-bb9b-4b5d685d5c4a","","1013","",""
"1013","1013","00#972567301988","default","2026-01-08 14:07:11","","2026-01-08 14:07:27","16","0","NORMAL_CLEARING","86fc6060-a538-4c9b-8bcb-334804e3f353","","1013","",""
"1013","1013","00#421552302622","default","2026-01-08 14:07:11","","2026-01-08 14:07:27","16","0","NORMAL_CLEARING","05423711-f644-4572-8381-0c195540ad59","","1013","",""
"1013","1013","00#421552302622","default","2026-01-08 14:07:12","","2026-01-08 14:07:28","16","0","NORMAL_CLEARING","3c7768ba-51b8-45d5-bae0-c878cdc04b7a","","1013","",""
"1013","1013","00#972567301988","default","2026-01-08 14:07:12","","2026-01-08 14:07:28","16","0","NORMAL_CLEARING","ff8f078b-b87f-4db8-b354-f5b68a587d68","","1013","",""
"1013","1013","00#972567301988","default","2026-01-08 14:07:13","","2026-01-08 14:07:29","16","0","NORMAL_CLEARING","eaeb456e-9118-4f36-8918-aeacbbc4e424","","1013","",""
"1013","1013","00#421552302622","default","2026-01-08 14:07:13","","2026-01-08 14:07:29","16","0","NORMAL_CLEARING","f65090da-6014-4ba1-964f-e62dc283d6f7","","1013","",""
"1013","1013","00#421552302622","default","2026-01-08 14:07:17","","2026-01-08 14:07:32","15","0","NORMAL_CLEARING","61122d56-4019-4f9d-bd5e-86fa33e543e4","","1013","",""
"1013","1013","00#972567301988","default","2026-01-08 14:07:17","","2026-01-08 14:07:32","15","0","NORMAL_CLEARING","d09f989d-661c-4aa3-9250-05e946e8b47d","","1013","",""
"1013","1013","00#421552302622","default","2026-01-08 14:07:23","","2026-01-08 14:07:38","15","0","NORMAL_CLEARING","6aec0d0a-8058-4b88-bc9a-9a7c63259536","","1013","",""
"1013","1013","00#972567301988","default","2026-01-08 14:07:23","","2026-01-08 14:07:38","15","0","NORMAL_CLEARING","a1351706-d368-403c-8c77-2b3769fe4d6f","","1013","",""
"1013","1013","900.421552302622","default","2026-01-08 14:07:34","","2026-01-08 14:07:49","15","0","NORMAL_CLEARING","a00e119e-ddf4-490f-90e5-bb40ec6d089e","","1013","",""
"1013","1013","900.972567301988","default","2026-01-08 14:07:34","","2026-01-08 14:07:49","15","0","NORMAL_CLEARING","cad67256-5003-42df-b0f0-01c8e2758680","","1013","",""
"1013","1013","900.421552302622","default","2026-01-08 14:07:34","","2026-01-08 14:07:50","16","0","NORMAL_CLEARING","1f48a4ca-2795-48a3-a068-c2ce5f7a1eb9","","1013","",""
"1013","1013","900.972567301988","default","2026-01-08 14:07:34","","2026-01-08 14:07:50","16","0","NORMAL_CLEARING","ee8ccfac-563d-40ba-86f2-e57577220ae0","","1013","",""
"1013","1013","900.421552302622","default","2026-01-08 14:07:36","","2026-01-08 14:07:51","15","0","NORMAL_CLEARING","ecad1823-7070-45cb-9831-84a24581c50f","","1013","",""
"1013","1013","900.972567301988","default","2026-01-08 14:07:36","","2026-01-08 14:07:52","16","0","NORMAL_CLEARING","72eaaa3b-a69e-4fd1-ad34-c05b9577cefa","","1013","",""
"1013","1013","900.972567301988","default","2026-01-08 14:07:39","","2026-01-08 14:07:55","16","0","NORMAL_CLEARING","199c04e3-a032-46ed-882e-c244e840c346","","1013","",""
"1013","1013","900.421552302622","default","2026-01-08 14:07:39","","2026-01-08 14:07:55","16","0","NORMAL_CLEARING","b88ca11d-91e9-459e-926a-2386316e758d","","1013","",""
"1013","1013","900.421552302622","default","2026-01-08 14:07:45","","2026-01-08 14:08:00","15","0","NORMAL_CLEARING","93769393-afbc-48f7-9a8c-0e6cbe9e970d","","1013","",""
"1013","1013","900.972567301988","default","2026-01-08 14:07:45","","2026-01-08 14:08:00","15","0","NORMAL_CLEARING","9146f8ca-e62c-4d7e-a2ff-3c67ced249a8","","1013","",""
"1013","1013","900+421552302622","default","2026-01-08 14:07:54","","2026-01-08 14:08:09","15","0","NORMAL_CLEARING","d542cc9b-9314-4a22-824c-dbe31909fdc4","","1013","",""
"1013","1013","900+972567301988","default","2026-01-08 14:07:54","","2026-01-08 14:08:09","15","0","NORMAL_CLEARING","db6b2a4e-c6a8-4c93-896b-6abab8a41544","","1013","",""
"1013","1013","900+421552302622","default","2026-01-08 14:07:56","","2026-01-08 14:08:11","15","0","NORMAL_CLEARING","73d19b4b-5d8f-4f75-a704-d3a73bc53504","","1013","",""
"1013","1013","900+972567301988","default","2026-01-08 14:07:56","","2026-01-08 14:08:11","15","0","NORMAL_CLEARING","83935ea1-216e-495c-8ad0-65ce21d09923","","1013","",""
"1013","1013","900+421552302622","default","2026-01-08 14:07:57","","2026-01-08 14:08:11","14","0","NORMAL_CLEARING","3f71ea60-938a-41ce-96e3-11008334a027","","1013","",""
"1013","1013","900+972567301988","default","2026-01-08 14:07:57","","2026-01-08 14:08:11","14","0","NORMAL_CLEARING","76f103b4-d3b5-44f7-a685-b4da56d4255a","","1013","",""
"1013","1013","900+972567301988","default","2026-01-08 14:08:02","","2026-01-08 14:08:16","14","0","NORMAL_CLEARING","b0a16fc1-0c9f-447c-9eac-de05073c8f18","","1013","",""
"1013","1013","900+421552302622","default","2026-01-08 14:08:02","","2026-01-08 14:08:16","14","0","NORMAL_CLEARING","3851f16b-3b12-4e17-b718-5f039723efe3","","1013","",""
"1013","1013","900+421552302622","default","2026-01-08 14:08:07","","2026-01-08 14:08:20","13","0","NORMAL_CLEARING","18fd9e61-99b0-47a5-aa98-bf28ad0f80f4","","1013","",""
"1013","1013","900+972567301988","default","2026-01-08 14:08:07","","2026-01-08 14:08:21","14","0","NORMAL_CLEARING","e7343248-5216-4e2e-86e0-15e06b1e5b6c","","1013","",""
"1013","1013","9+972567301988","default","2026-01-08 14:08:16","","2026-01-08 14:08:30","14","0","NORMAL_CLEARING","4167a39b-a6c3-49ea-8f7b-8d4a5fc7cb38","","1013","",""
"1013","1013","9+421552302622","default","2026-01-08 14:08:16","","2026-01-08 14:08:30","14","0","NORMAL_CLEARING","a9ef1db8-7890-42df-b866-1426dfaf0982","","1013","",""
"1013","1013","9+421552302622","default","2026-01-08 14:08:18","","2026-01-08 14:08:32","14","0","NORMAL_CLEARING","8ae08d96-ef7d-4a4d-8c8f-437c58074e62","","1013","",""
"1013","1013","9+972567301988","default","2026-01-08 14:08:18","","2026-01-08 14:08:32","14","0","NORMAL_CLEARING","244ae54b-aac2-44b6-a49b-091aac901307","","1013","",""
"1013","1013","9+972567301988","default","2026-01-08 14:08:19","","2026-01-08 14:08:32","13","0","NORMAL_CLEARING","fe70a0ae-b93d-4fe9-b541-75594d73563d","","1013","",""
"1013","1013","9+421552302622","default","2026-01-08 14:08:19","","2026-01-08 14:08:32","13","0","NORMAL_CLEARING","f019d40c-41a2-4d26-8455-8dac298cd485","","1013","",""
"1013","1013","9+972567301988","default","2026-01-08 14:08:24","","2026-01-08 14:08:37","13","0","NORMAL_CLEARING","b47ed807-86b8-4af5-8fb0-a0218b4ed4aa","","1013","",""
"1013","1013","9+421552302622","default","2026-01-08 14:08:24","","2026-01-08 14:08:38","14","0","NORMAL_CLEARING","1197efeb-a8ee-4cb7-9d15-98adfa292885","","1013","",""
"1013","1013","9+421552302622","default","2026-01-08 14:08:30","","2026-01-08 14:08:43","13","0","NORMAL_CLEARING","9d13157a-5b4e-4767-b9a2-5d585a0f1f8e","","1013","",""
"1013","1013","9+972567301988","default","2026-01-08 14:08:30","","2026-01-08 14:08:43","13","0","NORMAL_CLEARING","db1191f5-5b31-4c9a-acde-30aeaa60d206","","1013","",""
"1013","1013","8+421552302622","default","2026-01-08 14:08:38","","2026-01-08 14:08:53","15","0","NORMAL_CLEARING","ec6b0bd0-f8c9-48f9-af9a-d2d2d2073d79","","1013","",""
"1013","1013","8+972567301988","default","2026-01-08 14:08:38","","2026-01-08 14:08:53","15","0","NORMAL_CLEARING","3688ff3e-4277-4ef6-845a-bb20633640b1","","1013","",""
"1013","1013","8+421552302622","default","2026-01-08 14:08:41","","2026-01-08 14:08:55","14","0","NORMAL_CLEARING","c96b9a0c-5643-4af6-b583-bdfd06e481ed","","1013","",""
"1013","1013","8+972567301988","default","2026-01-08 14:08:41","","2026-01-08 14:08:55","14","0","NORMAL_CLEARING","1459717c-ef10-4aca-bf68-cd80a2de0383","","1013","",""
"1013","1013","8+421552302622","default","2026-01-08 14:08:41","","2026-01-08 14:08:55","14","0","NORMAL_CLEARING","fd71a1a9-da13-486b-a5a0-66aa93650954","","1013","",""
"1013","1013","8+972567301988","default","2026-01-08 14:08:41","","2026-01-08 14:08:55","14","0","NORMAL_CLEARING","91d5c07d-bef9-4b66-9b5b-b3ae17ada2e7","","1013","",""
"1013","1013","8+972567301988","default","2026-01-08 14:08:46","","2026-01-08 14:09:00","14","0","NORMAL_CLEARING","1d913986-5372-458f-a5a9-3369f053b935","","1013","",""
"1013","1013","8+421552302622","default","2026-01-08 14:08:46","","2026-01-08 14:09:00","14","0","NORMAL_CLEARING","4bc35a23-6419-488d-b522-afc824b02db7","","1013","",""
"1013","1013","8+972567301988","default","2026-01-08 14:08:52","","2026-01-08 14:09:06","14","0","NORMAL_CLEARING","c488fe6e-ad53-4ea8-ba8a-a4d8d359bb05","","1013","",""
"1013","1013","8+421552302622","default","2026-01-08 14:08:52","","2026-01-08 14:09:06","14","0","NORMAL_CLEARING","f95151dd-f494-4ece-9625-a423edd1c47e","","1013","",""
"1013","1013","7+421552302622","default","2026-01-08 14:09:01","","2026-01-08 14:09:15","14","0","NORMAL_CLEARING","0a579f4e-8056-4783-a2e2-76195cdcd241","","1013","",""
"1013","1013","7+972567301988","default","2026-01-08 14:09:01","","2026-01-08 14:09:16","15","0","NORMAL_CLEARING","ac1dbb0a-57f3-4977-a468-74b66163eb16","","1013","",""
"1013","1013","7+421552302622","default","2026-01-08 14:09:03","","2026-01-08 14:09:18","15","0","NORMAL_CLEARING","19c9773a-295f-43e8-9aea-431ca14d7470","","1013","",""
"1013","1013","7+972567301988","default","2026-01-08 14:09:03","","2026-01-08 14:09:18","15","0","NORMAL_CLEARING","58a81dc9-a55d-4c88-b863-920f40baa4c3","","1013","",""
"1013","1013","7+421552302622","default","2026-01-08 14:09:03","","2026-01-08 14:09:18","15","0","NORMAL_CLEARING","a289474d-bc53-4a67-923d-beebee061ba1","","1013","",""
"1013","1013","7+972567301988","default","2026-01-08 14:09:03","","2026-01-08 14:09:18","15","0","NORMAL_CLEARING","a7c7b3c2-dd97-4446-896a-57e170acc6d5","","1013","",""
"1013","1013","7+421552302622","default","2026-01-08 14:09:09","","2026-01-08 14:09:22","13","0","NORMAL_CLEARING","7137e0af-ef19-4ca5-ba54-a7ba1a1cb4e2","","1013","",""
"1013","1013","7+972567301988","default","2026-01-08 14:09:09","","2026-01-08 14:09:22","13","0","NORMAL_CLEARING","a4d68709-0412-46e6-8f98-2d21b2e62fc8","","1013","",""
"1013","1013","7+421552302622","default","2026-01-08 14:09:15","","2026-01-08 14:09:28","13","0","NORMAL_CLEARING","26f8265c-7215-44d7-a3fb-d143b39adfba","","1013","",""
"1013","1013","7+972567301988","default","2026-01-08 14:09:15","","2026-01-08 14:09:28","13","0","NORMAL_CLEARING","f1967d37-9201-4ccb-aefa-8a9c62d7331a","","1013","",""
"1013","1013","5+421552302622","default","2026-01-08 14:09:23","","2026-01-08 14:09:36","13","0","NORMAL_CLEARING","b2cbf588-43d7-4274-92ed-68de0e5da862","","1013","",""
"1013","1013","5+972567301988","default","2026-01-08 14:09:23","","2026-01-08 14:09:36","13","0","NORMAL_CLEARING","3e2ce777-6a6e-4a78-bac7-d22d67b592a8","","1013","",""
"1013","1013","5+421552302622","default","2026-01-08 14:09:25","","2026-01-08 14:09:38","13","0","NORMAL_CLEARING","aedc2ad3-82ec-4350-b07b-976aaf8ab2f9","","1013","",""
"1013","1013","5+972567301988","default","2026-01-08 14:09:25","","2026-01-08 14:09:39","14","0","NORMAL_CLEARING","6db3dc14-a96f-4196-b563-bfcb50410867","","1013","",""
"1013","1013","5+972567301988","default","2026-01-08 14:09:26","","2026-01-08 14:09:39","13","0","NORMAL_CLEARING","0072daf1-c2be-47d4-81aa-0c3e8a4524ad","","1013","",""
"1013","1013","5+421552302622","default","2026-01-08 14:09:26","","2026-01-08 14:09:39","13","0","NORMAL_CLEARING","4469eb05-9459-49ab-b804-5915e1a92362","","1013","",""
"1013","1013","5+421552302622","default","2026-01-08 14:09:31","","2026-01-08 14:09:44","13","0","NORMAL_CLEARING","9c057d54-5e0e-4494-8e87-9a570fb95041","","1013","",""
"1013","1013","5+972567301988","default","2026-01-08 14:09:31","","2026-01-08 14:09:44","13","0","NORMAL_CLEARING","39dcaa0d-5372-411b-b952-23ee85b56082","","1013","",""
"1013","1013","5+421552302622","default","2026-01-08 14:09:37","","2026-01-08 14:09:51","14","0","NORMAL_CLEARING","bba9ba8a-4bbc-4ea7-8795-5c29e2249ec8","","1013","",""
"1013","1013","5+972567301988","default","2026-01-08 14:09:37","","2026-01-08 14:09:51","14","0","NORMAL_CLEARING","72710adf-79ee-47da-9d57-b385300df671","","1013","",""
"1013","1013","3+421552302622","default","2026-01-08 14:09:45","","2026-01-08 14:09:59","14","0","NORMAL_CLEARING","b8cd8022-f4b2-42d1-9dc1-14e734aa2b12","","1013","",""
"1013","1013","3+972567301988","default","2026-01-08 14:09:45","","2026-01-08 14:09:59","14","0","NORMAL_CLEARING","f13aced7-1157-4e92-995b-18693036b9f4","","1013","",""
"1013","1013","3+421552302622","default","2026-01-08 14:09:47","","2026-01-08 14:10:02","15","0","NORMAL_CLEARING","fb292224-e7a0-4ce8-b767-7f7e9b6a5809","","1013","",""
"1013","1013","3+972567301988","default","2026-01-08 14:09:47","","2026-01-08 14:10:02","15","0","NORMAL_CLEARING","0b42235a-c859-425c-93b3-93ead77b9cc9","","1013","",""
"1013","1013","3+421552302622","default","2026-01-08 14:09:48","","2026-01-08 14:10:02","14","0","NORMAL_CLEARING","d239dc43-a614-4dc9-8354-fc8d983b76b6","","1013","",""
"1013","1013","3+972567301988","default","2026-01-08 14:09:48","","2026-01-08 14:10:02","14","0","NORMAL_CLEARING","ca9f39b1-fda5-490e-b116-43482ab922ec","","1013","",""
"1013","1013","3+421552302622","default","2026-01-08 14:09:53","","2026-01-08 14:10:08","15","0","NORMAL_CLEARING","bc142ef1-f81f-41a1-8b7d-928fc3eea7bb","","1013","",""
"1013","1013","3+972567301988","default","2026-01-08 14:09:53","","2026-01-08 14:10:08","15","0","NORMAL_CLEARING","bcbcba87-4029-4a2f-be86-918f2017de50","","1013","",""
"1013","1013","3+972567301988","default","2026-01-08 14:09:59","","2026-01-08 14:10:14","15","0","NORMAL_CLEARING","44843d82-72a3-4194-8718-8ee805dc6c49","","1013","",""
"1013","1013","3+421552302622","default","2026-01-08 14:09:59","","2026-01-08 14:10:14","15","0","NORMAL_CLEARING","6ad69d93-daa0-4b5b-b086-421f560e1d7d","","1013","",""
"1013","1013","1+972567301988","default","2026-01-08 14:10:08","","2026-01-08 14:10:23","15","0","NORMAL_CLEARING","1f873f51-4a6d-4c84-977a-c320a94dfd2e","","1013","",""
"1013","1013","1+421552302622","default","2026-01-08 14:10:08","","2026-01-08 14:10:23","15","0","NORMAL_CLEARING","090293db-8289-49b8-8e75-3ad8b4d0a649","","1013","",""
"1013","1013","1+421552302622","default","2026-01-08 14:10:10","","2026-01-08 14:10:26","16","0","NORMAL_CLEARING","c45ee238-0742-4255-933b-b53fdf8d0593","","1013","",""
"1013","1013","1+972567301988","default","2026-01-08 14:10:10","","2026-01-08 14:10:26","16","0","NORMAL_CLEARING","1ab65003-526f-4390-a7aa-a149a01476c7","","1013","",""
"1013","1013","1+421552302622","default","2026-01-08 14:10:10","","2026-01-08 14:10:26","16","0","NORMAL_CLEARING","a03be999-9f5d-4095-8f13-84a4d2537d2e","","1013","",""
"1013","1013","1+972567301988","default","2026-01-08 14:10:10","","2026-01-08 14:10:26","16","0","NORMAL_CLEARING","48fd2e6e-08b7-4771-9c93-b6bf537b7652","","1013","",""
"1013","1013","1+972567301988","default","2026-01-08 14:10:16","","2026-01-08 14:10:32","16","0","NORMAL_CLEARING","de167935-f720-4a0a-b84e-57d6120e4734","","1013","",""
"1013","1013","1+421552302622","default","2026-01-08 14:10:16","","2026-01-08 14:10:33","17","0","NORMAL_CLEARING","c5f7cf09-f9af-4316-b931-c6a1d554a6d9","","1013","",""
"1013","1013","1+421552302622","default","2026-01-08 14:10:22","","2026-01-08 14:10:38","16","0","NORMAL_CLEARING","02807b5a-4ef6-41e1-88f0-03057dd192cc","","1013","",""
"1013","1013","1+972567301988","default","2026-01-08 14:10:22","","2026-01-08 14:10:38","16","0","NORMAL_CLEARING","51fa0494-60d5-459c-b810-b316d644c0e4","","1013","",""
"1013","1013","2000421552302622","default","2026-01-08 14:10:30","","2026-01-08 14:10:46","16","0","NORMAL_CLEARING","7e2bb4e4-74fe-4a55-ac34-46b476e5e2cc","","1013","",""
"1013","1013","2000972567301988","default","2026-01-08 14:10:30","","2026-01-08 14:10:47","17","0","NORMAL_CLEARING","1ffed1a8-9999-41a7-ad2a-2bb3f975899a","","1013","",""
"1013","1013","2000421552302622","default","2026-01-08 14:10:33","","2026-01-08 14:10:49","16","0","NORMAL_CLEARING","7f1fb007-aa53-41af-bd8a-fb161f55b083","","1013","",""
"1013","1013","2000972567301988","default","2026-01-08 14:10:33","","2026-01-08 14:10:49","16","0","NORMAL_CLEARING","ebafa011-9393-42fd-ad32-3e459b104f90","","1013","",""
"1013","1013","2000421552302622","default","2026-01-08 14:10:33","","2026-01-08 14:10:49","16","0","NORMAL_CLEARING","834d3bb3-e243-4eea-b9c4-2c5300f4c669","","1013","",""
"1013","1013","2000972567301988","default","2026-01-08 14:10:33","","2026-01-08 14:10:49","16","0","NORMAL_CLEARING","505a6c25-0552-4b46-ab57-2f75728122c0","","1013","",""
"1013","1013","2000972567301988","default","2026-01-08 14:10:38","","2026-01-08 14:10:54","16","0","NORMAL_CLEARING","fc6adeb2-bebc-4e03-9ffa-4eea53c89c4a","","1013","",""
"1013","1013","2000421552302622","default","2026-01-08 14:10:38","","2026-01-08 14:10:54","16","0","NORMAL_CLEARING","c8864583-5dcf-4988-bae3-45ade4a94920","","1013","",""
"1013","1013","2000972567301988","default","2026-01-08 14:10:44","","2026-01-08 14:11:00","16","0","NORMAL_CLEARING","5d74672e-0c72-4fdd-b927-e94b95713840","","1013","",""
"1013","1013","2000421552302622","default","2026-01-08 14:10:44","","2026-01-08 14:11:00","16","0","NORMAL_CLEARING","679b70e3-19ce-4d3b-877f-987f0929694e","","1013","",""
"1013","1013","3000421552302622","default","2026-01-08 14:10:53","","2026-01-08 14:11:08","15","0","NORMAL_CLEARING","d85267a6-46de-48c5-b05f-b5680307d823","","1013","",""
"1013","1013","3000972567301988","default","2026-01-08 14:10:53","","2026-01-08 14:11:08","15","0","NORMAL_CLEARING","f2558ac3-1224-4b58-ba83-9fb2cdc49704","","1013","",""
"1013","1013","3000972567301988","default","2026-01-08 14:10:55","","2026-01-08 14:11:10","15","0","NORMAL_CLEARING","869d969d-14a2-49bd-9b78-6056ed762f00","","1013","",""
"1013","1013","3000421552302622","default","2026-01-08 14:10:55","","2026-01-08 14:11:10","15","0","NORMAL_CLEARING","129d6c05-0252-44d4-88eb-2947d7a19fdc","","1013","",""
"1013","1013","3000421552302622","default","2026-01-08 14:10:55","","2026-01-08 14:11:10","15","0","NORMAL_CLEARING","57d6d9ea-2f41-4b5b-8718-3f483e5cd6c7","","1013","",""
"1013","1013","3000972567301988","default","2026-01-08 14:10:55","","2026-01-08 14:11:10","15","0","NORMAL_CLEARING","5f679ffa-9e26-49fb-96d3-839002cdc4b3","","1013","",""
"1013","1013","3000972567301988","default","2026-01-08 14:11:01","","2026-01-08 14:11:16","15","0","NORMAL_CLEARING","3fa64e31-104f-42c4-8e62-4f615fcc56cd","","1013","",""
"1013","1013","3000421552302622","default","2026-01-08 14:11:01","","2026-01-08 14:11:16","15","0","NORMAL_CLEARING","d0623b8f-fb1b-45c2-9ad7-fcf13dfd1b8f","","1013","",""
"1013","1013","3000421552302622","default","2026-01-08 14:11:06","","2026-01-08 14:11:21","15","0","NORMAL_CLEARING","c66cf442-5ca2-4120-9825-3fa8adf8a0c1","","1013","",""
"1013","1013","3000972567301988","default","2026-01-08 14:11:06","","2026-01-08 14:11:21","15","0","NORMAL_CLEARING","98584847-a66e-47fb-a8c4-23669e81ba53","","1013","",""
"1013","1013","4000972567301988","default","2026-01-08 14:11:15","","2026-01-08 14:11:29","14","0","NORMAL_CLEARING","99ac1758-c4c4-450d-a6df-fa89f55ae17b","","1013","",""
"1013","1013","4000421552302622","default","2026-01-08 14:11:15","","2026-01-08 14:11:29","14","0","NORMAL_CLEARING","0f496741-2780-448d-930e-e9c6e77b659b","","1013","",""
"1013","1013","4000972567301988","default","2026-01-08 14:11:17","","2026-01-08 14:11:31","14","0","NORMAL_CLEARING","3be85780-7514-458c-9187-fe88d3849e9f","","1013","",""
"1013","1013","4000421552302622","default","2026-01-08 14:11:17","","2026-01-08 14:11:31","14","0","NORMAL_CLEARING","929910db-e606-433f-8d81-c8399ced7cad","","1013","",""
"1013","1013","4000972567301988","default","2026-01-08 14:11:18","","2026-01-08 14:11:32","14","0","NORMAL_CLEARING","43cb3850-9234-4d38-b733-3844a282bde1","","1013","",""
"1013","1013","4000421552302622","default","2026-01-08 14:11:18","","2026-01-08 14:11:32","14","0","NORMAL_CLEARING","28e973ea-a4e5-4fe6-bf89-c24d39552d1b","","1013","",""
"1013","1013","4000972567301988","default","2026-01-08 14:11:23","","2026-01-08 14:11:37","14","0","NORMAL_CLEARING","807983c7-0c20-4400-af9a-9514680cf856","","1013","",""
"1013","1013","4000421552302622","default","2026-01-08 14:11:23","","2026-01-08 14:11:37","14","0","NORMAL_CLEARING","84b1780c-9778-4239-b847-07cad05389ed","","1013","",""
"1013","1013","4000972567301988","default","2026-01-08 14:11:29","","2026-01-08 14:11:43","14","0","NORMAL_CLEARING","abbb48fe-3e1d-48e2-b5dd-40f2b039bb94","","1013","",""
"1013","1013","4000421552302622","default","2026-01-08 14:11:29","","2026-01-08 14:11:43","14","0","NORMAL_CLEARING","1af7cf19-dd0b-4121-a424-89d3ed5755ec","","1013","",""
"1013","1013","5000972567301988","default","2026-01-08 14:11:37","","2026-01-08 14:11:52","15","0","NORMAL_CLEARING","329e491d-a5c4-4788-9b15-d1901e1a43ec","","1013","",""
"1013","1013","5000421552302622","default","2026-01-08 14:11:37","","2026-01-08 14:11:52","15","0","NORMAL_CLEARING","d617cfd7-95d9-4773-9a92-c32e93510e23","","1013","",""
"1013","1013","5000972567301988","default","2026-01-08 14:11:39","","2026-01-08 14:11:55","16","0","NORMAL_CLEARING","becbb4ed-dc89-44e6-975c-d072d5080111","","1013","",""
"1013","1013","5000421552302622","default","2026-01-08 14:11:39","","2026-01-08 14:11:55","16","0","NORMAL_CLEARING","d04a407c-2006-4203-afbb-8760962f554a","","1013","",""
"1013","1013","5000421552302622","default","2026-01-08 14:11:40","","2026-01-08 14:11:55","15","0","NORMAL_CLEARING","6b43bdf5-f188-4bf4-aa6f-573ac329ad0c","","1013","",""
"1013","1013","5000972567301988","default","2026-01-08 14:11:40","","2026-01-08 14:11:55","15","0","NORMAL_CLEARING","78272c27-d440-4039-b195-7c15c96e25b6","","1013","",""
"1013","1013","5000421552302622","default","2026-01-08 14:11:45","","2026-01-08 14:12:00","15","0","NORMAL_CLEARING","6c692a55-6804-45d8-b412-df8bd9509d46","","1013","",""
"1013","1013","5000972567301988","default","2026-01-08 14:11:45","","2026-01-08 14:12:00","15","0","NORMAL_CLEARING","97add2b2-8815-4716-8195-6f01322994b2","","1013","",""
"1013","1013","5000421552302622","default","2026-01-08 14:11:51","","2026-01-08 14:12:07","16","0","NORMAL_CLEARING","d975b42a-ffbf-419c-b311-ef9811b3a1a5","","1013","",""
"1013","1013","5000972567301988","default","2026-01-08 14:11:51","","2026-01-08 14:12:07","16","0","NORMAL_CLEARING","c733ae93-0263-4894-8043-0cbef92b683f","","1013","",""
"1013","1013","6000972567301988","default","2026-01-08 14:12:00","","2026-01-08 14:12:15","15","0","NORMAL_CLEARING","986b63f9-e0d2-4fab-b8ed-81a9b2b54c97","","1013","",""
"1013","1013","6000421552302622","default","2026-01-08 14:12:00","","2026-01-08 14:12:15","15","0","NORMAL_CLEARING","32685663-11d2-493e-aed1-db2b672d1575","","1013","",""
"1013","1013","6000421552302622","default","2026-01-08 14:12:02","","2026-01-08 14:12:18","16","0","NORMAL_CLEARING","0a30eb22-a107-400b-abe6-bbed5ded6460","","1013","",""
"1013","1013","6000972567301988","default","2026-01-08 14:12:02","","2026-01-08 14:12:18","16","0","NORMAL_CLEARING","50b76f6b-1c88-414a-9057-6b851827f85a","","1013","",""
"1013","1013","6000421552302622","default","2026-01-08 14:12:02","","2026-01-08 14:12:18","16","0","NORMAL_CLEARING","c577da04-b12b-4a4d-9f74-54ba7acfba6b","","1013","",""
"1013","1013","6000972567301988","default","2026-01-08 14:12:02","","2026-01-08 14:12:18","16","0","NORMAL_CLEARING","a33bfb25-dc79-4e53-8543-77f149680024","","1013","",""
"1013","1013","6000972567301988","default","2026-01-08 14:12:07","","2026-01-08 14:12:23","16","0","NORMAL_CLEARING","b9804439-ada2-41a9-b3cd-59a9a6420ec0","","1013","",""
"1013","1013","6000421552302622","default","2026-01-08 14:12:07","","2026-01-08 14:12:23","16","0","NORMAL_CLEARING","b7f8ee02-fa3b-4fe1-9302-c79628151ca6","","1013","",""
"1013","1013","6000421552302622","default","2026-01-08 14:12:13","","2026-01-08 14:12:29","16","0","NORMAL_CLEARING","bec2e012-d139-4f8c-8261-f554162a4b41","","1013","",""
"1013","1013","6000972567301988","default","2026-01-08 14:12:13","","2026-01-08 14:12:29","16","0","NORMAL_CLEARING","1c20fe22-96ca-419f-8fdd-2e3048ff7bc5","","1013","",""
"1013","1013","10000972567301988","default","2026-01-08 14:12:22","","2026-01-08 14:12:37","15","0","NORMAL_CLEARING","a51d0b55-0917-4b6a-ae1b-da982ede6d46","","1013","",""
"1013","1013","10000421552302622","default","2026-01-08 14:12:22","","2026-01-08 14:12:37","15","0","NORMAL_CLEARING","b8d88c37-9456-4d1c-a0aa-62980624d1d4","","1013","",""
"1013","1013","10000972567301988","default","2026-01-08 14:12:24","","2026-01-08 14:12:40","16","0","NORMAL_CLEARING","d405b3cc-25de-4be5-a544-ce887dfcb163","","1013","",""
"1013","1013","10000421552302622","default","2026-01-08 14:12:24","","2026-01-08 14:12:40","16","0","NORMAL_CLEARING","764e3a0f-0fe2-4ee0-a216-5c634b9b8e9e","","1013","",""
"1013","1013","10000972567301988","default","2026-01-08 14:12:25","","2026-01-08 14:12:40","15","0","NORMAL_CLEARING","d1fdf5c7-2b5f-4860-b7cd-1a0664e28263","","1013","",""
"1013","1013","10000421552302622","default","2026-01-08 14:12:25","","2026-01-08 14:12:41","16","0","NORMAL_CLEARING","a413ac15-e001-424a-97e0-dbbc1b86e794","","1013","",""
"1013","1013","10000972567301988","default","2026-01-08 14:12:30","","2026-01-08 14:12:45","15","0","NORMAL_CLEARING","8a678880-4de8-44ee-84c3-2169ba52acd8","","1013","",""
"1013","1013","10000421552302622","default","2026-01-08 14:12:30","","2026-01-08 14:12:45","15","0","NORMAL_CLEARING","919f76c9-cad0-4777-aacf-3cd759308d61","","1013","",""
"1013","1013","10000421552302622","default","2026-01-08 14:12:36","","2026-01-08 14:12:50","14","0","NORMAL_CLEARING","dcc7d774-2b9a-4495-b6cf-191a9c45f086","","1013","",""
"1013","1013","10000972567301988","default","2026-01-08 14:12:36","","2026-01-08 14:12:50","14","0","NORMAL_CLEARING","0213e582-69f7-45d6-828e-35d519a6e66f","","1013","",""
"1013","1013","20000972567301988","default","2026-01-08 14:12:44","","2026-01-08 14:12:59","15","0","NORMAL_CLEARING","25d822ff-9dfd-42e7-936a-93202c7c3ff3","","1013","",""
"1013","1013","20000421552302622","default","2026-01-08 14:12:44","","2026-01-08 14:12:59","15","0","NORMAL_CLEARING","5f957ee6-a897-4cfb-9aec-9c0938404fae","","1013","",""
"1013","1013","20000421552302622","default","2026-01-08 14:12:46","","2026-01-08 14:13:01","15","0","NORMAL_CLEARING","75876f8b-a3f2-425d-873c-1763d3ea90a2","","1013","",""
"1013","1013","20000972567301988","default","2026-01-08 14:12:46","","2026-01-08 14:13:01","15","0","NORMAL_CLEARING","073d8863-ee4f-4631-9125-6ee79acb6386","","1013","",""
"1013","1013","20000972567301988","default","2026-01-08 14:12:47","","2026-01-08 14:13:02","15","0","NORMAL_CLEARING","f21b5561-0512-46c4-8b5c-4e45c6f260ac","","1013","",""
"1013","1013","20000421552302622","default","2026-01-08 14:12:47","","2026-01-08 14:13:02","15","0","NORMAL_CLEARING","6ab4c906-2434-4fb8-be65-ecb88b229ed6","","1013","",""
"1013","1013","20000972567301988","default","2026-01-08 14:12:52","","2026-01-08 14:13:07","15","0","NORMAL_CLEARING","1523701d-d283-4047-af0a-a768de0b9504","","1013","",""
"1013","1013","20000421552302622","default","2026-01-08 14:12:52","","2026-01-08 14:13:07","15","0","NORMAL_CLEARING","d099551f-5a50-45c1-b1ed-5279c84c137d","","1013","",""
"1013","1013","20000421552302622","default","2026-01-08 14:12:58","","2026-01-08 14:13:13","15","0","NORMAL_CLEARING","3b55ecfa-41f7-4566-b7bd-5875aa6487ac","","1013","",""
"1013","1013","20000972567301988","default","2026-01-08 14:12:58","","2026-01-08 14:13:14","16","0","NORMAL_CLEARING","b193a6d5-ab00-43e3-bf2f-6b3843e30b7e","","1013","",""
"1013","1013","30000972567301988","default","2026-01-08 14:13:07","","2026-01-08 14:13:22","15","0","NORMAL_CLEARING","4847c4ca-6cf1-4c99-a363-ff77ce4c3580","","1013","",""
"1013","1013","30000421552302622","default","2026-01-08 14:13:07","","2026-01-08 14:13:23","16","0","NORMAL_CLEARING","a7b239fc-e339-4062-9195-d27dc054a39b","","1013","",""
"1013","1013","30000972567301988","default","2026-01-08 14:13:09","","2026-01-08 14:13:25","16","0","NORMAL_CLEARING","64e46d60-e738-4698-ba35-b3e4eff823f3","","1013","",""
"1013","1013","30000421552302622","default","2026-01-08 14:13:09","","2026-01-08 14:13:25","16","0","NORMAL_CLEARING","b5e38528-9d28-46b2-88a1-fccac6224912","","1013","",""
"1013","1013","30000972567301988","default","2026-01-08 14:13:09","","2026-01-08 14:13:25","16","0","NORMAL_CLEARING","c4807d51-5721-4134-a3f9-70946053df52","","1013","",""
"1013","1013","30000421552302622","default","2026-01-08 14:13:10","","2026-01-08 14:13:25","15","0","NORMAL_CLEARING","b9965a4e-2e80-430a-a99d-806107ccfb37","","1013","",""
"1013","1013","30000421552302622","default","2026-01-08 14:13:14","","2026-01-08 14:13:29","15","0","NORMAL_CLEARING","95eae6bf-9a4a-4319-9300-fdb62ef56af3","","1013","",""
"1013","1013","30000972567301988","default","2026-01-08 14:13:14","","2026-01-08 14:13:29","15","0","NORMAL_CLEARING","686ba8e4-e97e-4d54-8b8a-bfbd73125bd2","","1013","",""
"1013","1013","30000421552302622","default","2026-01-08 14:13:20","","2026-01-08 14:13:34","14","0","NORMAL_CLEARING","95c7edbf-7714-4e27-bc2a-f14c9d8c4da9","","1013","",""
"1013","1013","30000972567301988","default","2026-01-08 14:13:20","","2026-01-08 14:13:34","14","0","NORMAL_CLEARING","0c0f5d8d-e60a-44f1-baca-b7f80c11cec9","","1013","",""
"1013","1013","40000972567301988","default","2026-01-08 14:13:29","","2026-01-08 14:13:42","13","0","NORMAL_CLEARING","b7e083b3-5e40-4a1b-b1a0-04bf18d8ca8e","","1013","",""
"1013","1013","40000421552302622","default","2026-01-08 14:13:29","","2026-01-08 14:13:42","13","0","NORMAL_CLEARING","f907fd54-4e1d-47b9-8c22-ae82516e4cef","","1013","",""
"1013","1013","40000421552302622","default","2026-01-08 14:13:31","","2026-01-08 14:13:44","13","0","NORMAL_CLEARING","c6ea543b-f52c-4179-9b42-0417b9873a0b","","1013","",""
"1013","1013","40000972567301988","default","2026-01-08 14:13:31","","2026-01-08 14:13:45","14","0","NORMAL_CLEARING","0b381fbf-1298-48d8-b144-921e661c2c8b","","1013","",""
"1013","1013","40000972567301988","default","2026-01-08 14:13:32","","2026-01-08 14:13:45","13","0","NORMAL_CLEARING","1a1e1f3b-ecd9-4a15-9835-b581ec8f43ac","","1013","",""
"1013","1013","40000421552302622","default","2026-01-08 14:13:32","","2026-01-08 14:13:45","13","0","NORMAL_CLEARING","8324fcf4-2138-48eb-9028-7a62412c5d1b","","1013","",""
"1013","1013","40000421552302622","default","2026-01-08 14:13:37","","2026-01-08 14:13:50","13","0","NORMAL_CLEARING","960a2e62-6be1-4945-bb46-866bf396f096","","1013","",""
"1013","1013","40000972567301988","default","2026-01-08 14:13:37","","2026-01-08 14:13:50","13","0","NORMAL_CLEARING","1e71564f-84a2-4884-8a39-2b977e87c716","","1013","",""
"1013","1013","40000421552302622","default","2026-01-08 14:13:43","","2026-01-08 14:13:56","13","0","NORMAL_CLEARING","262e15ef-1d95-40ea-83cb-c8c1824c331b","","1013","",""
"1013","1013","40000972567301988","default","2026-01-08 14:13:43","","2026-01-08 14:13:56","13","0","NORMAL_CLEARING","1a8b84c1-57d0-4d17-aa7e-0e437130995c","","1013","",""
"1013","1013","50000421552302622","default","2026-01-08 14:13:51","","2026-01-08 14:14:04","13","0","NORMAL_CLEARING","58d3d85c-92cc-46e5-90ff-25a49ffd2d3c","","1013","",""
"1013","1013","50000972567301988","default","2026-01-08 14:13:51","","2026-01-08 14:14:04","13","0","NORMAL_CLEARING","32f0afb6-9c28-4958-840e-cf529a555f7a","","1013","",""
"1013","1013","50000972567301988","default","2026-01-08 14:13:53","","2026-01-08 14:14:06","13","0","NORMAL_CLEARING","af72ea57-d766-435e-b1a7-cc5bf319b261","","1013","",""
"1013","1013","50000421552302622","default","2026-01-08 14:13:53","","2026-01-08 14:14:06","13","0","NORMAL_CLEARING","77fa48a0-a34e-4045-9fa8-536cfb2eb148","","1013","",""
"1013","1013","50000972567301988","default","2026-01-08 14:13:54","","2026-01-08 14:14:06","12","0","NORMAL_CLEARING","98e5107c-7f9c-42ce-962b-973867546775","","1013","",""
"1013","1013","50000421552302622","default","2026-01-08 14:13:54","","2026-01-08 14:14:07","13","0","NORMAL_CLEARING","021832a5-c66b-4cc5-a684-4b345241d720","","1013","",""
"1013","1013","50000972567301988","default","2026-01-08 14:13:59","","2026-01-08 14:14:12","13","0","NORMAL_CLEARING","df2de0bd-b4df-4ecc-bd6c-1ff003e9e0bc","","1013","",""
"1013","1013","50000421552302622","default","2026-01-08 14:13:59","","2026-01-08 14:14:12","13","0","NORMAL_CLEARING","c06ad9ba-4974-4021-b47d-f9fe81cb89ec","","1013","",""
"1013","1013","50000972567301988","default","2026-01-08 14:14:05","","2026-01-08 14:14:17","12","0","NORMAL_CLEARING","149d0b71-1aa3-4d08-ac8b-0da017b430ab","","1013","",""
"1013","1013","50000421552302622","default","2026-01-08 14:14:05","","2026-01-08 14:14:17","12","0","NORMAL_CLEARING","a03e51dd-bacf-4861-ae47-2602b018ae32","","1013","",""
"1013","1013","60000421552302622","default","2026-01-08 14:14:13","","2026-01-08 14:14:25","12","0","NORMAL_CLEARING","b25dd463-d83f-45b6-86e3-6b1b493b02c4","","1013","",""
"1013","1013","60000972567301988","default","2026-01-08 14:14:13","","2026-01-08 14:14:25","12","0","NORMAL_CLEARING","1bb2c513-cb14-4a55-a53b-0c26a07b345f","","1013","",""
"1013","1013","60000972567301988","default","2026-01-08 14:14:16","","2026-01-08 14:14:27","11","0","NORMAL_CLEARING","93694c5e-9eaa-46e4-a736-0f7056e78083","","1013","",""
"1013","1013","60000421552302622","default","2026-01-08 14:14:16","","2026-01-08 14:14:27","11","0","NORMAL_CLEARING","58405dc6-8a9a-4ef7-be69-2248916a2d68","","1013","",""
"1013","1013","60000421552302622","default","2026-01-08 14:14:16","","2026-01-08 14:14:27","11","0","NORMAL_CLEARING","80202308-8189-476a-a0e7-31a52c830a01","","1013","",""
"1013","1013","60000972567301988","default","2026-01-08 14:14:16","","2026-01-08 14:14:27","11","0","NORMAL_CLEARING","cdb814c0-acb0-4851-abbe-d274dbb3b973","","1013","",""
"1013","1013","60000421552302622","default","2026-01-08 14:14:21","","2026-01-08 14:14:33","12","0","NORMAL_CLEARING","74f5d8a1-3fe5-4699-b1e3-37a9d69941f9","","1013","",""
"1013","1013","60000972567301988","default","2026-01-08 14:14:21","","2026-01-08 14:14:34","13","0","NORMAL_CLEARING","078e7b54-a50d-47de-85e4-bed8e662e35e","","1013","",""
"1013","1013","60000972567301988","default","2026-01-08 14:14:27","","2026-01-08 14:14:42","15","0","NORMAL_CLEARING","04ef51c8-7247-41e8-a31c-b1e609b77d12","","1013","",""
"1013","1013","60000421552302622","default","2026-01-08 14:14:27","","2026-01-08 14:14:42","15","0","NORMAL_CLEARING","e6a9ede0-9cb7-4595-a28e-6daf7019f2b8","","1013","",""
"1013","1013","70000972567301988","default","2026-01-08 14:14:36","","2026-01-08 14:14:52","16","0","NORMAL_CLEARING","0f49b1c0-51db-4d3f-9c4c-253470edbb67","","1013","",""
"1013","1013","70000421552302622","default","2026-01-08 14:14:36","","2026-01-08 14:14:53","17","0","NORMAL_CLEARING","324eca15-1eda-457c-b359-440ce76e64b3","","1013","",""
"1013","1013","70000972567301988","default","2026-01-08 14:14:38","","2026-01-08 14:14:55","17","0","NORMAL_CLEARING","40857b7b-673c-4308-84ab-7031a4bc2756","","1013","",""
"1013","1013","70000421552302622","default","2026-01-08 14:14:38","","2026-01-08 14:14:55","17","0","NORMAL_CLEARING","45dbba01-8e41-4495-bf11-a09c3e1d2bef","","1013","",""
"1013","1013","70000421552302622","default","2026-01-08 14:14:38","","2026-01-08 14:14:55","17","0","NORMAL_CLEARING","23e6183e-8c88-482d-b26e-7ddb48922cb9","","1013","",""
"1013","1013","70000972567301988","default","2026-01-08 14:14:39","","2026-01-08 14:14:56","17","0","NORMAL_CLEARING","26f9e88b-dfd5-4668-bf24-22ca33618d26","","1013","",""
"1013","1013","70000421552302622","default","2026-01-08 14:14:44","","2026-01-08 14:15:00","16","0","NORMAL_CLEARING","220a40aa-9abb-4d28-bff8-37a8e8e48867","","1013","",""
"1013","1013","70000972567301988","default","2026-01-08 14:14:44","","2026-01-08 14:15:00","16","0","NORMAL_CLEARING","250780c5-0d54-4d0f-b272-6f32019dee49","","1013","",""
"1013","1013","70000972567301988","default","2026-01-08 14:14:50","","2026-01-08 14:15:06","16","0","NORMAL_CLEARING","b37f0ab8-1dc9-49c7-a4d8-5ee53d6344d9","","1013","",""
"1013","1013","70000421552302622","default","2026-01-08 14:14:50","","2026-01-08 14:15:06","16","0","NORMAL_CLEARING","af46ab41-22cc-4deb-8dea-c9ce4ca4452e","","1013","",""
"1013","1013","80000421552302622","default","2026-01-08 14:14:58","","2026-01-08 14:15:15","17","0","NORMAL_CLEARING","11ad1aa5-c89d-48bf-8b1b-01cb05b9520e","","1013","",""
"1013","1013","80000972567301988","default","2026-01-08 14:14:58","","2026-01-08 14:15:15","17","0","NORMAL_CLEARING","91f901a9-9a45-47fa-baab-f787472a2462","","1013","",""
"1013","1013","80000421552302622","default","2026-01-08 14:15:00","","2026-01-08 14:15:17","17","0","NORMAL_CLEARING","7199d4fc-a80a-4647-8c3f-6a9a06a18e1f","","1013","",""
"1013","1013","80000972567301988","default","2026-01-08 14:15:00","","2026-01-08 14:15:17","17","0","NORMAL_CLEARING","467dff84-4e5a-454e-86c9-c4f9cd9a7370","","1013","",""
"1013","1013","80000421552302622","default","2026-01-08 14:15:01","","2026-01-08 14:15:17","16","0","NORMAL_CLEARING","91d9e661-1aed-4c37-addc-9d526f5d0078","","1013","",""
"1013","1013","80000972567301988","default","2026-01-08 14:15:01","","2026-01-08 14:15:18","17","0","NORMAL_CLEARING","c1c8b670-54d2-48b2-bc29-946186cc1e2e","","1013","",""
"1013","1013","80000421552302622","default","2026-01-08 14:15:06","","2026-01-08 14:15:24","18","0","NORMAL_CLEARING","82bb51ac-0964-4503-8935-2cfeef3648fa","","1013","",""
"1013","1013","80000972567301988","default","2026-01-08 14:15:06","","2026-01-08 14:15:24","18","0","NORMAL_CLEARING","9db150ef-b6b0-4b29-89ae-6e6bb8710024","","1013","",""
"1013","1013","80000421552302622","default","2026-01-08 14:15:12","","2026-01-08 14:15:29","17","0","NORMAL_CLEARING","61a99ced-1954-46cf-a3e2-b49eb218a539","","1013","",""
"1013","1013","80000972567301988","default","2026-01-08 14:15:12","","2026-01-08 14:15:29","17","0","NORMAL_CLEARING","b26aeebe-8e41-48cf-9b3c-bd5cfc5a253e","","1013","",""
"1013","1013","90000972567301988","default","2026-01-08 14:15:21","","2026-01-08 14:15:35","14","0","NORMAL_CLEARING","5aeb646b-59c5-4780-b9bb-844c5882e181","","1013","",""
"1013","1013","90000421552302622","default","2026-01-08 14:15:21","","2026-01-08 14:15:35","14","0","NORMAL_CLEARING","203b1cc0-143c-43de-8fb1-2d83f8f6de4c","","1013","",""
"1013","1013","90000972567301988","default","2026-01-08 14:15:23","","2026-01-08 14:15:36","13","0","NORMAL_CLEARING","419e2072-a071-4f8e-bff8-7580ed1179fd","","1013","",""
"1013","1013","90000421552302622","default","2026-01-08 14:15:23","","2026-01-08 14:15:37","14","0","NORMAL_CLEARING","3b2c96dd-276a-4c69-9f13-087e1391dd2f","","1013","",""
"1013","1013","90000421552302622","default","2026-01-08 14:15:23","","2026-01-08 14:15:37","14","0","NORMAL_CLEARING","604727fe-8fd8-4c38-9fda-4354154390fb","","1013","",""
"1013","1013","90000972567301988","default","2026-01-08 14:15:23","","2026-01-08 14:15:37","14","0","NORMAL_CLEARING","f2ec8b8f-ef4e-4cef-849a-d595f2f9b13f","","1013","",""
"1013","1013","90000421552302622","default","2026-01-08 14:15:28","","2026-01-08 14:15:41","13","0","NORMAL_CLEARING","462440c8-bf8a-42eb-9384-b5bc9c14286f","","1013","",""
"1013","1013","90000972567301988","default","2026-01-08 14:15:28","","2026-01-08 14:15:41","13","0","NORMAL_CLEARING","bbf2b851-6c53-4647-b247-3cee2ffa81ab","","1013","",""
"1013","1013","90000421552302622","default","2026-01-08 14:15:35","","2026-01-08 14:15:46","11","0","NORMAL_CLEARING","bd161e58-3aa9-49cf-9a08-e5e56b78b6dd","","1013","",""
"1013","1013","90000972567301988","default","2026-01-08 14:15:35","","2026-01-08 14:15:46","11","0","NORMAL_CLEARING","ddd86c34-7075-4608-90b9-8425ccc079b8","","1013","",""
"1013","1013","000000972567301988","default","2026-01-08 14:15:43","","2026-01-08 14:15:55","12","0","NORMAL_CLEARING","84b5bf11-d9c8-4f41-9203-441ba080b394","","1013","",""
"1013","1013","000000421552302622","default","2026-01-08 14:15:43","","2026-01-08 14:15:55","12","0","NORMAL_CLEARING","ecca8afc-11eb-4828-a146-550c4519d71e","","1013","",""
"1013","1013","000000972567301988","default","2026-01-08 14:15:45","","2026-01-08 14:15:56","11","0","NORMAL_CLEARING","d7c16a4a-3b1d-4f3a-8af4-e36eb9bd08ef","","1013","",""
"1013","1013","000000421552302622","default","2026-01-08 14:15:45","","2026-01-08 14:15:57","12","0","NORMAL_CLEARING","0d583d9f-bc80-4f23-a2c9-ae941a876f64","","1013","",""
"1013","1013","000000421552302622","default","2026-01-08 14:15:46","","2026-01-08 14:15:57","11","0","NORMAL_CLEARING","51645c12-3a7a-4072-a61b-b32f095d8854","","1013","",""
"1013","1013","000000972567301988","default","2026-01-08 14:15:46","","2026-01-08 14:15:57","11","0","NORMAL_CLEARING","799eaa24-39b5-4507-be84-41a80d88d8c0","","1013","",""
"1013","1013","000000972567301988","default","2026-01-08 14:15:51","","2026-01-08 14:16:02","11","0","NORMAL_CLEARING","9c967c9c-9bde-4f6f-8e6a-1d5077ac199c","","1013","",""
"1013","1013","000000421552302622","default","2026-01-08 14:15:51","","2026-01-08 14:16:02","11","0","NORMAL_CLEARING","27666624-1906-46c8-8d62-e67cb05ddbbc","","1013","",""
"1013","1013","000000972567301988","default","2026-01-08 14:15:57","","2026-01-08 14:16:08","11","0","NORMAL_CLEARING","254d5a56-5bfd-45c9-905f-469e2ca62dcc","","1013","",""
"1013","1013","000000421552302622","default","2026-01-08 14:15:57","","2026-01-08 14:16:08","11","0","NORMAL_CLEARING","214a1464-4c9d-4457-a974-7b6c3bbeccce","","1013","",""
"1013","1013","100000972567301988","default","2026-01-08 14:16:05","","2026-01-08 14:16:16","11","0","NORMAL_CLEARING","cfa2bb20-cfe3-4d0c-87b9-114d60b16a0a","","1013","",""
"1013","1013","100000421552302622","default","2026-01-08 14:16:05","","2026-01-08 14:16:17","12","0","NORMAL_CLEARING","6efde43e-dc8d-4a5a-91f7-e37750126a38","","1013","",""
"1013","1013","100000421552302622","default","2026-01-08 14:16:08","","2026-01-08 14:16:19","11","0","NORMAL_CLEARING","66c41f50-daae-4e05-978a-a6a24ccb329c","","1013","",""
"1013","1013","100000972567301988","default","2026-01-08 14:16:08","","2026-01-08 14:16:19","11","0","NORMAL_CLEARING","0f7ff1e9-0480-42fd-83d4-96e375a0b6b5","","1013","",""
"1013","1013","100000972567301988","default","2026-01-08 14:16:08","","2026-01-08 14:16:19","11","0","NORMAL_CLEARING","f2e42836-568c-4df0-8d0d-c0f5410066a7","","1013","",""
"1013","1013","100000421552302622","default","2026-01-08 14:16:08","","2026-01-08 14:16:19","11","0","NORMAL_CLEARING","98b04275-32c4-4f60-a42d-cf5044153be9","","1013","",""
"1013","1013","100000972567301988","default","2026-01-08 14:16:13","","2026-01-08 14:16:24","11","0","NORMAL_CLEARING","1f4328f5-803b-4c49-a7af-092eaeddaaef","","1013","",""
"1013","1013","100000421552302622","default","2026-01-08 14:16:13","","2026-01-08 14:16:24","11","0","NORMAL_CLEARING","783f9e3a-75cd-402d-8f66-0f463d25b2cc","","1013","",""
"1013","1013","100000421552302622","default","2026-01-08 14:16:19","","2026-01-08 14:16:30","11","0","NORMAL_CLEARING","7cef4e8e-7443-49a3-837b-954e8aa8a4d9","","1013","",""
"1013","1013","100000972567301988","default","2026-01-08 14:16:19","","2026-01-08 14:16:30","11","0","NORMAL_CLEARING","11f78c96-2025-44bb-8bb0-28bfdb8dd3fc","","1013","",""
"1013","1013","200000421552302622","default","2026-01-08 14:16:28","","2026-01-08 14:16:39","11","0","NORMAL_CLEARING","54ed539e-f3db-46f8-9e3b-532c7ec2776f","","1013","",""
"1013","1013","200000972567301988","default","2026-01-08 14:16:28","","2026-01-08 14:16:39","11","0","NORMAL_CLEARING","f342dc58-3a52-4cb2-9453-94d5cb0886b2","","1013","",""
"1013","1013","200000972567301988","default","2026-01-08 14:16:30","","2026-01-08 14:16:41","11","0","NORMAL_CLEARING","814f21a8-e86f-4dae-8190-8452147d9000","","1013","",""
"1013","1013","200000421552302622","default","2026-01-08 14:16:30","","2026-01-08 14:16:41","11","0","NORMAL_CLEARING","5210346d-40f0-4fd3-b5ce-f772fcb24fcf","","1013","",""
"1013","1013","200000421552302622","default","2026-01-08 14:16:30","","2026-01-08 14:16:41","11","0","NORMAL_CLEARING","85cd683e-ac14-43b4-af35-0a33eb98a637","","1013","",""
"1013","1013","200000972567301988","default","2026-01-08 14:16:30","","2026-01-08 14:16:42","12","0","NORMAL_CLEARING","3d7d44ab-ed92-44db-b29d-a17bb5304196","","1013","",""
"1013","1013","200000972567301988","default","2026-01-08 14:16:35","","2026-01-08 14:16:46","11","0","NORMAL_CLEARING","4ce3a558-183c-400b-8df5-63f9655d07d9","","1013","",""
"1013","1013","200000421552302622","default","2026-01-08 14:16:35","","2026-01-08 14:16:46","11","0","NORMAL_CLEARING","50b048d1-08d8-49b8-9d3a-e307a0992797","","1013","",""
"1013","1013","200000972567301988","default","2026-01-08 14:16:41","","2026-01-08 14:16:52","11","0","NORMAL_CLEARING","27a4e351-58f3-49a3-8ac7-fe8b2b985ed4","","1013","",""
"1013","1013","200000421552302622","default","2026-01-08 14:16:41","","2026-01-08 14:16:52","11","0","NORMAL_CLEARING","40444167-3e5a-4127-aa6e-4ecdafaf0372","","1013","",""
"1013","1013","300000421552302622","default","2026-01-08 14:16:50","","2026-01-08 14:17:01","11","0","NORMAL_CLEARING","d2a6996c-a5dd-41bb-93d4-969909dc913e","","1013","",""
"1013","1013","300000972567301988","default","2026-01-08 14:16:50","","2026-01-08 14:17:01","11","0","NORMAL_CLEARING","9659f858-3fb3-45bd-9f8c-63e4a79920b6","","1013","",""
"1013","1013","300000972567301988","default","2026-01-08 14:16:52","","2026-01-08 14:17:04","12","0","NORMAL_CLEARING","5b49d139-5944-4594-bde9-36f9e1b77518","","1013","",""
"1013","1013","300000421552302622","default","2026-01-08 14:16:52","","2026-01-08 14:17:04","12","0","NORMAL_CLEARING","d216f7e1-5837-4520-be0e-472a1a307962","","1013","",""
"1013","1013","300000421552302622","default","2026-01-08 14:16:52","","2026-01-08 14:17:05","13","0","NORMAL_CLEARING","8d9b2b41-f99f-4fd0-8ba7-7a6d4f59bc8e","","1013","",""
"1013","1013","300000972567301988","default","2026-01-08 14:16:52","","2026-01-08 14:17:05","13","0","NORMAL_CLEARING","5d02153c-9f66-4d9e-ba27-93e1f00ebf12","","1013","",""
"1013","1013","300000421552302622","default","2026-01-08 14:16:57","","2026-01-08 14:17:10","13","0","NORMAL_CLEARING","e391f2a1-c0b8-471d-afe2-dc2f323ed4ee","","1013","",""
"1013","1013","300000972567301988","default","2026-01-08 14:16:57","","2026-01-08 14:17:10","13","0","NORMAL_CLEARING","cdab3b99-76fe-4740-a45b-9a294b5c87f7","","1013","",""
"1013","1013","300000972567301988","default","2026-01-08 14:17:04","","2026-01-08 14:17:16","12","0","NORMAL_CLEARING","ee2d7924-22aa-4e5c-9aba-7b517333b66e","","1013","",""
"1013","1013","300000421552302622","default","2026-01-08 14:17:04","","2026-01-08 14:17:16","12","0","NORMAL_CLEARING","1fe15cd6-c86c-46b4-a86f-2dd7b28cf2e3","","1013","",""
"1013","1013","400000972567301988","default","2026-01-08 14:17:12","","2026-01-08 14:17:26","14","0","NORMAL_CLEARING","ea47bfc3-15ec-4e06-8b74-68e264aaf147","","1013","",""
"1013","1013","400000421552302622","default","2026-01-08 14:17:12","","2026-01-08 14:17:26","14","0","NORMAL_CLEARING","e6b7422e-d938-4e86-91e7-3aa71444ae1a","","1013","",""
"1013","1013","400000972567301988","default","2026-01-08 14:17:15","","2026-01-08 14:17:29","14","0","NORMAL_CLEARING","c1ff95b0-64d7-48c2-a516-930e579d4a3e","","1013","",""
"1013","1013","400000421552302622","default","2026-01-08 14:17:15","","2026-01-08 14:17:29","14","0","NORMAL_CLEARING","ec585b63-591b-49c8-9d35-ebe8458ac1a2","","1013","",""
"1013","1013","400000972567301988","default","2026-01-08 14:17:15","","2026-01-08 14:17:30","15","0","NORMAL_CLEARING","ea053525-d718-4150-967a-5fb46703d44d","","1013","",""
"1013","1013","400000421552302622","default","2026-01-08 14:17:15","","2026-01-08 14:17:30","15","0","NORMAL_CLEARING","ee54cf0b-3a41-4e31-9b15-911ea59e5d0d","","1013","",""
"1013","1013","400000421552302622","default","2026-01-08 14:17:20","","2026-01-08 14:17:35","15","0","NORMAL_CLEARING","d5678528-a4da-4085-af76-a8a0aba7dc4f","","1013","",""
"1013","1013","400000972567301988","default","2026-01-08 14:17:20","","2026-01-08 14:17:35","15","0","NORMAL_CLEARING","a0dd7a46-305a-4241-84d6-1a99b550cd54","","1013","",""
"1013","1013","400000972567301988","default","2026-01-08 14:17:26","","2026-01-08 14:17:43","17","0","NORMAL_CLEARING","af78d66f-6eea-427e-a07d-7afdf609d86f","","1013","",""
"1013","1013","400000421552302622","default","2026-01-08 14:17:26","","2026-01-08 14:17:43","17","0","NORMAL_CLEARING","a723f779-5b50-4ec8-8f29-3890c7921e2d","","1013","",""
"1013","1013","500000972567301988","default","2026-01-08 14:17:35","","2026-01-08 14:17:52","17","0","NORMAL_CLEARING","7e3beb76-d849-436d-b86e-102697c76773","","1013","",""
"1013","1013","500000421552302622","default","2026-01-08 14:17:35","","2026-01-08 14:17:53","18","0","NORMAL_CLEARING","1b9dccec-e3b2-4eb4-8920-efc5c746da52","","1013","",""
"1013","1013","500000421552302622","default","2026-01-08 14:17:37","","2026-01-08 14:17:55","18","0","NORMAL_CLEARING","4a4192cc-555e-4e2b-b215-5335c61ea37c","","1013","",""
"1013","1013","500000972567301988","default","2026-01-08 14:17:37","","2026-01-08 14:17:55","18","0","NORMAL_CLEARING","93cd7654-9899-457c-8a31-0daf12c21d7b","","1013","",""
"1013","1013","500000972567301988","default","2026-01-08 14:17:38","","2026-01-08 14:17:55","17","0","NORMAL_CLEARING","b787d648-5112-4066-9ac8-7e867a5c796a","","1013","",""
"1013","1013","500000421552302622","default","2026-01-08 14:17:38","","2026-01-08 14:17:55","17","0","NORMAL_CLEARING","fcc76cfc-9a06-4c72-a5f8-ce440efb5f03","","1013","",""
"1013","1013","500000972567301988","default","2026-01-08 14:17:42","","2026-01-08 14:18:00","18","0","NORMAL_CLEARING","5e5d479f-7d8d-4708-b226-39695896d285","","1013","",""
"1013","1013","500000421552302622","default","2026-01-08 14:17:42","","2026-01-08 14:18:00","18","0","NORMAL_CLEARING","f75c1a45-73d7-477b-b32e-ad285799a53a","","1013","",""
"1013","1013","500000972567301988","default","2026-01-08 14:17:48","","2026-01-08 14:18:05","17","0","NORMAL_CLEARING","b97940ad-6ac7-4c00-a4b5-3dee8b04c5a9","","1013","",""
"1013","1013","500000421552302622","default","2026-01-08 14:17:48","","2026-01-08 14:18:05","17","0","NORMAL_CLEARING","835e019a-0386-415f-bf73-a640e86db901","","1013","",""
"1013","1013","600000421552302622","default","2026-01-08 14:17:57","","2026-01-08 14:18:14","17","0","NORMAL_CLEARING","928c675b-380e-427e-b5c4-95323ed65be3","","1013","",""
"1013","1013","600000972567301988","default","2026-01-08 14:17:57","","2026-01-08 14:18:14","17","0","NORMAL_CLEARING","f767b202-866a-406e-ac3e-f6f1abcc6679","","1013","",""
"1013","1013","600000972567301988","default","2026-01-08 14:17:59","","2026-01-08 14:18:16","17","0","NORMAL_CLEARING","79fbcd5d-0937-40a8-9952-b8dbb074b18e","","1013","",""
"1013","1013","600000421552302622","default","2026-01-08 14:17:59","","2026-01-08 14:18:17","18","0","NORMAL_CLEARING","f0b9f702-064c-4c39-95f5-1514df94ccc0","","1013","",""
"1013","1013","600000972567301988","default","2026-01-08 14:18:00","","2026-01-08 14:18:17","17","0","NORMAL_CLEARING","76df235d-9551-41c5-9eef-694c9e15aea7","","1013","",""
"1013","1013","600000421552302622","default","2026-01-08 14:18:00","","2026-01-08 14:18:18","18","0","NORMAL_CLEARING","d0a310c8-04e9-4ec1-9678-5e6eefce3af4","","1013","",""
"1013","1013","600000972567301988","default","2026-01-08 14:18:04","","2026-01-08 14:18:23","19","0","NORMAL_CLEARING","b7c79352-0d80-4387-9b2a-b28794c8cb23","","1013","",""
"1013","1013","600000421552302622","default","2026-01-08 14:18:04","","2026-01-08 14:18:23","19","0","NORMAL_CLEARING","082772ec-6df7-4881-b154-6ef47ceca8d1","","1013","",""
"1013","1013","600000421552302622","default","2026-01-08 14:18:11","","2026-01-08 14:18:29","18","0","NORMAL_CLEARING","6a326459-2620-46f4-a999-f1b0065bbe94","","1013","",""
"1013","1013","600000972567301988","default","2026-01-08 14:18:11","","2026-01-08 14:18:30","19","0","NORMAL_CLEARING","9c8d77b6-42ca-443b-ba8b-f13125da836d","","1013","",""
"1013","1013","700000421552302622","default","2026-01-08 14:18:20","","2026-01-08 14:18:37","17","0","NORMAL_CLEARING","3043f868-52dd-403a-bbea-3957585d9fd4","","1013","",""
"1013","1013","700000972567301988","default","2026-01-08 14:18:20","","2026-01-08 14:18:37","17","0","NORMAL_CLEARING","00f63c91-849c-4c64-959d-5e909260f2d8","","1013","",""
"1013","1013","700000421552302622","default","2026-01-08 14:18:22","","2026-01-08 14:18:39","17","0","NORMAL_CLEARING","cd4ef631-9073-4cad-a693-59f4db381e95","","1013","",""
"1013","1013","700000972567301988","default","2026-01-08 14:18:22","","2026-01-08 14:18:39","17","0","NORMAL_CLEARING","f643b7a0-765d-4f79-be83-77fd46f68216","","1013","",""
"1013","1013","700000972567301988","default","2026-01-08 14:18:23","","2026-01-08 14:18:39","16","0","NORMAL_CLEARING","3c65d70d-2d90-42db-ac98-057db56cce0b","","1013","",""
"1013","1013","700000421552302622","default","2026-01-08 14:18:23","","2026-01-08 14:18:39","16","0","NORMAL_CLEARING","61155f6c-63ed-4b66-98c2-396125ecb884","","1013","",""
"1013","1013","700000972567301988","default","2026-01-08 14:18:27","","2026-01-08 14:18:43","16","0","NORMAL_CLEARING","0b8127d2-a4c4-42d6-9599-5c163bd49d96","","1013","",""
"1013","1013","700000421552302622","default","2026-01-08 14:18:27","","2026-01-08 14:18:43","16","0","NORMAL_CLEARING","3302e23b-0ca8-42e9-a296-18e09064466b","","1013","",""
"1013","1013","700000421552302622","default","2026-01-08 14:18:34","","2026-01-08 14:18:49","15","0","NORMAL_CLEARING","18f220a7-c930-4f4f-b1f0-e44ddf808df0","","1013","",""
"1013","1013","700000972567301988","default","2026-01-08 14:18:33","","2026-01-08 14:18:49","16","0","NORMAL_CLEARING","c3580ed4-07a1-410d-b504-ab9e2262bd97","","1013","",""
"1013","1013","800000972567301988","default","2026-01-08 14:18:42","","2026-01-08 14:18:57","15","0","NORMAL_CLEARING","b079c28f-d0d5-4a05-9652-ea81b4fb00b1","","1013","",""
"1013","1013","800000421552302622","default","2026-01-08 14:18:42","","2026-01-08 14:18:57","15","0","NORMAL_CLEARING","de254b14-dea8-4ce8-9276-3cf572e4368b","","1013","",""
"1013","1013","800000972567301988","default","2026-01-08 14:18:44","","2026-01-08 14:18:59","15","0","NORMAL_CLEARING","f7c1777d-8c42-49fb-a50d-67b954075793","","1013","",""
"1013","1013","800000421552302622","default","2026-01-08 14:18:44","","2026-01-08 14:18:59","15","0","NORMAL_CLEARING","0abc2f07-5400-4ff3-935c-354b6097d187","","1013","",""
"1013","1013","800000421552302622","default","2026-01-08 14:18:45","","2026-01-08 14:19:00","15","0","NORMAL_CLEARING","014ebd14-e413-4314-ae68-d9f51af2e61b","","1013","",""
"1013","1013","800000972567301988","default","2026-01-08 14:18:45","","2026-01-08 14:19:00","15","0","NORMAL_CLEARING","42380c46-1556-4de0-9dc2-875a58a330fe","","1013","",""
"1013","1013","800000972567301988","default","2026-01-08 14:18:49","","2026-01-08 14:19:04","15","0","NORMAL_CLEARING","e8a2862e-be80-441e-a1aa-0b7ef3f63958","","1013","",""
"1013","1013","800000421552302622","default","2026-01-08 14:18:49","","2026-01-08 14:19:04","15","0","NORMAL_CLEARING","8dec09cc-7265-4328-8ca8-a831cc6dfcf1","","1013","",""
"1013","1013","800000972567301988","default","2026-01-08 14:18:56","","2026-01-08 14:19:10","14","0","NORMAL_CLEARING","431a0931-f615-48d3-a187-7638e01df01e","","1013","",""
"1013","1013","800000421552302622","default","2026-01-08 14:18:56","","2026-01-08 14:19:10","14","0","NORMAL_CLEARING","392607ed-91fb-4862-ae93-29bc9fe3ccbe","","1013","",""
"1013","1013","900000421552302622","default","2026-01-08 14:19:05","","2026-01-08 14:19:18","13","0","NORMAL_CLEARING","f787cebe-fcd4-490c-9bdf-ba23c668119d","","1013","",""
"1013","1013","900000972567301988","default","2026-01-08 14:19:05","","2026-01-08 14:19:18","13","0","NORMAL_CLEARING","09a5dacc-6c3e-49f9-992d-9e66868247c5","","1013","",""
"1013","1013","900000421552302622","default","2026-01-08 14:19:07","","2026-01-08 14:19:20","13","0","NORMAL_CLEARING","3af64115-0b6b-4e1d-8e09-b0167891d818","","1013","",""
"1013","1013","900000972567301988","default","2026-01-08 14:19:07","","2026-01-08 14:19:20","13","0","NORMAL_CLEARING","67f0e9f0-3850-4d57-9f72-762b732f7ad3","","1013","",""
"1013","1013","900000421552302622","default","2026-01-08 14:19:07","","2026-01-08 14:19:21","14","0","NORMAL_CLEARING","17c44e21-f2e9-45f8-8102-8e58408b0f30","","1013","",""
"1013","1013","900000972567301988","default","2026-01-08 14:19:07","","2026-01-08 14:19:21","14","0","NORMAL_CLEARING","d2a8d691-b92b-44fd-8657-c5a88b991887","","1013","",""
"1013","1013","900000421552302622","default","2026-01-08 14:19:12","","2026-01-08 14:19:25","13","0","NORMAL_CLEARING","dc5240e7-4059-419f-9e5b-193471ea3125","","1013","",""
"1013","1013","900000972567301988","default","2026-01-08 14:19:12","","2026-01-08 14:19:25","13","0","NORMAL_CLEARING","989fa490-3904-4285-aebe-9fb84c96faba","","1013","",""
"1013","1013","900000421552302622","default","2026-01-08 14:19:18","","2026-01-08 14:19:31","13","0","NORMAL_CLEARING","e8b9831e-fafa-4c41-8ebe-a2605347bf76","","1013","",""
"1013","1013","900000972567301988","default","2026-01-08 14:19:18","","2026-01-08 14:19:31","13","0","NORMAL_CLEARING","0d7b868a-7560-495f-ab1c-1b374f5893d0","","1013","",""
"1013","1013","0000000972567301988","default","2026-01-08 14:19:27","","2026-01-08 14:19:41","14","0","NORMAL_CLEARING","98799e45-f4f8-4923-af52-38ba2b7a5c72","","1013","",""
"1013","1013","0000000421552302622","default","2026-01-08 14:19:27","","2026-01-08 14:19:41","14","0","NORMAL_CLEARING","01af6d34-8460-4591-8f64-790bf54b93cd","","1013","",""
"1013","1013","0000000421552302622","default","2026-01-08 14:19:29","","2026-01-08 14:19:44","15","0","NORMAL_CLEARING","fc17757d-49c1-4b18-acf9-09c6e5ad3d69","","1013","",""
"1013","1013","0000000972567301988","default","2026-01-08 14:19:29","","2026-01-08 14:19:44","15","0","NORMAL_CLEARING","333dc01d-5e29-44a0-bae9-995aefd86a72","","1013","",""
"1013","1013","0000000972567301988","default","2026-01-08 14:19:29","","2026-01-08 14:19:45","16","0","NORMAL_CLEARING","27b0a27d-1633-4896-a805-b82fef99adbb","","1013","",""
"1013","1013","0000000421552302622","default","2026-01-08 14:19:29","","2026-01-08 14:19:45","16","0","NORMAL_CLEARING","afa4a688-ee76-400d-8bf7-2a3115dc4a3d","","1013","",""
"1013","1013","0000000421552302622","default","2026-01-08 14:19:34","","2026-01-08 14:19:49","15","0","NORMAL_CLEARING","4970e610-2406-438c-b011-b3d8370b3acb","","1013","",""
"1013","1013","0000000972567301988","default","2026-01-08 14:19:34","","2026-01-08 14:19:49","15","0","NORMAL_CLEARING","90b75bbd-cd68-4beb-9afb-2b80bd895c1e","","1013","",""
"1013","1013","0000000421552302622","default","2026-01-08 14:19:41","","2026-01-08 14:19:56","15","0","NORMAL_CLEARING","320ee698-c1aa-477f-a1f5-9fb58537b24c","","1013","",""
"1013","1013","0000000972567301988","default","2026-01-08 14:19:41","","2026-01-08 14:19:56","15","0","NORMAL_CLEARING","a4d1d645-fa99-4909-a4df-49966f1efb27","","1013","",""
"1013","1013","888421552302622","default","2026-01-08 14:19:49","","2026-01-08 14:20:06","17","0","NORMAL_CLEARING","44227f54-2581-45f3-b45c-08529bf2cfe3","","1013","",""
"1013","1013","888972567301988","default","2026-01-08 14:19:49","","2026-01-08 14:20:06","17","0","NORMAL_CLEARING","c5f3b8ab-e29d-4238-a4e2-543cbce6b499","","1013","",""
"1013","1013","888421552302622","default","2026-01-08 14:19:52","","2026-01-08 14:20:07","15","0","NORMAL_CLEARING","cb2761fb-50ff-447a-8bef-c876374a9836","","1013","",""
"1013","1013","888421552302622","default","2026-01-08 14:19:52","","2026-01-08 14:20:08","16","0","NORMAL_CLEARING","b9b3262c-98d9-4063-bfda-4c5a1893aa3d","","1013","",""
"1013","1013","888972567301988","default","2026-01-08 14:19:52","","2026-01-08 14:20:08","16","0","NORMAL_CLEARING","239368d2-a7c4-4b66-828d-280ee0d87c2b","","1013","",""
"1013","1013","888972567301988","default","2026-01-08 14:19:52","","2026-01-08 14:20:08","16","0","NORMAL_CLEARING","88df51d6-1796-47dc-82fc-2925ace690c3","","1013","",""
"1013","1013","888421552302622","default","2026-01-08 14:19:57","","2026-01-08 14:20:12","15","0","NORMAL_CLEARING","65a9b760-cae6-466c-875a-41a0e2ab46f0","","1013","",""
"1013","1013","888972567301988","default","2026-01-08 14:19:57","","2026-01-08 14:20:12","15","0","NORMAL_CLEARING","87170ada-3dbd-4bcf-aae8-a0501a0fbe7a","","1013","",""
"1013","1013","888972567301988","default","2026-01-08 14:20:04","","2026-01-08 14:20:17","13","0","NORMAL_CLEARING","f7660955-e911-4956-9ab2-850fae7d189d","","1013","",""
"1013","1013","888421552302622","default","2026-01-08 14:20:04","","2026-01-08 14:20:17","13","0","NORMAL_CLEARING","c1209817-5a13-4b47-ba44-ab002dbee76d","","1013","",""
"1013","1013","999972567301988","default","2026-01-08 14:20:12","","2026-01-08 14:20:26","14","0","NORMAL_CLEARING","2c03b8bc-71d7-4132-be16-71f9d8ed0559","","1013","",""
"1013","1013","999421552302622","default","2026-01-08 14:20:12","","2026-01-08 14:20:26","14","0","NORMAL_CLEARING","d3f68d86-efa4-4c99-be6e-a7b58bcdfef5","","1013","",""
"1013","1013","999421552302622","default","2026-01-08 14:20:14","","2026-01-08 14:20:28","14","0","NORMAL_CLEARING","ffbd487b-2cdc-42bf-b735-65be53e9afb9","","1013","",""
"1013","1013","999972567301988","default","2026-01-08 14:20:14","","2026-01-08 14:20:28","14","0","NORMAL_CLEARING","5dcc77dd-14a6-4edd-bbff-783ddcb07325","","1013","",""
"1013","1013","999972567301988","default","2026-01-08 14:20:14","","2026-01-08 14:20:28","14","0","NORMAL_CLEARING","66e4ba41-49aa-4a30-88b5-fe29c22ef3b0","","1013","",""
"1013","1013","999421552302622","default","2026-01-08 14:20:14","","2026-01-08 14:20:28","14","0","NORMAL_CLEARING","dbc5ef7e-d37e-4601-86a5-5452c87f1f69","","1013","",""
"1013","1013","999421552302622","default","2026-01-08 14:20:19","","2026-01-08 14:20:33","14","0","NORMAL_CLEARING","d7aeee26-4f49-45a9-aed8-2e92da4dc271","","1013","",""
"1013","1013","999972567301988","default","2026-01-08 14:20:19","","2026-01-08 14:20:33","14","0","NORMAL_CLEARING","03b4fcee-690a-4e60-b269-4f4fbdf6c6ca","","1013","",""
"1013","1013","999972567301988","default","2026-01-08 14:20:26","","2026-01-08 14:20:40","14","0","NORMAL_CLEARING","668144c0-3bfa-4e55-b1af-71ef3c0c1207","","1013","",""
"1013","1013","999421552302622","default","2026-01-08 14:20:26","","2026-01-08 14:20:40","14","0","NORMAL_CLEARING","abe69715-e192-4bac-85a6-cf4c46334a5d","","1013","",""
"1013","1013","777421552302622","default","2026-01-08 14:20:35","","2026-01-08 14:20:49","14","0","NORMAL_CLEARING","b620ed6c-a1fd-42c4-8a6a-30100caee7a6","","1013","",""
"1013","1013","777972567301988","default","2026-01-08 14:20:35","","2026-01-08 14:20:50","15","0","NORMAL_CLEARING","a8dace1c-d96d-4f79-90b9-a80f834714a5","","1013","",""
"1013","1013","777421552302622","default","2026-01-08 14:20:37","","2026-01-08 14:20:52","15","0","NORMAL_CLEARING","97bb0840-24af-4889-9475-4a6c8cd8de79","","1013","",""
"1013","1013","777972567301988","default","2026-01-08 14:20:37","","2026-01-08 14:20:52","15","0","NORMAL_CLEARING","ea6eb60c-f348-4ea0-b123-8721c18c0965","","1013","",""
"1013","1013","777421552302622","default","2026-01-08 14:20:37","","2026-01-08 14:20:52","15","0","NORMAL_CLEARING","32c46513-3ab3-4b11-95bc-63f7121e0762","","1013","",""
"1013","1013","777972567301988","default","2026-01-08 14:20:37","","2026-01-08 14:20:52","15","0","NORMAL_CLEARING","15e52b5f-a55f-43eb-af0c-74d341e426d8","","1013","",""
"1013","1013","777972567301988","default","2026-01-08 14:20:42","","2026-01-08 14:20:57","15","0","NORMAL_CLEARING","4a108812-330d-4bf4-a5dd-0f4736bacda7","","1013","",""
"1013","1013","777421552302622","default","2026-01-08 14:20:42","","2026-01-08 14:20:57","15","0","NORMAL_CLEARING","535d51e0-7f5a-4224-a271-63f665a52a1f","","1013","",""
"1013","1013","777421552302622","default","2026-01-08 14:20:49","","2026-01-08 14:21:05","16","0","NORMAL_CLEARING","e3a6a0d5-8fdc-44a1-ae13-6efcd12d414a","","1013","",""
"1013","1013","777972567301988","default","2026-01-08 14:20:49","","2026-01-08 14:21:05","16","0","NORMAL_CLEARING","8308920c-5634-4882-9fcc-50da22bc6479","","1013","",""
"1013","1013","555972567301988","default","2026-01-08 14:20:57","","2026-01-08 14:21:13","16","0","NORMAL_CLEARING","444c4ca1-8c0e-4125-8bc4-d4bd41cbff00","","1013","",""
"1013","1013","555421552302622","default","2026-01-08 14:20:57","","2026-01-08 14:21:14","17","0","NORMAL_CLEARING","e494ff09-ed31-47d6-a9e3-236d7e1e17ce","","1013","",""
"1013","1013","555972567301988","default","2026-01-08 14:20:59","","2026-01-08 14:21:16","17","0","NORMAL_CLEARING","a7dc3845-5a3b-42dd-be54-0a6fdef33b8b","","1013","",""
"1013","1013","555421552302622","default","2026-01-08 14:20:59","","2026-01-08 14:21:16","17","0","NORMAL_CLEARING","e16f03be-35f8-4eb1-854f-9c6b95797aa6","","1013","",""
"1013","1013","555421552302622","default","2026-01-08 14:20:59","","2026-01-08 14:21:16","17","0","NORMAL_CLEARING","a8a0dee8-2d75-43d7-acc4-34fde0b25634","","1013","",""
"1013","1013","555972567301988","default","2026-01-08 14:20:59","","2026-01-08 14:21:16","17","0","NORMAL_CLEARING","0955aa54-3340-40d8-b6a0-c5dd45ae2153","","1013","",""
"1013","1013","555972567301988","default","2026-01-08 14:21:04","","2026-01-08 14:21:22","18","0","NORMAL_CLEARING","b36c77d1-1a47-41bc-8541-490ed39305d8","","1013","",""
"1013","1013","555421552302622","default","2026-01-08 14:21:04","","2026-01-08 14:21:22","18","0","NORMAL_CLEARING","0ca94ecb-d1fc-4c49-9430-909afd53cc16","","1013","",""
"1013","1013","555421552302622","default","2026-01-08 14:21:11","","2026-01-08 14:21:29","18","0","NORMAL_CLEARING","476515b5-816b-4d8a-a19c-94fac46d5f5b","","1013","",""
"1013","1013","555972567301988","default","2026-01-08 14:21:11","","2026-01-08 14:21:29","18","0","NORMAL_CLEARING","ee8bb156-f140-4363-ab73-1594647a00c0","","1013","",""
"1013","1013","5600972567301988","default","2026-01-08 14:21:19","","2026-01-08 14:21:37","18","0","NORMAL_CLEARING","f260b77d-5c83-4f00-a9ac-4e10697c1e3d","","1013","",""
"1013","1013","5600421552302622","default","2026-01-08 14:21:19","","2026-01-08 14:21:37","18","0","NORMAL_CLEARING","14877fc3-4eb8-4c9a-9cad-54c2bcfd9607","","1013","",""
"1013","1013","5600972567301988","default","2026-01-08 14:21:21","","2026-01-08 14:21:39","18","0","NORMAL_CLEARING","fc0e0ea0-57f1-4e37-9d7c-b1a2dae9bb65","","1013","",""
"1013","1013","5600421552302622","default","2026-01-08 14:21:21","","2026-01-08 14:21:39","18","0","NORMAL_CLEARING","d73d6bdf-63a0-4479-b552-a66f6c6ea43a","","1013","",""
"1013","1013","5600421552302622","default","2026-01-08 14:21:22","","2026-01-08 14:21:40","18","0","NORMAL_CLEARING","ccc44dc2-fee0-4dcd-b51f-67efad1c9ba9","","1013","",""
"1013","1013","5600972567301988","default","2026-01-08 14:21:22","","2026-01-08 14:21:40","18","0","NORMAL_CLEARING","50387502-302e-41e3-8f73-a6b158476a1d","","1013","",""
"1013","1013","5600421552302622","default","2026-01-08 14:21:27","","2026-01-08 14:21:44","17","0","NORMAL_CLEARING","3debe715-924f-4185-af7a-dec86b4e0c6a","","1013","",""
"1013","1013","5600972567301988","default","2026-01-08 14:21:27","","2026-01-08 14:21:44","17","0","NORMAL_CLEARING","600677cd-3122-4d40-8fee-7c0245ed0171","","1013","",""
"1013","1013","5600421552302622","default","2026-01-08 14:21:34","","2026-01-08 14:21:50","16","0","NORMAL_CLEARING","05c38ab7-1256-4dc6-9b94-7f6cdb26e5e2","","1013","",""
"1013","1013","5600972567301988","default","2026-01-08 14:21:34","","2026-01-08 14:21:50","16","0","NORMAL_CLEARING","217578f8-e48d-4624-aa44-e03159813ef5","","1013","",""
"1013","1013","5700421552302622","default","2026-01-08 14:21:42","","2026-01-08 14:21:57","15","0","NORMAL_CLEARING","3f2eb3d0-2807-4286-a4c7-4574e196f4f3","","1013","",""
"1013","1013","5700972567301988","default","2026-01-08 14:21:42","","2026-01-08 14:21:57","15","0","NORMAL_CLEARING","32c51752-62d9-4039-8f9b-dfd925841418","","1013","",""
"1013","1013","5700421552302622","default","2026-01-08 14:21:44","","2026-01-08 14:21:59","15","0","NORMAL_CLEARING","1ba851ae-f1aa-46ce-a686-bc82643cdfe2","","1013","",""
"1013","1013","5700972567301988","default","2026-01-08 14:21:44","","2026-01-08 14:21:59","15","0","NORMAL_CLEARING","a1ea1e0a-03dd-4e54-8c0e-9f95fb48195c","","1013","",""
"1013","1013","5700421552302622","default","2026-01-08 14:21:44","","2026-01-08 14:21:59","15","0","NORMAL_CLEARING","c4177969-0fc2-41e9-9421-83e183ab47b1","","1013","",""
"1013","1013","5700972567301988","default","2026-01-08 14:21:44","","2026-01-08 14:21:59","15","0","NORMAL_CLEARING","cbde74e2-c563-4595-a6eb-dc21cc7346f2","","1013","",""
"1013","1013","5700421552302622","default","2026-01-08 14:21:49","","2026-01-08 14:22:03","14","0","NORMAL_CLEARING","cfb37c58-2ff8-4255-ae23-2d782e47fab7","","1013","",""
"1013","1013","5700972567301988","default","2026-01-08 14:21:49","","2026-01-08 14:22:03","14","0","NORMAL_CLEARING","bdb2fab2-807d-477b-90f0-812396498388","","1013","",""
"1013","1013","5700421552302622","default","2026-01-08 14:21:56","","2026-01-08 14:22:10","14","0","NORMAL_CLEARING","6eb70630-0fee-4de0-b960-a1e9387f8458","","1013","",""
"1013","1013","5700972567301988","default","2026-01-08 14:21:56","","2026-01-08 14:22:10","14","0","NORMAL_CLEARING","068c7b4d-1ebe-4693-bf2a-c8d3a0073db9","","1013","",""
"1013","1013","5800972567301988","default","2026-01-08 14:22:05","","2026-01-08 14:22:19","14","0","NORMAL_CLEARING","2a68c243-ae68-48ad-be71-cf029a937a60","","1013","",""
"1013","1013","5800421552302622","default","2026-01-08 14:22:05","","2026-01-08 14:22:20","15","0","NORMAL_CLEARING","2b54a3af-973b-46ca-a6d3-2b39bb7005b3","","1013","",""
"1013","1013","5800972567301988","default","2026-01-08 14:22:07","","2026-01-08 14:22:21","14","0","NORMAL_CLEARING","395eb78e-250c-414b-9903-e836251ff06e","","1013","",""
"1013","1013","5800421552302622","default","2026-01-08 14:22:07","","2026-01-08 14:22:21","14","0","NORMAL_CLEARING","307154f5-b7e5-4747-9278-7e2af34d713d","","1013","",""
"1013","1013","5800972567301988","default","2026-01-08 14:22:07","","2026-01-08 14:22:21","14","0","NORMAL_CLEARING","1c62eff6-c7cf-40c2-9470-8c7202933aa3","","1013","",""
"1013","1013","5800421552302622","default","2026-01-08 14:22:07","","2026-01-08 14:22:22","15","0","NORMAL_CLEARING","d8fbf87b-f611-4a91-aa58-b2521402b70a","","1013","",""
"1013","1013","5800972567301988","default","2026-01-08 14:22:11","","2026-01-08 14:22:26","15","0","NORMAL_CLEARING","39fbad6e-19ca-49e3-a89f-ebe7d7bd033e","","1013","",""
"1013","1013","5800421552302622","default","2026-01-08 14:22:11","","2026-01-08 14:22:26","15","0","NORMAL_CLEARING","585a8e14-d965-4904-a72e-d4806b48b77b","","1013","",""
"1013","1013","5800972567301988","default","2026-01-08 14:22:18","","2026-01-08 14:22:32","14","0","NORMAL_CLEARING","a6d32ff8-17a3-465d-99b8-8587092b72be","","1013","",""
"1013","1013","5800421552302622","default","2026-01-08 14:22:18","","2026-01-08 14:22:32","14","0","NORMAL_CLEARING","f77cc06c-382f-465e-9b94-9ca1f0841cda","","1013","",""
"1013","1013","6300972567301988","default","2026-01-08 14:22:27","","2026-01-08 14:22:40","13","0","NORMAL_CLEARING","b8c0fddd-575d-4af6-852d-9ff7fc194200","","1013","",""
"1013","1013","6300421552302622","default","2026-01-08 14:22:27","","2026-01-08 14:22:41","14","0","NORMAL_CLEARING","18f8d8c7-fdce-4a2a-b904-4f20917e552d","","1013","",""
"1013","1013","6300972567301988","default","2026-01-08 14:22:29","","2026-01-08 14:22:42","13","0","NORMAL_CLEARING","1a777b75-d7d5-4bee-b764-21ef17a9d028","","1013","",""
"1013","1013","6300421552302622","default","2026-01-08 14:22:29","","2026-01-08 14:22:42","13","0","NORMAL_CLEARING","d53ebd80-530b-4a8f-be89-b5cb6b9f7e28","","1013","",""
"1013","1013","6300972567301988","default","2026-01-08 14:22:29","","2026-01-08 14:22:42","13","0","NORMAL_CLEARING","95196a5e-fc98-4c87-9551-3c2b318417c3","","1013","",""
"1013","1013","6300421552302622","default","2026-01-08 14:22:29","","2026-01-08 14:22:43","14","0","NORMAL_CLEARING","5871fb48-6df8-4a85-820d-637bd37479e6","","1013","",""
"1013","1013","6300421552302622","default","2026-01-08 14:22:34","","2026-01-08 14:22:48","14","0","NORMAL_CLEARING","01640868-79b4-449c-9748-67fc1516749a","","1013","",""
"1013","1013","6300972567301988","default","2026-01-08 14:22:34","","2026-01-08 14:22:48","14","0","NORMAL_CLEARING","08b23de0-5926-480b-9f58-26e8d5f503bc","","1013","",""
"1013","1013","6300972567301988","default","2026-01-08 14:22:41","","2026-01-08 14:22:55","14","0","NORMAL_CLEARING","d0eace0d-bc5a-4d80-a7b9-dd099a49e5fb","","1013","",""
"1013","1013","6300421552302622","default","2026-01-08 14:22:41","","2026-01-08 14:22:55","14","0","NORMAL_CLEARING","0350f433-98f3-4834-aa44-20eedaabb42c","","1013","",""
"1013","1013","6400421552302622","default","2026-01-08 14:22:49","","2026-01-08 14:23:02","13","0","NORMAL_CLEARING","665b53f1-cc5c-4b59-ba9c-1a73ac96e6bb","","1013","",""
"1013","1013","6400972567301988","default","2026-01-08 14:22:49","","2026-01-08 14:23:02","13","0","NORMAL_CLEARING","e196b2f7-50cd-46df-b969-60b32e0bd7f1","","1013","",""
"1013","1013","6400972567301988","default","2026-01-08 14:22:51","","2026-01-08 14:23:03","12","0","NORMAL_CLEARING","3e82b5e1-8066-4aa6-a215-15c7333fa001","","1013","",""
"1013","1013","6400421552302622","default","2026-01-08 14:22:51","","2026-01-08 14:23:03","12","0","NORMAL_CLEARING","b7e479c4-9e3d-44a8-962b-b9a1f7605a8f","","1013","",""
"1013","1013","6400972567301988","default","2026-01-08 14:22:52","","2026-01-08 14:23:04","12","0","NORMAL_CLEARING","82e91f92-ef82-469e-ba64-2543eb16c65f","","1013","",""
"1013","1013","6400421552302622","default","2026-01-08 14:22:52","","2026-01-08 14:23:04","12","0","NORMAL_CLEARING","cc082a64-2e4f-4e7a-a6bb-c262b2c2f671","","1013","",""
"1013","1013","6400421552302622","default","2026-01-08 14:22:56","","2026-01-08 14:23:09","13","0","NORMAL_CLEARING","8c884a30-fcc4-4eeb-a909-4ce76908f519","","1013","",""
"1013","1013","6400972567301988","default","2026-01-08 14:22:56","","2026-01-08 14:23:09","13","0","NORMAL_CLEARING","7a46ce75-017a-4ca0-88a1-a70c4a96648c","","1013","",""
"1013","1013","6400972567301988","default","2026-01-08 14:23:03","","2026-01-08 14:23:17","14","0","NORMAL_CLEARING","2a8eef0f-6c02-4edb-859b-a358e18ed8fd","","1013","",""
"1013","1013","6400421552302622","default","2026-01-08 14:23:03","","2026-01-08 14:23:17","14","0","NORMAL_CLEARING","904abb5e-3a14-423b-9cf7-369c89b91147","","1013","",""
"1013","1013","6700972567301988","default","2026-01-08 14:23:12","","2026-01-08 14:23:26","14","0","NORMAL_CLEARING","4b0aec31-2444-4948-8f46-f1ee8320a0a4","","1013","",""
"1013","1013","6700421552302622","default","2026-01-08 14:23:12","","2026-01-08 14:23:26","14","0","NORMAL_CLEARING","c2768ef6-179f-41f2-86a1-3cfb129107cf","","1013","",""
"1013","1013","6700421552302622","default","2026-01-08 14:23:13","","2026-01-08 14:23:28","15","0","NORMAL_CLEARING","f65893a5-19c1-4f1e-8895-e033da0330bd","","1013","",""
"1013","1013","6700972567301988","default","2026-01-08 14:23:13","","2026-01-08 14:23:28","15","0","NORMAL_CLEARING","fb23d3f4-b388-4f17-bfeb-a7edb5ad819d","","1013","",""
"1013","1013","6700972567301988","default","2026-01-08 14:23:14","","2026-01-08 14:23:29","15","0","NORMAL_CLEARING","b50714b5-42f0-4f7f-8491-d3640314cb89","","1013","",""
"1013","1013","6700421552302622","default","2026-01-08 14:23:14","","2026-01-08 14:23:29","15","0","NORMAL_CLEARING","031ad7b1-b262-4e63-a414-bdacd8bfadd8","","1013","",""
"1013","1013","6700972567301988","default","2026-01-08 14:23:18","","2026-01-08 14:23:33","15","0","NORMAL_CLEARING","89c64140-3eea-45eb-b114-01d454c933ca","","1013","",""
"1013","1013","6700421552302622","default","2026-01-08 14:23:18","","2026-01-08 14:23:33","15","0","NORMAL_CLEARING","c0a8f97b-36a2-4e0b-a768-a182359dc65a","","1013","",""
"1013","1013","6700421552302622","default","2026-01-08 14:23:25","","2026-01-08 14:23:40","15","0","NORMAL_CLEARING","82d96399-0129-4ee0-8629-efab282a129b","","1013","",""
"1013","1013","6700972567301988","default","2026-01-08 14:23:25","","2026-01-08 14:23:40","15","0","NORMAL_CLEARING","9ca07d94-c249-4afb-8ed3-cceefc350774","","1013","",""
"1013","1013","6900421552302622","default","2026-01-08 14:23:34","","2026-01-08 14:23:49","15","0","NORMAL_CLEARING","7e032d85-6a1e-4f85-99e7-7ed5858cf59a","","1013","",""
"1013","1013","6900972567301988","default","2026-01-08 14:23:34","","2026-01-08 14:23:50","16","0","NORMAL_CLEARING","ab892ea7-4414-4b76-9fc6-7d4368d1e827","","1013","",""
"1013","1013","6900421552302622","default","2026-01-08 14:23:35","","2026-01-08 14:23:51","16","0","NORMAL_CLEARING","bda0c1ab-de29-409a-8e3f-d775efa29f95","","1013","",""
"1013","1013","6900972567301988","default","2026-01-08 14:23:35","","2026-01-08 14:23:52","17","0","NORMAL_CLEARING","8f77873a-9451-44a8-878a-2ffe1ccd5356","","1013","",""
"1013","1013","6900421552302622","default","2026-01-08 14:23:36","","2026-01-08 14:23:52","16","0","NORMAL_CLEARING","c2d7604d-9a56-494b-97fd-92c71e161824","","1013","",""
"1013","1013","6900972567301988","default","2026-01-08 14:23:36","","2026-01-08 14:23:52","16","0","NORMAL_CLEARING","5d6fecc1-1fb8-405b-b83c-ad668bd18bf1","","1013","",""
"1013","1013","6900421552302622","default","2026-01-08 14:23:40","","2026-01-08 14:23:57","17","0","NORMAL_CLEARING","eba9b2d4-647e-43b0-b0d6-3aaf1a6cb986","","1013","",""
"1013","1013","6900972567301988","default","2026-01-08 14:23:40","","2026-01-08 14:23:57","17","0","NORMAL_CLEARING","ab0baf57-4e2a-4268-b6fc-24b76daffcb6","","1013","",""
"1013","1013","6900421552302622","default","2026-01-08 14:23:48","","2026-01-08 14:24:04","16","0","NORMAL_CLEARING","f82969ff-9a9e-4bb9-91e1-3ddee65fb207","","1013","",""
"1013","1013","6900972567301988","default","2026-01-08 14:23:48","","2026-01-08 14:24:04","16","0","NORMAL_CLEARING","2bdf3337-2118-4db7-890d-f64246fc2d83","","1013","",""
"1013","1013","0810972567301988","default","2026-01-08 14:23:56","","2026-01-08 14:24:12","16","0","NORMAL_CLEARING","d4f621aa-7d99-4b95-b214-eb5b92791555","","1013","",""
"1013","1013","0810421552302622","default","2026-01-08 14:23:56","","2026-01-08 14:24:12","16","0","NORMAL_CLEARING","d4b54398-41b5-4a7e-a865-f2591b3eff00","","1013","",""
"1013","1013","0810421552302622","default","2026-01-08 14:23:58","","2026-01-08 14:24:13","15","0","NORMAL_CLEARING","9d0551a0-45f0-47d8-a60c-122381b79d2e","","1013","",""
"1013","1013","0810972567301988","default","2026-01-08 14:23:58","","2026-01-08 14:24:13","15","0","NORMAL_CLEARING","9e42aba4-9398-4d73-afb8-1e614ecc36a0","","1013","",""
"1013","1013","0810421552302622","default","2026-01-08 14:23:58","","2026-01-08 14:24:14","16","0","NORMAL_CLEARING","c7980f36-45fb-4b7b-92ac-3ef4daf41a90","","1013","",""
"1013","1013","0810972567301988","default","2026-01-08 14:23:58","","2026-01-08 14:24:14","16","0","NORMAL_CLEARING","6204cf26-4d26-493d-9f07-7f35390a7850","","1013","",""
"1013","1013","0810972567301988","default","2026-01-08 14:24:03","","2026-01-08 14:24:18","15","0","NORMAL_CLEARING","39dc3425-af52-4b77-ad4d-c799b659675b","","1013","",""
"1013","1013","0810421552302622","default","2026-01-08 14:24:03","","2026-01-08 14:24:18","15","0","NORMAL_CLEARING","d11210ce-44f5-4de1-bb90-90580076c442","","1013","",""
"1013","1013","0810421552302622","default","2026-01-08 14:24:10","","2026-01-08 14:24:26","16","0","NORMAL_CLEARING","0eca0878-1f10-42a8-b84e-1f2a630f0c2c","","1013","",""
"1013","1013","0810972567301988","default","2026-01-08 14:24:10","","2026-01-08 14:24:26","16","0","NORMAL_CLEARING","595c1946-2bdd-4594-968e-6b0daf036402","","1013","",""
"1013","1013","009810972567301988","default","2026-01-08 14:24:18","","2026-01-08 14:24:35","17","0","NORMAL_CLEARING","239e7d1f-c737-4755-b479-23e9d09db6e3","","1013","",""
"1013","1013","009810421552302622","default","2026-01-08 14:24:18","","2026-01-08 14:24:35","17","0","NORMAL_CLEARING","fb11ddab-d94d-4de5-9f95-35309b18dcc8","","1013","",""
"1013","1013","009810972567301988","default","2026-01-08 14:24:20","","2026-01-08 14:24:36","16","0","NORMAL_CLEARING","899002e1-810b-411a-89a3-b58c71284012","","1013","",""
"1013","1013","009810421552302622","default","2026-01-08 14:24:20","","2026-01-08 14:24:36","16","0","NORMAL_CLEARING","13f9c545-f9bd-4aac-8b28-8d1d3b8ec255","","1013","",""
"1013","1013","009810421552302622","default","2026-01-08 14:24:21","","2026-01-08 14:24:37","16","0","NORMAL_CLEARING","b9ca7972-62ff-45a3-a2b7-d12c498f7a80","","1013","",""
"1013","1013","009810972567301988","default","2026-01-08 14:24:21","","2026-01-08 14:24:37","16","0","NORMAL_CLEARING","eced8ff7-07c7-402d-af5c-d3b3f2a692aa","","1013","",""
"1013","1013","009810972567301988","default","2026-01-08 14:24:25","","2026-01-08 14:24:40","15","0","NORMAL_CLEARING","277b1f95-901c-457d-a2d0-4e8afe78d1fe","","1013","",""
"1013","1013","009810421552302622","default","2026-01-08 14:24:25","","2026-01-08 14:24:41","16","0","NORMAL_CLEARING","c9591989-3213-4f3b-806a-fb1bb9e6f750","","1013","",""
"1013","1013","009810421552302622","default","2026-01-08 14:24:32","","2026-01-08 14:24:46","14","0","NORMAL_CLEARING","746e7e41-9276-40b9-982e-65a8e7ddcdc7","","1013","",""
"1013","1013","009810972567301988","default","2026-01-08 14:24:32","","2026-01-08 14:24:46","14","0","NORMAL_CLEARING","071d0ba2-6412-4c2c-a998-f158c09dfb7c","","1013","",""
"1013","1013","1012972567301988","default","2026-01-08 14:24:41","","2026-01-08 14:24:54","13","0","NORMAL_CLEARING","87f8f097-751e-45fa-a481-aa4165ffb536","","1013","",""
"1013","1013","1012421552302622","default","2026-01-08 14:24:41","","2026-01-08 14:24:54","13","0","NORMAL_CLEARING","840b98d7-99c9-4f47-84ad-23ea1a05b7d9","","1013","",""
"1013","1013","1012972567301988","default","2026-01-08 14:24:42","","2026-01-08 14:24:55","13","0","NORMAL_CLEARING","9ad3e006-2b32-42ea-b01e-383d66f34ad8","","1013","",""
"1013","1013","1012421552302622","default","2026-01-08 14:24:42","","2026-01-08 14:24:55","13","0","NORMAL_CLEARING","8909ce41-0f3e-4a1e-9e4c-1a46a91e9c70","","1013","",""
"1013","1013","1012421552302622","default","2026-01-08 14:24:43","","2026-01-08 14:24:56","13","0","NORMAL_CLEARING","090ef61c-1dc0-4450-b39d-b42c32f56b48","","1013","",""
"1013","1013","1012972567301988","default","2026-01-08 14:24:43","","2026-01-08 14:24:56","13","0","NORMAL_CLEARING","d237fc58-38db-4c90-81d0-282b0904f6b4","","1013","",""
"1013","1013","1012972567301988","default","2026-01-08 14:24:54","","2026-01-08 14:25:08","14","0","NORMAL_CLEARING","ad19636e-b5d9-4a1d-a4a1-ebf56c0e1a74","","1013","",""
"1013","1013","1012421552302622","default","2026-01-08 14:24:54","","2026-01-08 14:25:08","14","0","NORMAL_CLEARING","83d12de5-03b9-4da4-8722-bd324b2187d7","","1013","",""
"1013","1013","330421552302622","default","2026-01-08 14:25:03","","2026-01-08 14:25:17","14","0","NORMAL_CLEARING","21def62c-f039-4d30-a6c6-ea4ec8b49314","","1013","",""
"1013","1013","330972567301988","default","2026-01-08 14:25:03","","2026-01-08 14:25:17","14","0","NORMAL_CLEARING","f84b1dd6-6acb-443c-a558-588cdf2d7ec5","","1013","",""
"1013","1013","330972567301988","default","2026-01-08 14:25:05","","2026-01-08 14:25:19","14","0","NORMAL_CLEARING","bb1fb5bc-4a5a-45e3-87f8-0dc2df21e901","","1013","",""
"1013","1013","330421552302622","default","2026-01-08 14:25:05","","2026-01-08 14:25:19","14","0","NORMAL_CLEARING","a49f1026-6fb5-422e-9b1f-af92a99f5079","","1013","",""
"1013","1013","330421552302622","default","2026-01-08 14:25:05","","2026-01-08 14:25:19","14","0","NORMAL_CLEARING","9904f252-186b-426f-8430-1ad6ee9f7eb5","","1013","",""
"1013","1013","330972567301988","default","2026-01-08 14:25:05","","2026-01-08 14:25:19","14","0","NORMAL_CLEARING","c7ece9c2-1f82-4834-be8a-d6ae48c0a108","","1013","",""
"1013","1013","330972567301988","default","2026-01-08 14:25:09","","2026-01-08 14:25:22","13","0","NORMAL_CLEARING","d2c57664-3ea7-4e6b-a348-79dfc6badeb6","","1013","",""
"1013","1013","330421552302622","default","2026-01-08 14:25:09","","2026-01-08 14:25:23","14","0","NORMAL_CLEARING","f7349b64-04f7-43ab-8619-19d0b0e09da0","","1013","",""
"1013","1013","330972567301988","default","2026-01-08 14:25:18","","2026-01-08 14:25:31","13","0","NORMAL_CLEARING","b325834d-b2e2-433b-a6a0-54850cedc564","","1013","",""
"1013","1013","330421552302622","default","2026-01-08 14:25:18","","2026-01-08 14:25:32","14","0","NORMAL_CLEARING","5ad17fec-5654-4432-9b6e-9c79fb5223a1","","1013","",""
"1013","1013","9017421552302622","default","2026-01-08 14:25:25","","2026-01-08 14:25:39","14","0","NORMAL_CLEARING","5460a0f6-900c-4a86-8fd6-257506f8976c","","1013","",""
"1013","1013","9017972567301988","default","2026-01-08 14:25:25","","2026-01-08 14:25:39","14","0","NORMAL_CLEARING","4e7af2f9-fd19-4292-b94e-f42db73dd52a","","1013","",""
"1013","1013","9017421552302622","default","2026-01-08 14:25:28","","2026-01-08 14:25:41","13","0","NORMAL_CLEARING","bdd9045b-161d-4e5b-bc9b-42e32b76f716","","1013","",""
"1013","1013","9017972567301988","default","2026-01-08 14:25:28","","2026-01-08 14:25:41","13","0","NORMAL_CLEARING","d65bc557-973a-42e8-a86f-8be06da15093","","1013","",""
"1013","1013","9017972567301988","default","2026-01-08 14:25:28","","2026-01-08 14:25:41","13","0","NORMAL_CLEARING","bab5eef7-1dd6-430f-b19c-6699bfd9ea40","","1013","",""
"1013","1013","9017421552302622","default","2026-01-08 14:25:28","","2026-01-08 14:25:42","14","0","NORMAL_CLEARING","e084ab41-a704-4804-8960-a4f669cc853b","","1013","",""
"1013","1013","9017972567301988","default","2026-01-08 14:25:31","","2026-01-08 14:25:46","15","0","NORMAL_CLEARING","9376c821-e556-44df-8e3b-09b5192e7e61","","1013","",""
"1013","1013","9017421552302622","default","2026-01-08 14:25:31","","2026-01-08 14:25:46","15","0","NORMAL_CLEARING","13d29e61-634e-4984-9a40-90eb58c66038","","1013","",""
"1013","1013","9017972567301988","default","2026-01-08 14:25:40","","2026-01-08 14:25:55","15","0","NORMAL_CLEARING","d4764f10-b9e8-4318-8adb-7ca8271b6cef","","1013","",""
"1013","1013","9017421552302622","default","2026-01-08 14:25:40","","2026-01-08 14:25:55","15","0","NORMAL_CLEARING","9a225aab-bb7a-4ea7-8999-831dd51bdd90","","1013","",""
"1013","1013","9018421552302622","default","2026-01-08 14:25:48","","2026-01-08 14:26:03","15","0","NORMAL_CLEARING","565d1434-46b1-4cd1-bee0-c86cd12adb3d","","1013","",""
"1013","1013","9018972567301988","default","2026-01-08 14:25:48","","2026-01-08 14:26:04","16","0","NORMAL_CLEARING","27278c69-3cd8-44d4-9c3a-922fa8023ea1","","1013","",""
"1013","1013","9018421552302622","default","2026-01-08 14:25:50","","2026-01-08 14:26:05","15","0","NORMAL_CLEARING","bfafd8a4-a3f9-44e7-8375-f965e22c893a","","1013","",""
"1013","1013","9018972567301988","default","2026-01-08 14:25:50","","2026-01-08 14:26:05","15","0","NORMAL_CLEARING","d467ef9e-b5a6-4d8a-a177-24f4a9eace54","","1013","",""
"1013","1013","9018421552302622","default","2026-01-08 14:25:50","","2026-01-08 14:26:05","15","0","NORMAL_CLEARING","42e94a26-4992-4c51-8702-06064886a0ec","","1013","",""
"1013","1013","9018972567301988","default","2026-01-08 14:25:50","","2026-01-08 14:26:05","15","0","NORMAL_CLEARING","9c9c7d3f-b234-41bb-aad1-a9a97abbd77a","","1013","",""
"1013","1013","9018972567301988","default","2026-01-08 14:25:54","","2026-01-08 14:26:09","15","0","NORMAL_CLEARING","8172eee6-9b4e-45b3-abab-ca52517f4c31","","1013","",""
"1013","1013","9018421552302622","default","2026-01-08 14:25:54","","2026-01-08 14:26:09","15","0","NORMAL_CLEARING","6046524e-cc0b-47ef-93d9-af99687f55f4","","1013","",""
"1013","1013","9018972567301988","default","2026-01-08 14:26:03","","2026-01-08 14:26:16","13","0","NORMAL_CLEARING","32aa960a-64d6-4668-96b2-8cd3c25ec610","","1013","",""
"1013","1013","9018421552302622","default","2026-01-08 14:26:03","","2026-01-08 14:26:16","13","0","NORMAL_CLEARING","47120766-bbf7-4826-b460-52399a5dc015","","1013","",""
"1013","1013","20421552302622","default","2026-01-08 14:26:10","","2026-01-08 14:26:23","13","0","NORMAL_CLEARING","b8d06824-3e20-4abf-b84e-6038aebb5666","","1013","",""
"1013","1013","20972567301988","default","2026-01-08 14:26:10","","2026-01-08 14:26:23","13","0","NORMAL_CLEARING","6e3fc14e-0186-465c-b0e5-da3a98bf5498","","1013","",""
"1013","1013","20421552302622","default","2026-01-08 14:26:12","","2026-01-08 14:26:25","13","0","NORMAL_CLEARING","cb40254b-c8d9-4dc6-aad8-8c43d27cbcab","","1013","",""
"1013","1013","20421552302622","default","2026-01-08 14:26:12","","2026-01-08 14:26:25","13","0","NORMAL_CLEARING","0982dfef-91e0-4a45-ab9d-e9a4c9020a90","","1013","",""
"1013","1013","20972567301988","default","2026-01-08 14:26:12","","2026-01-08 14:26:25","13","0","NORMAL_CLEARING","06c4d187-7777-4739-9967-f038eabd39a5","","1013","",""
"1013","1013","20972567301988","default","2026-01-08 14:26:12","","2026-01-08 14:26:25","13","0","NORMAL_CLEARING","ab0d9314-b2b4-45ef-9639-88c3f96974c2","","1013","",""
"1013","1013","20421552302622","default","2026-01-08 14:26:16","","2026-01-08 14:26:29","13","0","NORMAL_CLEARING","921e063f-0929-4b0f-b9c0-a5fdfa34c9a1","","1013","",""
"1013","1013","20972567301988","default","2026-01-08 14:26:16","","2026-01-08 14:26:29","13","0","NORMAL_CLEARING","fa845602-6b9e-4ef8-949c-59878eb1dd7a","","1013","",""
"1013","1013","20972567301988","default","2026-01-08 14:26:25","","2026-01-08 14:26:39","14","0","NORMAL_CLEARING","96216235-f28c-43c1-9d9e-4159f8a1edb3","","1013","",""
"1013","1013","20421552302622","default","2026-01-08 14:26:25","","2026-01-08 14:26:39","14","0","NORMAL_CLEARING","95cecc90-e292-4fbc-93c3-3bfff0377607","","1013","",""
"1013","1013","30972567301988","default","2026-01-08 14:26:33","","2026-01-08 14:26:46","13","0","NORMAL_CLEARING","cdeb8fc7-14d3-4350-abb1-123fb5107058","","1013","",""
"1013","1013","30421552302622","default","2026-01-08 14:26:33","","2026-01-08 14:26:47","14","0","NORMAL_CLEARING","d7776e2b-9335-4be6-a29d-a99b7b411a7a","","1013","",""
"1013","1013","30972567301988","default","2026-01-08 14:26:34","","2026-01-08 14:26:48","14","0","NORMAL_CLEARING","667f94a5-a8f6-40e7-a924-78cc3ab2c935","","1013","",""
"1013","1013","30421552302622","default","2026-01-08 14:26:34","","2026-01-08 14:26:48","14","0","NORMAL_CLEARING","204d40dd-8d9c-4493-b960-096cd87327d4","","1013","",""
"1013","1013","30972567301988","default","2026-01-08 14:26:34","","2026-01-08 14:26:48","14","0","NORMAL_CLEARING","e0bc6b78-393a-4a6e-847d-41b8e0e7c5cb","","1013","",""
"1013","1013","30421552302622","default","2026-01-08 14:26:34","","2026-01-08 14:26:48","14","0","NORMAL_CLEARING","97ec66ec-dfb7-482f-addf-8bd97a5c9acf","","1013","",""
"1013","1013","30421552302622","default","2026-01-08 14:26:38","","2026-01-08 14:26:52","14","0","NORMAL_CLEARING","270e7f73-169b-4e85-995f-87d233c63753","","1013","",""
"1013","1013","30972567301988","default","2026-01-08 14:26:38","","2026-01-08 14:26:52","14","0","NORMAL_CLEARING","d6eb2023-3ad8-4dcd-a790-a7b02963f331","","1013","",""
"1013","1013","30972567301988","default","2026-01-08 14:26:47","","2026-01-08 14:27:00","13","0","NORMAL_CLEARING","5be8abdf-5b70-4783-a829-f1a2e14a2e33","","1013","",""
"1013","1013","30421552302622","default","2026-01-08 14:26:47","","2026-01-08 14:27:00","13","0","NORMAL_CLEARING","083a0909-cd42-4ab6-9ea1-ad3f23d51c50","","1013","",""
"1013","1013","50421552302622","default","2026-01-08 14:26:55","","2026-01-08 14:27:07","12","0","NORMAL_CLEARING","69ceecf8-23ac-4156-8973-f921db1e3558","","1013","",""
"1013","1013","50972567301988","default","2026-01-08 14:26:55","","2026-01-08 14:27:07","12","0","NORMAL_CLEARING","d7476648-9671-44ef-8375-56d8f5349526","","1013","",""
"1013","1013","50421552302622","default","2026-01-08 14:26:57","","2026-01-08 14:27:09","12","0","NORMAL_CLEARING","6666950e-8ebc-403e-8eb7-416648e1e892","","1013","",""
"1013","1013","50972567301988","default","2026-01-08 14:26:57","","2026-01-08 14:27:09","12","0","NORMAL_CLEARING","d47af2a9-9f0a-4d98-bc48-5fd4fd4876ce","","1013","",""
"1013","1013","50972567301988","default","2026-01-08 14:26:57","","2026-01-08 14:27:09","12","0","NORMAL_CLEARING","ba2d78ea-db0a-4e41-9296-ae7127ebffb3","","1013","",""
"1013","1013","50421552302622","default","2026-01-08 14:26:57","","2026-01-08 14:27:09","12","0","NORMAL_CLEARING","b1b4599c-da31-4f32-8d5b-872e6968a9c9","","1013","",""
"1013","1013","50972567301988","default","2026-01-08 14:27:01","","2026-01-08 14:27:13","12","0","NORMAL_CLEARING","c89780a8-53e5-42b8-bc78-9b6e711fb814","","1013","",""
"1013","1013","50421552302622","default","2026-01-08 14:27:01","","2026-01-08 14:27:13","12","0","NORMAL_CLEARING","71d11a9d-9193-4214-8f98-f3cd40a05a84","","1013","",""
"1013","1013","50972567301988","default","2026-01-08 14:27:09","","2026-01-08 14:27:23","14","0","NORMAL_CLEARING","ec6b4876-5bf9-40ce-90ee-38db3060a8f5","","1013","",""
"1013","1013","50421552302622","default","2026-01-08 14:27:09","","2026-01-08 14:27:23","14","0","NORMAL_CLEARING","09adc4dc-0108-47a7-9dbf-531c093320a0","","1013","",""
"1013","1013","60972567301988","default","2026-01-08 14:27:17","","2026-01-08 14:27:32","15","0","NORMAL_CLEARING","30cd64ce-f5c6-437c-8c84-92c33519cf0b","","1013","",""
"1013","1013","60421552302622","default","2026-01-08 14:27:17","","2026-01-08 14:27:33","16","0","NORMAL_CLEARING","f98f25c8-84c3-4d10-a555-939753a274f1","","1013","",""
"1013","1013","60972567301988","default","2026-01-08 14:27:19","","2026-01-08 14:27:34","15","0","NORMAL_CLEARING","44033350-aa6d-4bf1-aa56-bafe23fe7d4f","","1013","",""
"1013","1013","60421552302622","default","2026-01-08 14:27:19","","2026-01-08 14:27:35","16","0","NORMAL_CLEARING","df64cebd-7ab8-48c7-a12c-2b47f1bf44c8","","1013","",""
"1013","1013","60972567301988","default","2026-01-08 14:27:19","","2026-01-08 14:27:35","16","0","NORMAL_CLEARING","1e00aa6e-1fb5-4590-87bb-55417eb253de","","1013","",""
"1013","1013","60421552302622","default","2026-01-08 14:27:19","","2026-01-08 14:27:35","16","0","NORMAL_CLEARING","27ac28e1-492d-4b06-9b18-4c5b40ea5b3e","","1013","",""
"1013","1013","60972567301988","default","2026-01-08 14:27:23","","2026-01-08 14:27:37","14","0","MANAGER_REQUEST","23e957f1-d853-40e9-b233-1c49a624c496","","1013","",""
"1013","1013","60421552302622","default","2026-01-08 14:27:31","","2026-01-08 14:27:38","7","0","MANAGER_REQUEST","6d220036-b47e-4cd2-a756-3a48c97e36a9","","1013","",""
"1013","1013","60421552302622","default","2026-01-08 14:27:23","","2026-01-08 14:27:38","15","0","MANAGER_REQUEST","225071d0-bce4-4e15-b2ca-4c9ff277a59c","","1013","",""
"1013","1013","60972567301988","default","2026-01-08 14:27:31","","2026-01-08 14:27:38","7","0","MANAGER_REQUEST","d7ee84cd-3174-4d60-98a2-5334b2e1a6a4","","1013","",""
